<?xml version="1.0" encoding="UTF-8"?>
<gpx version="1.1" creator="Wind Cycling" xmlns="http://www.topografix.com/GPX/1/1">
 <trk>
  <name>Cacilhas-Costa Caparica</name>
  <trkseg>
   <trkpt lat="38.73647" lon="-9.13758"><ele>74.4</ele></trkpt>
   <trkpt lat="38.73622" lon="-9.13746"><ele>99.6</ele></trkpt>
   <trkpt lat="38.73595" lon="-9.13760"><ele>100.4</ele></trkpt>
   <trkpt lat="38.73569" lon="-9.13791"><ele>102.6</ele></trkpt>
   <trkpt lat="38.73564" lon="-9.13800"><ele>103.0</ele></trkpt>
   <trkpt lat="38.73549" lon="-9.13839"><ele>104.8</ele></trkpt>
   <trkpt lat="38.73546" lon="-9.13846"><ele>105.4</ele></trkpt>
   <trkpt lat="38.73536" lon="-9.13887"><ele>106.6</ele></trkpt>
   <trkpt lat="38.73533" lon="-9.13929"><ele>106.8</ele></trkpt>
   <trkpt lat="38.73532" lon="-9.13970"><ele>106.2</ele></trkpt>
   <trkpt lat="38.73532" lon="-9.14014"><ele>105.6</ele></trkpt>
   <trkpt lat="38.73532" lon="-9.14051"><ele>105.0</ele></trkpt>
   <trkpt lat="38.73530" lon="-9.14096"><ele>102.2</ele></trkpt>
   <trkpt lat="38.73528" lon="-9.14129"><ele>101.4</ele></trkpt>
   <trkpt lat="38.73529" lon="-9.14172"><ele>100.6</ele></trkpt>
   <trkpt lat="38.73530" lon="-9.14175"><ele>100.4</ele></trkpt>
   <trkpt lat="38.73524" lon="-9.14211"><ele>100.4</ele></trkpt>
   <trkpt lat="38.73525" lon="-9.14254"><ele>100.8</ele></trkpt>
   <trkpt lat="38.73523" lon="-9.14299"><ele>100.6</ele></trkpt>
   <trkpt lat="38.73523" lon="-9.14323"><ele>100.4</ele></trkpt>
   <trkpt lat="38.73520" lon="-9.14365"><ele>100.6</ele></trkpt>
   <trkpt lat="38.73518" lon="-9.14410"><ele>99.8</ele></trkpt>
   <trkpt lat="38.73515" lon="-9.14453"><ele>99.4</ele></trkpt>
   <trkpt lat="38.73513" lon="-9.14485"><ele>99.4</ele></trkpt>
   <trkpt lat="38.73496" lon="-9.14490"><ele>99.2</ele></trkpt>
   <trkpt lat="38.73463" lon="-9.14479"><ele>99.6</ele></trkpt>
   <trkpt lat="38.73428" lon="-9.14472"><ele>100.4</ele></trkpt>
   <trkpt lat="38.73426" lon="-9.14471"><ele>100.4</ele></trkpt>
   <trkpt lat="38.73416" lon="-9.14512"><ele>100.0</ele></trkpt>
   <trkpt lat="38.73414" lon="-9.14517"><ele>100.0</ele></trkpt>
   <trkpt lat="38.73395" lon="-9.14538"><ele>100.0</ele></trkpt>
   <trkpt lat="38.73368" lon="-9.14545"><ele>100.0</ele></trkpt>
   <trkpt lat="38.73338" lon="-9.14528"><ele>100.2</ele></trkpt>
   <trkpt lat="38.73333" lon="-9.14524"><ele>100.2</ele></trkpt>
   <trkpt lat="38.73329" lon="-9.14526"><ele>100.2</ele></trkpt>
   <trkpt lat="38.73301" lon="-9.14543"><ele>100.0</ele></trkpt>
   <trkpt lat="38.73273" lon="-9.14560"><ele>100.0</ele></trkpt>
   <trkpt lat="38.73242" lon="-9.14578"><ele>99.2</ele></trkpt>
   <trkpt lat="38.73228" lon="-9.14586"><ele>98.8</ele></trkpt>
   <trkpt lat="38.73211" lon="-9.14601"><ele>98.2</ele></trkpt>
   <trkpt lat="38.73179" lon="-9.14613"><ele>96.8</ele></trkpt>
   <trkpt lat="38.73162" lon="-9.14625"><ele>95.2</ele></trkpt>
   <trkpt lat="38.73150" lon="-9.14644"><ele>95.0</ele></trkpt>
   <trkpt lat="38.73119" lon="-9.14663"><ele>94.4</ele></trkpt>
   <trkpt lat="38.73098" lon="-9.14678"><ele>93.2</ele></trkpt>
   <trkpt lat="38.73064" lon="-9.14691"><ele>91.0</ele></trkpt>
   <trkpt lat="38.73058" lon="-9.14693"><ele>91.0</ele></trkpt>
   <trkpt lat="38.73027" lon="-9.14711"><ele>90.8</ele></trkpt>
   <trkpt lat="38.73008" lon="-9.14721"><ele>90.8</ele></trkpt>
   <trkpt lat="38.72981" lon="-9.14738"><ele>90.0</ele></trkpt>
   <trkpt lat="38.72951" lon="-9.14757"><ele>89.2</ele></trkpt>
   <trkpt lat="38.72920" lon="-9.14775"><ele>87.6</ele></trkpt>
   <trkpt lat="38.72894" lon="-9.14792"><ele>87.0</ele></trkpt>
   <trkpt lat="38.72863" lon="-9.14812"><ele>85.6</ele></trkpt>
   <trkpt lat="38.72834" lon="-9.14826"><ele>83.8</ele></trkpt>
   <trkpt lat="38.72814" lon="-9.14838"><ele>83.2</ele></trkpt>
   <trkpt lat="38.72786" lon="-9.14861"><ele>83.2</ele></trkpt>
   <trkpt lat="38.72759" lon="-9.14881"><ele>82.6</ele></trkpt>
   <trkpt lat="38.72752" lon="-9.14885"><ele>82.4</ele></trkpt>
   <trkpt lat="38.72728" lon="-9.14909"><ele>81.8</ele></trkpt>
   <trkpt lat="38.72722" lon="-9.14914"><ele>81.4</ele></trkpt>
   <trkpt lat="38.72693" lon="-9.14933"><ele>80.4</ele></trkpt>
   <trkpt lat="38.72663" lon="-9.14952"><ele>79.2</ele></trkpt>
   <trkpt lat="38.72649" lon="-9.14960"><ele>79.0</ele></trkpt>
   <trkpt lat="38.72624" lon="-9.14983"><ele>78.2</ele></trkpt>
   <trkpt lat="38.72616" lon="-9.14997"><ele>77.0</ele></trkpt>
   <trkpt lat="38.72595" lon="-9.15001"><ele>76.2</ele></trkpt>
   <trkpt lat="38.72582" lon="-9.15039"><ele>76.0</ele></trkpt>
   <trkpt lat="38.72577" lon="-9.15051"><ele>75.8</ele></trkpt>
   <trkpt lat="38.72556" lon="-9.15077"><ele>75.4</ele></trkpt>
   <trkpt lat="38.72545" lon="-9.15094"><ele>74.8</ele></trkpt>
   <trkpt lat="38.72512" lon="-9.15091"><ele>74.6</ele></trkpt>
   <trkpt lat="38.72507" lon="-9.15079"><ele>74.4</ele></trkpt>
   <trkpt lat="38.72483" lon="-9.15058"><ele>74.2</ele></trkpt>
   <trkpt lat="38.72472" lon="-9.15040"><ele>74.0</ele></trkpt>
   <trkpt lat="38.72472" lon="-9.15003"><ele>73.0</ele></trkpt>
   <trkpt lat="38.72465" lon="-9.14969"><ele>72.6</ele></trkpt>
   <trkpt lat="38.72442" lon="-9.14945"><ele>71.6</ele></trkpt>
   <trkpt lat="38.72413" lon="-9.14918"><ele>71.6</ele></trkpt>
   <trkpt lat="38.72388" lon="-9.14896"><ele>71.0</ele></trkpt>
   <trkpt lat="38.72362" lon="-9.14871"><ele>70.4</ele></trkpt>
   <trkpt lat="38.72343" lon="-9.14852"><ele>69.4</ele></trkpt>
   <trkpt lat="38.72320" lon="-9.14831"><ele>68.2</ele></trkpt>
   <trkpt lat="38.72291" lon="-9.14806"><ele>66.6</ele></trkpt>
   <trkpt lat="38.72262" lon="-9.14779"><ele>64.8</ele></trkpt>
   <trkpt lat="38.72234" lon="-9.14755"><ele>62.2</ele></trkpt>
   <trkpt lat="38.72205" lon="-9.14732"><ele>60.0</ele></trkpt>
   <trkpt lat="38.72180" lon="-9.14708"><ele>57.6</ele></trkpt>
   <trkpt lat="38.72157" lon="-9.14687"><ele>57.4</ele></trkpt>
   <trkpt lat="38.72128" lon="-9.14662"><ele>56.6</ele></trkpt>
   <trkpt lat="38.72105" lon="-9.14641"><ele>56.0</ele></trkpt>
   <trkpt lat="38.72082" lon="-9.14619"><ele>55.4</ele></trkpt>
   <trkpt lat="38.72057" lon="-9.14597"><ele>54.6</ele></trkpt>
   <trkpt lat="38.72031" lon="-9.14576"><ele>53.8</ele></trkpt>
   <trkpt lat="38.72008" lon="-9.14555"><ele>52.4</ele></trkpt>
   <trkpt lat="38.71985" lon="-9.14534"><ele>51.8</ele></trkpt>
   <trkpt lat="38.71955" lon="-9.14509"><ele>49.6</ele></trkpt>
   <trkpt lat="38.71926" lon="-9.14483"><ele>48.2</ele></trkpt>
   <trkpt lat="38.71902" lon="-9.14461"><ele>46.8</ele></trkpt>
   <trkpt lat="38.71875" lon="-9.14438"><ele>46.0</ele></trkpt>
   <trkpt lat="38.71847" lon="-9.14411"><ele>44.8</ele></trkpt>
   <trkpt lat="38.71818" lon="-9.14390"><ele>43.0</ele></trkpt>
   <trkpt lat="38.71790" lon="-9.14368"><ele>41.6</ele></trkpt>
   <trkpt lat="38.71775" lon="-9.14356"><ele>40.8</ele></trkpt>
   <trkpt lat="38.71748" lon="-9.14333"><ele>39.8</ele></trkpt>
   <trkpt lat="38.71720" lon="-9.14306"><ele>38.6</ele></trkpt>
   <trkpt lat="38.71694" lon="-9.14283"><ele>38.0</ele></trkpt>
   <trkpt lat="38.71667" lon="-9.14260"><ele>37.4</ele></trkpt>
   <trkpt lat="38.71651" lon="-9.14245"><ele>37.2</ele></trkpt>
   <trkpt lat="38.71622" lon="-9.14229"><ele>36.8</ele></trkpt>
   <trkpt lat="38.71595" lon="-9.14214"><ele>36.4</ele></trkpt>
   <trkpt lat="38.71567" lon="-9.14190"><ele>36.0</ele></trkpt>
   <trkpt lat="38.71543" lon="-9.14169"><ele>35.2</ele></trkpt>
   <trkpt lat="38.71536" lon="-9.14163"><ele>35.0</ele></trkpt>
   <trkpt lat="38.71514" lon="-9.14129"><ele>34.6</ele></trkpt>
   <trkpt lat="38.71493" lon="-9.14100"><ele>34.2</ele></trkpt>
   <trkpt lat="38.71465" lon="-9.14075"><ele>33.6</ele></trkpt>
   <trkpt lat="38.71462" lon="-9.14072"><ele>33.2</ele></trkpt>
   <trkpt lat="38.71451" lon="-9.14031"><ele>30.8</ele></trkpt>
   <trkpt lat="38.71448" lon="-9.14022"><ele>30.4</ele></trkpt>
   <trkpt lat="38.71431" lon="-9.13997"><ele>30.2</ele></trkpt>
   <trkpt lat="38.71398" lon="-9.13982"><ele>30.0</ele></trkpt>
   <trkpt lat="38.71364" lon="-9.13970"><ele>29.8</ele></trkpt>
   <trkpt lat="38.71335" lon="-9.13956"><ele>29.8</ele></trkpt>
   <trkpt lat="38.71325" lon="-9.13952"><ele>29.8</ele></trkpt>
   <trkpt lat="38.71292" lon="-9.13945"><ele>28.6</ele></trkpt>
   <trkpt lat="38.71288" lon="-9.13944"><ele>28.4</ele></trkpt>
   <trkpt lat="38.71256" lon="-9.13930"><ele>28.6</ele></trkpt>
   <trkpt lat="38.71227" lon="-9.13920"><ele>28.4</ele></trkpt>
   <trkpt lat="38.71195" lon="-9.13906"><ele>28.2</ele></trkpt>
   <trkpt lat="38.71167" lon="-9.13897"><ele>28.2</ele></trkpt>
   <trkpt lat="38.71147" lon="-9.13891"><ele>28.2</ele></trkpt>
   <trkpt lat="38.71114" lon="-9.13874"><ele>28.0</ele></trkpt>
   <trkpt lat="38.71108" lon="-9.13871"><ele>28.0</ele></trkpt>
   <trkpt lat="38.71076" lon="-9.13861"><ele>27.4</ele></trkpt>
   <trkpt lat="38.71046" lon="-9.13852"><ele>26.8</ele></trkpt>
   <trkpt lat="38.71014" lon="-9.13840"><ele>26.6</ele></trkpt>
   <trkpt lat="38.70982" lon="-9.13826"><ele>26.0</ele></trkpt>
   <trkpt lat="38.70952" lon="-9.13814"><ele>25.4</ele></trkpt>
   <trkpt lat="38.70922" lon="-9.13802"><ele>24.6</ele></trkpt>
   <trkpt lat="38.70896" lon="-9.13790"><ele>24.4</ele></trkpt>
   <trkpt lat="38.70864" lon="-9.13779"><ele>24.0</ele></trkpt>
   <trkpt lat="38.70833" lon="-9.13767"><ele>24.0</ele></trkpt>
   <trkpt lat="38.70816" lon="-9.13763"><ele>23.6</ele></trkpt>
   <trkpt lat="38.70811" lon="-9.13767"><ele>23.6</ele></trkpt>
   <trkpt lat="38.70803" lon="-9.13809"><ele>23.4</ele></trkpt>
   <trkpt lat="38.70794" lon="-9.13853"><ele>23.6</ele></trkpt>
   <trkpt lat="38.70787" lon="-9.13890"><ele>23.8</ele></trkpt>
   <trkpt lat="38.70777" lon="-9.13933"><ele>24.2</ele></trkpt>
   <trkpt lat="38.70773" lon="-9.13950"><ele>24.4</ele></trkpt>
   <trkpt lat="38.70759" lon="-9.13985"><ele>24.4</ele></trkpt>
   <trkpt lat="38.70755" lon="-9.14000"><ele>24.4</ele></trkpt>
   <trkpt lat="38.70749" lon="-9.14035"><ele>24.8</ele></trkpt>
   <trkpt lat="38.70740" lon="-9.14072"><ele>25.0</ele></trkpt>
   <trkpt lat="38.70732" lon="-9.14109"><ele>25.0</ele></trkpt>
   <trkpt lat="38.70723" lon="-9.14150"><ele>24.6</ele></trkpt>
   <trkpt lat="38.70719" lon="-9.14170"><ele>24.4</ele></trkpt>
   <trkpt lat="38.70707" lon="-9.14212"><ele>24.2</ele></trkpt>
   <trkpt lat="38.70697" lon="-9.14253"><ele>24.0</ele></trkpt>
   <trkpt lat="38.70687" lon="-9.14295"><ele>24.0</ele></trkpt>
   <trkpt lat="38.70686" lon="-9.14301"><ele>24.0</ele></trkpt>
   <trkpt lat="38.70678" lon="-9.14326"><ele>24.4</ele></trkpt>
   <trkpt lat="38.70668" lon="-9.14337"><ele>24.8</ele></trkpt>
   <trkpt lat="38.70666" lon="-9.14363"><ele>25.0</ele></trkpt>
   <trkpt lat="38.70654" lon="-9.14377"><ele>25.2</ele></trkpt>
   <trkpt lat="38.70633" lon="-9.14390"><ele>25.0</ele></trkpt>
   <trkpt lat="38.70600" lon="-9.14388"><ele>24.0</ele></trkpt>
   <trkpt lat="38.70589" lon="-9.14388"><ele>23.8</ele></trkpt>
   <trkpt lat="38.70556" lon="-9.14397"><ele>23.0</ele></trkpt>
   <trkpt lat="38.70551" lon="-9.14408"><ele>22.8</ele></trkpt>
   <trkpt lat="38.70548" lon="-9.14448"><ele>22.2</ele></trkpt>
   <trkpt lat="38.70547" lon="-9.14492"><ele>22.2</ele></trkpt>
   <trkpt lat="38.70546" lon="-9.14495"><ele>22.2</ele></trkpt>
   <trkpt lat="38.70527" lon="-9.14505"><ele>23.6</ele></trkpt>
   <trkpt lat="38.70529" lon="-9.14509"><ele>23.6</ele></trkpt>
   <trkpt lat="38.70540" lon="-9.14506"><ele>23.4</ele></trkpt>
   <trkpt lat="38.70465" lon="-9.14654"><ele>22.6</ele></trkpt>
   <trkpt lat="38.70457" lon="-9.14671"><ele>22.6</ele></trkpt>
   <trkpt lat="38.70445" lon="-9.14675"><ele>22.4</ele></trkpt>
   <trkpt lat="38.70433" lon="-9.14668"><ele>22.2</ele></trkpt>
   <trkpt lat="38.70411" lon="-9.14669"><ele>21.0</ele></trkpt>
   <trkpt lat="38.70392" lon="-9.14699"><ele>20.6</ele></trkpt>
   <trkpt lat="38.68751" lon="-9.14807"><ele>8.6</ele></trkpt>
   <trkpt lat="38.68750" lon="-9.14799"><ele>21.4</ele></trkpt>
   <trkpt lat="38.68741" lon="-9.14790"><ele>21.4</ele></trkpt>
   <trkpt lat="38.68738" lon="-9.14773"><ele>21.8</ele></trkpt>
   <trkpt lat="38.68728" lon="-9.14759"><ele>22.2</ele></trkpt>
   <trkpt lat="38.68696" lon="-9.14751"><ele>22.4</ele></trkpt>
   <trkpt lat="38.68667" lon="-9.14741"><ele>22.2</ele></trkpt>
   <trkpt lat="38.68638" lon="-9.14724"><ele>22.2</ele></trkpt>
   <trkpt lat="38.68609" lon="-9.14705"><ele>22.4</ele></trkpt>
   <trkpt lat="38.68585" lon="-9.14692"><ele>22.8</ele></trkpt>
   <trkpt lat="38.68552" lon="-9.14688"><ele>22.8</ele></trkpt>
   <trkpt lat="38.68523" lon="-9.14701"><ele>23.2</ele></trkpt>
   <trkpt lat="38.68504" lon="-9.14707"><ele>23.2</ele></trkpt>
   <trkpt lat="38.68470" lon="-9.14696"><ele>23.0</ele></trkpt>
   <trkpt lat="38.68459" lon="-9.14696"><ele>23.0</ele></trkpt>
   <trkpt lat="38.68431" lon="-9.14712"><ele>23.2</ele></trkpt>
   <trkpt lat="38.68400" lon="-9.14730"><ele>23.4</ele></trkpt>
   <trkpt lat="38.68395" lon="-9.14733"><ele>23.6</ele></trkpt>
   <trkpt lat="38.68367" lon="-9.14754"><ele>24.0</ele></trkpt>
   <trkpt lat="38.68338" lon="-9.14774"><ele>23.8</ele></trkpt>
   <trkpt lat="38.68309" lon="-9.14793"><ele>24.0</ele></trkpt>
   <trkpt lat="38.68280" lon="-9.14811"><ele>24.0</ele></trkpt>
   <trkpt lat="38.68252" lon="-9.14830"><ele>23.8</ele></trkpt>
   <trkpt lat="38.68224" lon="-9.14848"><ele>23.8</ele></trkpt>
   <trkpt lat="38.68196" lon="-9.14866"><ele>23.8</ele></trkpt>
   <trkpt lat="38.68167" lon="-9.14885"><ele>24.0</ele></trkpt>
   <trkpt lat="38.68138" lon="-9.14903"><ele>24.0</ele></trkpt>
   <trkpt lat="38.68107" lon="-9.14920"><ele>23.6</ele></trkpt>
   <trkpt lat="38.68075" lon="-9.14939"><ele>23.4</ele></trkpt>
   <trkpt lat="38.68044" lon="-9.14957"><ele>23.2</ele></trkpt>
   <trkpt lat="38.68014" lon="-9.14973"><ele>23.2</ele></trkpt>
   <trkpt lat="38.67984" lon="-9.14990"><ele>23.2</ele></trkpt>
   <trkpt lat="38.67953" lon="-9.15007"><ele>23.2</ele></trkpt>
   <trkpt lat="38.67922" lon="-9.15024"><ele>23.2</ele></trkpt>
   <trkpt lat="38.67890" lon="-9.15042"><ele>23.0</ele></trkpt>
   <trkpt lat="38.67857" lon="-9.15059"><ele>23.0</ele></trkpt>
   <trkpt lat="38.67825" lon="-9.15077"><ele>23.0</ele></trkpt>
   <trkpt lat="38.67793" lon="-9.15095"><ele>23.0</ele></trkpt>
   <trkpt lat="38.67762" lon="-9.15112"><ele>23.0</ele></trkpt>
   <trkpt lat="38.67732" lon="-9.15128"><ele>23.4</ele></trkpt>
   <trkpt lat="38.67704" lon="-9.15144"><ele>23.8</ele></trkpt>
   <trkpt lat="38.67675" lon="-9.15160"><ele>23.8</ele></trkpt>
   <trkpt lat="38.67645" lon="-9.15177"><ele>23.4</ele></trkpt>
   <trkpt lat="38.67616" lon="-9.15193"><ele>23.4</ele></trkpt>
   <trkpt lat="38.67598" lon="-9.15202"><ele>23.0</ele></trkpt>
   <trkpt lat="38.67569" lon="-9.15220"><ele>23.2</ele></trkpt>
   <trkpt lat="38.67540" lon="-9.15240"><ele>23.2</ele></trkpt>
   <trkpt lat="38.67517" lon="-9.15257"><ele>23.2</ele></trkpt>
   <trkpt lat="38.67489" lon="-9.15282"><ele>23.0</ele></trkpt>
   <trkpt lat="38.67466" lon="-9.15304"><ele>23.0</ele></trkpt>
   <trkpt lat="38.67454" lon="-9.15315"><ele>22.8</ele></trkpt>
   <trkpt lat="38.67429" lon="-9.15343"><ele>22.8</ele></trkpt>
   <trkpt lat="38.67404" lon="-9.15371"><ele>22.8</ele></trkpt>
   <trkpt lat="38.67380" lon="-9.15400"><ele>23.0</ele></trkpt>
   <trkpt lat="38.67357" lon="-9.15427"><ele>23.2</ele></trkpt>
   <trkpt lat="38.67335" lon="-9.15452"><ele>23.2</ele></trkpt>
   <trkpt lat="38.67328" lon="-9.15480"><ele>22.8</ele></trkpt>
   <trkpt lat="38.67319" lon="-9.15494"><ele>22.6</ele></trkpt>
   <trkpt lat="38.67290" lon="-9.15509"><ele>22.4</ele></trkpt>
   <trkpt lat="38.67263" lon="-9.15537"><ele>22.2</ele></trkpt>
   <trkpt lat="38.67253" lon="-9.15547"><ele>22.2</ele></trkpt>
   <trkpt lat="38.67231" lon="-9.15574"><ele>22.2</ele></trkpt>
   <trkpt lat="38.67207" lon="-9.15601"><ele>22.6</ele></trkpt>
   <trkpt lat="38.67184" lon="-9.15629"><ele>22.8</ele></trkpt>
   <trkpt lat="38.67160" lon="-9.15660"><ele>22.4</ele></trkpt>
   <trkpt lat="38.67136" lon="-9.15689"><ele>22.2</ele></trkpt>
   <trkpt lat="38.67112" lon="-9.15717"><ele>22.0</ele></trkpt>
   <trkpt lat="38.67088" lon="-9.15745"><ele>22.0</ele></trkpt>
   <trkpt lat="38.67065" lon="-9.15772"><ele>22.0</ele></trkpt>
   <trkpt lat="38.67061" lon="-9.15778"><ele>22.0</ele></trkpt>
   <trkpt lat="38.67034" lon="-9.15805"><ele>22.2</ele></trkpt>
   <trkpt lat="38.67010" lon="-9.15833"><ele>22.6</ele></trkpt>
   <trkpt lat="38.66987" lon="-9.15859"><ele>22.8</ele></trkpt>
   <trkpt lat="38.66959" lon="-9.15887"><ele>23.2</ele></trkpt>
   <trkpt lat="38.66956" lon="-9.15890"><ele>23.2</ele></trkpt>
   <trkpt lat="38.66926" lon="-9.15908"><ele>23.2</ele></trkpt>
   <trkpt lat="38.66918" lon="-9.15912"><ele>23.4</ele></trkpt>
   <trkpt lat="38.66886" lon="-9.15922"><ele>23.8</ele></trkpt>
   <trkpt lat="38.66855" lon="-9.15933"><ele>24.2</ele></trkpt>
   <trkpt lat="38.66824" lon="-9.15944"><ele>25.2</ele></trkpt>
   <trkpt lat="38.66790" lon="-9.15957"><ele>26.2</ele></trkpt>
   <trkpt lat="38.66757" lon="-9.15967"><ele>27.6</ele></trkpt>
   <trkpt lat="38.66726" lon="-9.15981"><ele>28.8</ele></trkpt>
   <trkpt lat="38.66691" lon="-9.15990"><ele>30.4</ele></trkpt>
   <trkpt lat="38.66658" lon="-9.16000"><ele>31.6</ele></trkpt>
   <trkpt lat="38.66624" lon="-9.16009"><ele>33.0</ele></trkpt>
   <trkpt lat="38.66619" lon="-9.16011"><ele>33.0</ele></trkpt>
   <trkpt lat="38.66585" lon="-9.16012"><ele>34.0</ele></trkpt>
   <trkpt lat="38.66550" lon="-9.16010"><ele>35.0</ele></trkpt>
   <trkpt lat="38.66515" lon="-9.16008"><ele>36.2</ele></trkpt>
   <trkpt lat="38.66494" lon="-9.16005"><ele>36.6</ele></trkpt>
   <trkpt lat="38.66460" lon="-9.15996"><ele>37.8</ele></trkpt>
   <trkpt lat="38.66428" lon="-9.15986"><ele>38.4</ele></trkpt>
   <trkpt lat="38.66414" lon="-9.15981"><ele>38.8</ele></trkpt>
   <trkpt lat="38.66382" lon="-9.15966"><ele>40.0</ele></trkpt>
   <trkpt lat="38.66365" lon="-9.15956"><ele>40.6</ele></trkpt>
   <trkpt lat="38.66336" lon="-9.15935"><ele>41.6</ele></trkpt>
   <trkpt lat="38.66308" lon="-9.15911"><ele>42.8</ele></trkpt>
   <trkpt lat="38.66278" lon="-9.15889"><ele>44.0</ele></trkpt>
   <trkpt lat="38.66247" lon="-9.15866"><ele>45.0</ele></trkpt>
   <trkpt lat="38.66218" lon="-9.15844"><ele>46.2</ele></trkpt>
   <trkpt lat="38.66201" lon="-9.15831"><ele>46.6</ele></trkpt>
   <trkpt lat="38.66170" lon="-9.15811"><ele>47.4</ele></trkpt>
   <trkpt lat="38.66142" lon="-9.15791"><ele>48.0</ele></trkpt>
   <trkpt lat="38.66114" lon="-9.15769"><ele>48.8</ele></trkpt>
   <trkpt lat="38.66100" lon="-9.15761"><ele>49.4</ele></trkpt>
   <trkpt lat="38.66092" lon="-9.15765"><ele>49.8</ele></trkpt>
   <trkpt lat="38.66076" lon="-9.15800"><ele>50.0</ele></trkpt>
   <trkpt lat="38.66073" lon="-9.15807"><ele>50.0</ele></trkpt>
   <trkpt lat="38.66054" lon="-9.15836"><ele>49.6</ele></trkpt>
   <trkpt lat="38.66047" lon="-9.15849"><ele>49.0</ele></trkpt>
   <trkpt lat="38.66041" lon="-9.15886"><ele>46.6</ele></trkpt>
   <trkpt lat="38.66037" lon="-9.15919"><ele>45.4</ele></trkpt>
   <trkpt lat="38.66040" lon="-9.15950"><ele>43.8</ele></trkpt>
   <trkpt lat="38.66026" lon="-9.15967"><ele>42.4</ele></trkpt>
   <trkpt lat="38.65992" lon="-9.15959"><ele>42.2</ele></trkpt>
   <trkpt lat="38.65957" lon="-9.15951"><ele>43.6</ele></trkpt>
   <trkpt lat="38.65930" lon="-9.15947"><ele>44.8</ele></trkpt>
   <trkpt lat="38.65898" lon="-9.15946"><ele>46.6</ele></trkpt>
   <trkpt lat="38.65864" lon="-9.15950"><ele>48.0</ele></trkpt>
   <trkpt lat="38.65852" lon="-9.15953"><ele>48.6</ele></trkpt>
   <trkpt lat="38.65819" lon="-9.15965"><ele>50.2</ele></trkpt>
   <trkpt lat="38.65787" lon="-9.15979"><ele>52.0</ele></trkpt>
   <trkpt lat="38.65762" lon="-9.15991"><ele>53.4</ele></trkpt>
   <trkpt lat="38.65733" lon="-9.16015"><ele>55.6</ele></trkpt>
   <trkpt lat="38.65708" lon="-9.16036"><ele>57.4</ele></trkpt>
   <trkpt lat="38.65685" lon="-9.16067"><ele>59.2</ele></trkpt>
   <trkpt lat="38.65679" lon="-9.16075"><ele>59.8</ele></trkpt>
   <trkpt lat="38.65663" lon="-9.16110"><ele>62.6</ele></trkpt>
   <trkpt lat="38.65658" lon="-9.16137"><ele>64.4</ele></trkpt>
   <trkpt lat="38.65657" lon="-9.16170"><ele>65.8</ele></trkpt>
   <trkpt lat="38.65664" lon="-9.16193"><ele>67.0</ele></trkpt>
   <trkpt lat="38.65661" lon="-9.16229"><ele>68.8</ele></trkpt>
   <trkpt lat="38.65676" lon="-9.16265"><ele>69.6</ele></trkpt>
   <trkpt lat="38.65694" lon="-9.16304"><ele>69.8</ele></trkpt>
   <trkpt lat="38.65711" lon="-9.16342"><ele>69.2</ele></trkpt>
   <trkpt lat="38.65729" lon="-9.16377"><ele>67.8</ele></trkpt>
   <trkpt lat="38.65758" lon="-9.16389"><ele>65.8</ele></trkpt>
   <trkpt lat="38.65781" lon="-9.16410"><ele>64.6</ele></trkpt>
   <trkpt lat="38.65814" lon="-9.16418"><ele>63.0</ele></trkpt>
   <trkpt lat="38.65822" lon="-9.16421"><ele>62.2</ele></trkpt>
   <trkpt lat="38.65849" lon="-9.16436"><ele>60.4</ele></trkpt>
   <trkpt lat="38.65877" lon="-9.16456"><ele>58.2</ele></trkpt>
   <trkpt lat="38.65905" lon="-9.16475"><ele>56.4</ele></trkpt>
   <trkpt lat="38.65937" lon="-9.16495"><ele>52.8</ele></trkpt>
   <trkpt lat="38.65966" lon="-9.16516"><ele>50.6</ele></trkpt>
   <trkpt lat="38.65989" lon="-9.16531"><ele>48.8</ele></trkpt>
   <trkpt lat="38.66008" lon="-9.16542"><ele>48.6</ele></trkpt>
   <trkpt lat="38.66039" lon="-9.16557"><ele>46.6</ele></trkpt>
   <trkpt lat="38.66064" lon="-9.16568"><ele>45.4</ele></trkpt>
   <trkpt lat="38.66095" lon="-9.16584"><ele>43.8</ele></trkpt>
   <trkpt lat="38.66121" lon="-9.16595"><ele>42.6</ele></trkpt>
   <trkpt lat="38.66134" lon="-9.16600"><ele>42.4</ele></trkpt>
   <trkpt lat="38.66165" lon="-9.16601"><ele>40.4</ele></trkpt>
   <trkpt lat="38.66171" lon="-9.16601"><ele>40.0</ele></trkpt>
   <trkpt lat="38.66202" lon="-9.16587"><ele>36.6</ele></trkpt>
   <trkpt lat="38.66219" lon="-9.16602"><ele>35.4</ele></trkpt>
   <trkpt lat="38.66229" lon="-9.16602"><ele>35.4</ele></trkpt>
   <trkpt lat="38.66262" lon="-9.16592"><ele>35.0</ele></trkpt>
   <trkpt lat="38.66295" lon="-9.16582"><ele>35.0</ele></trkpt>
   <trkpt lat="38.66309" lon="-9.16559"><ele>34.6</ele></trkpt>
   <trkpt lat="38.66341" lon="-9.16560"><ele>35.0</ele></trkpt>
   <trkpt lat="38.66351" lon="-9.16534"><ele>34.8</ele></trkpt>
   <trkpt lat="38.66362" lon="-9.16527"><ele>34.2</ele></trkpt>
   <trkpt lat="38.66397" lon="-9.16526"><ele>34.4</ele></trkpt>
   <trkpt lat="38.66431" lon="-9.16525"><ele>34.4</ele></trkpt>
   <trkpt lat="38.66466" lon="-9.16527"><ele>33.6</ele></trkpt>
   <trkpt lat="38.66500" lon="-9.16527"><ele>33.2</ele></trkpt>
   <trkpt lat="38.66512" lon="-9.16526"><ele>33.2</ele></trkpt>
   <trkpt lat="38.66519" lon="-9.16530"><ele>32.8</ele></trkpt>
   <trkpt lat="38.66526" lon="-9.16571"><ele>32.2</ele></trkpt>
   <trkpt lat="38.66533" lon="-9.16610"><ele>32.2</ele></trkpt>
   <trkpt lat="38.66554" lon="-9.16642"><ele>33.0</ele></trkpt>
   <trkpt lat="38.66564" lon="-9.16658"><ele>33.2</ele></trkpt>
   <trkpt lat="38.66566" lon="-9.16688"><ele>33.2</ele></trkpt>
   <trkpt lat="38.66578" lon="-9.16729"><ele>33.4</ele></trkpt>
   <trkpt lat="38.66585" lon="-9.16764"><ele>33.4</ele></trkpt>
   <trkpt lat="38.66585" lon="-9.16801"><ele>33.4</ele></trkpt>
   <trkpt lat="38.66578" lon="-9.16844"><ele>34.2</ele></trkpt>
   <trkpt lat="38.66576" lon="-9.16850"><ele>34.2</ele></trkpt>
   <trkpt lat="38.66554" lon="-9.16884"><ele>34.6</ele></trkpt>
   <trkpt lat="38.66542" lon="-9.16906"><ele>35.2</ele></trkpt>
   <trkpt lat="38.66521" lon="-9.16933"><ele>35.2</ele></trkpt>
   <trkpt lat="38.66490" lon="-9.16953"><ele>35.6</ele></trkpt>
   <trkpt lat="38.66499" lon="-9.16971"><ele>35.8</ele></trkpt>
   <trkpt lat="38.66507" lon="-9.16973"><ele>36.0</ele></trkpt>
   <trkpt lat="38.66533" lon="-9.16964"><ele>38.0</ele></trkpt>
   <trkpt lat="38.66562" lon="-9.16943"><ele>40.0</ele></trkpt>
   <trkpt lat="38.66565" lon="-9.16941"><ele>40.2</ele></trkpt>
   <trkpt lat="38.66574" lon="-9.16930"><ele>40.8</ele></trkpt>
   <trkpt lat="38.66584" lon="-9.16903"><ele>42.2</ele></trkpt>
   <trkpt lat="38.66617" lon="-9.16898"><ele>44.6</ele></trkpt>
   <trkpt lat="38.66638" lon="-9.16903"><ele>45.4</ele></trkpt>
   <trkpt lat="38.66665" lon="-9.16925"><ele>45.8</ele></trkpt>
   <trkpt lat="38.66678" lon="-9.16952"><ele>45.0</ele></trkpt>
   <trkpt lat="38.66701" lon="-9.16978"><ele>44.0</ele></trkpt>
   <trkpt lat="38.66709" lon="-9.16996"><ele>44.0</ele></trkpt>
   <trkpt lat="38.66729" lon="-9.17014"><ele>45.8</ele></trkpt>
   <trkpt lat="38.66741" lon="-9.17042"><ele>47.8</ele></trkpt>
   <trkpt lat="38.66768" lon="-9.17056"><ele>50.2</ele></trkpt>
   <trkpt lat="38.66776" lon="-9.17097"><ele>52.6</ele></trkpt>
   <trkpt lat="38.66779" lon="-9.17108"><ele>53.0</ele></trkpt>
   <trkpt lat="38.66811" lon="-9.17119"><ele>55.8</ele></trkpt>
   <trkpt lat="38.66821" lon="-9.17125"><ele>57.2</ele></trkpt>
   <trkpt lat="38.66842" lon="-9.17160"><ele>60.4</ele></trkpt>
   <trkpt lat="38.66852" lon="-9.17172"><ele>61.4</ele></trkpt>
   <trkpt lat="38.66879" lon="-9.17181"><ele>64.4</ele></trkpt>
   <trkpt lat="38.66914" lon="-9.17184"><ele>66.8</ele></trkpt>
   <trkpt lat="38.66949" lon="-9.17187"><ele>68.2</ele></trkpt>
   <trkpt lat="38.66967" lon="-9.17185"><ele>69.0</ele></trkpt>
   <trkpt lat="38.66982" lon="-9.17202"><ele>70.4</ele></trkpt>
   <trkpt lat="38.67008" lon="-9.17206"><ele>71.4</ele></trkpt>
   <trkpt lat="38.67036" lon="-9.17221"><ele>73.6</ele></trkpt>
   <trkpt lat="38.67070" lon="-9.17216"><ele>76.8</ele></trkpt>
   <trkpt lat="38.67084" lon="-9.17216"><ele>77.8</ele></trkpt>
   <trkpt lat="38.67105" lon="-9.17231"><ele>79.6</ele></trkpt>
   <trkpt lat="38.67124" lon="-9.17233"><ele>81.4</ele></trkpt>
   <trkpt lat="38.67141" lon="-9.17195"><ele>83.8</ele></trkpt>
   <trkpt lat="38.67144" lon="-9.17189"><ele>84.0</ele></trkpt>
   <trkpt lat="38.67160" lon="-9.17176"><ele>84.6</ele></trkpt>
   <trkpt lat="38.67182" lon="-9.17145"><ele>87.8</ele></trkpt>
   <trkpt lat="38.67189" lon="-9.17138"><ele>89.0</ele></trkpt>
   <trkpt lat="38.67201" lon="-9.17150"><ele>90.4</ele></trkpt>
   <trkpt lat="38.67222" lon="-9.17187"><ele>90.4</ele></trkpt>
   <trkpt lat="38.67233" lon="-9.17202"><ele>90.2</ele></trkpt>
   <trkpt lat="38.67254" lon="-9.17205"><ele>90.2</ele></trkpt>
   <trkpt lat="38.67265" lon="-9.17185"><ele>90.6</ele></trkpt>
   <trkpt lat="38.67274" lon="-9.17143"><ele>92.6</ele></trkpt>
   <trkpt lat="38.67279" lon="-9.17120"><ele>94.0</ele></trkpt>
   <trkpt lat="38.67300" lon="-9.17088"><ele>95.0</ele></trkpt>
   <trkpt lat="38.67322" lon="-9.17118"><ele>96.4</ele></trkpt>
   <trkpt lat="38.67325" lon="-9.17122"><ele>96.4</ele></trkpt>
   <trkpt lat="38.67332" lon="-9.17154"><ele>96.4</ele></trkpt>
   <trkpt lat="38.67326" lon="-9.17194"><ele>96.0</ele></trkpt>
   <trkpt lat="38.67318" lon="-9.17233"><ele>95.2</ele></trkpt>
   <trkpt lat="38.67309" lon="-9.17272"><ele>95.0</ele></trkpt>
   <trkpt lat="38.67302" lon="-9.17314"><ele>95.0</ele></trkpt>
   <trkpt lat="38.67296" lon="-9.17354"><ele>95.0</ele></trkpt>
   <trkpt lat="38.67291" lon="-9.17397"><ele>95.6</ele></trkpt>
   <trkpt lat="38.67282" lon="-9.17440"><ele>95.8</ele></trkpt>
   <trkpt lat="38.67280" lon="-9.17447"><ele>95.8</ele></trkpt>
   <trkpt lat="38.67257" lon="-9.17480"><ele>96.2</ele></trkpt>
   <trkpt lat="38.67236" lon="-9.17506"><ele>96.4</ele></trkpt>
   <trkpt lat="38.67214" lon="-9.17533"><ele>97.0</ele></trkpt>
   <trkpt lat="38.67190" lon="-9.17563"><ele>97.6</ele></trkpt>
   <trkpt lat="38.67182" lon="-9.17572"><ele>98.0</ele></trkpt>
   <trkpt lat="38.67167" lon="-9.17595"><ele>99.0</ele></trkpt>
   <trkpt lat="38.67151" lon="-9.17633"><ele>99.4</ele></trkpt>
   <trkpt lat="38.67147" lon="-9.17658"><ele>100.4</ele></trkpt>
   <trkpt lat="38.67152" lon="-9.17699"><ele>101.8</ele></trkpt>
   <trkpt lat="38.67153" lon="-9.17705"><ele>101.8</ele></trkpt>
   <trkpt lat="38.67151" lon="-9.17735"><ele>102.4</ele></trkpt>
   <trkpt lat="38.67138" lon="-9.17761"><ele>103.0</ele></trkpt>
   <trkpt lat="38.67114" lon="-9.17790"><ele>103.8</ele></trkpt>
   <trkpt lat="38.67111" lon="-9.17802"><ele>103.8</ele></trkpt>
   <trkpt lat="38.67114" lon="-9.17812"><ele>104.2</ele></trkpt>
   <trkpt lat="38.67140" lon="-9.17841"><ele>105.4</ele></trkpt>
   <trkpt lat="38.67150" lon="-9.17858"><ele>106.4</ele></trkpt>
   <trkpt lat="38.67141" lon="-9.17897"><ele>108.8</ele></trkpt>
   <trkpt lat="38.67125" lon="-9.17935"><ele>110.2</ele></trkpt>
   <trkpt lat="38.67109" lon="-9.17975"><ele>112.0</ele></trkpt>
   <trkpt lat="38.67095" lon="-9.18005"><ele>113.4</ele></trkpt>
   <trkpt lat="38.67074" lon="-9.18038"><ele>114.4</ele></trkpt>
   <trkpt lat="38.67053" lon="-9.18071"><ele>115.4</ele></trkpt>
   <trkpt lat="38.67032" lon="-9.18104"><ele>116.0</ele></trkpt>
   <trkpt lat="38.67009" lon="-9.18139"><ele>116.2</ele></trkpt>
   <trkpt lat="38.66988" lon="-9.18170"><ele>116.2</ele></trkpt>
   <trkpt lat="38.66969" lon="-9.18200"><ele>115.8</ele></trkpt>
   <trkpt lat="38.66954" lon="-9.18228"><ele>115.4</ele></trkpt>
   <trkpt lat="38.66944" lon="-9.18250"><ele>114.8</ele></trkpt>
   <trkpt lat="38.66934" lon="-9.18289"><ele>112.4</ele></trkpt>
   <trkpt lat="38.66931" lon="-9.18301"><ele>111.4</ele></trkpt>
   <trkpt lat="38.66916" lon="-9.18332"><ele>110.2</ele></trkpt>
   <trkpt lat="38.66909" lon="-9.18352"><ele>109.2</ele></trkpt>
   <trkpt lat="38.66897" lon="-9.18395"><ele>109.0</ele></trkpt>
   <trkpt lat="38.66891" lon="-9.18417"><ele>109.2</ele></trkpt>
   <trkpt lat="38.66884" lon="-9.18454"><ele>110.0</ele></trkpt>
   <trkpt lat="38.66884" lon="-9.18498"><ele>112.6</ele></trkpt>
   <trkpt lat="38.66882" lon="-9.18543"><ele>115.6</ele></trkpt>
   <trkpt lat="38.66882" lon="-9.18555"><ele>116.0</ele></trkpt>
   <trkpt lat="38.66876" lon="-9.18590"><ele>117.8</ele></trkpt>
   <trkpt lat="38.66860" lon="-9.18630"><ele>119.4</ele></trkpt>
   <trkpt lat="38.66855" lon="-9.18640"><ele>119.4</ele></trkpt>
   <trkpt lat="38.66832" lon="-9.18672"><ele>119.4</ele></trkpt>
   <trkpt lat="38.66817" lon="-9.18692"><ele>119.0</ele></trkpt>
   <trkpt lat="38.66801" lon="-9.18728"><ele>117.6</ele></trkpt>
   <trkpt lat="38.66796" lon="-9.18765"><ele>116.2</ele></trkpt>
   <trkpt lat="38.66784" lon="-9.18793"><ele>114.2</ele></trkpt>
   <trkpt lat="38.66775" lon="-9.18837"><ele>113.0</ele></trkpt>
   <trkpt lat="38.66769" lon="-9.18878"><ele>114.4</ele></trkpt>
   <trkpt lat="38.66764" lon="-9.18919"><ele>117.8</ele></trkpt>
   <trkpt lat="38.66760" lon="-9.18964"><ele>120.6</ele></trkpt>
   <trkpt lat="38.66758" lon="-9.18980"><ele>121.6</ele></trkpt>
   <trkpt lat="38.66757" lon="-9.19022"><ele>124.0</ele></trkpt>
   <trkpt lat="38.66756" lon="-9.19067"><ele>126.0</ele></trkpt>
   <trkpt lat="38.66757" lon="-9.19111"><ele>126.8</ele></trkpt>
   <trkpt lat="38.66757" lon="-9.19117"><ele>127.2</ele></trkpt>
   <trkpt lat="38.66763" lon="-9.19161"><ele>127.8</ele></trkpt>
   <trkpt lat="38.66766" lon="-9.19177"><ele>127.8</ele></trkpt>
   <trkpt lat="38.66760" lon="-9.19202"><ele>127.6</ele></trkpt>
   <trkpt lat="38.66761" lon="-9.19243"><ele>127.2</ele></trkpt>
   <trkpt lat="38.66761" lon="-9.19260"><ele>127.0</ele></trkpt>
   <trkpt lat="38.66756" lon="-9.19286"><ele>126.6</ele></trkpt>
   <trkpt lat="38.66737" lon="-9.19317"><ele>126.4</ele></trkpt>
   <trkpt lat="38.66708" lon="-9.19340"><ele>125.6</ele></trkpt>
   <trkpt lat="38.66679" lon="-9.19347"><ele>124.4</ele></trkpt>
   <trkpt lat="38.66649" lon="-9.19355"><ele>123.0</ele></trkpt>
   <trkpt lat="38.66615" lon="-9.19362"><ele>120.8</ele></trkpt>
   <trkpt lat="38.66602" lon="-9.19365"><ele>119.6</ele></trkpt>
   <trkpt lat="38.66582" lon="-9.19384"><ele>116.6</ele></trkpt>
   <trkpt lat="38.66577" lon="-9.19413"><ele>116.2</ele></trkpt>
   <trkpt lat="38.66583" lon="-9.19431"><ele>116.4</ele></trkpt>
   <trkpt lat="38.66575" lon="-9.19436"><ele>116.8</ele></trkpt>
   <trkpt lat="38.66566" lon="-9.19462"><ele>117.2</ele></trkpt>
   <trkpt lat="38.66564" lon="-9.19507"><ele>118.2</ele></trkpt>
   <trkpt lat="38.66562" lon="-9.19520"><ele>118.6</ele></trkpt>
   <trkpt lat="38.66547" lon="-9.19559"><ele>118.8</ele></trkpt>
   <trkpt lat="38.66531" lon="-9.19593"><ele>119.4</ele></trkpt>
   <trkpt lat="38.66515" lon="-9.19629"><ele>119.8</ele></trkpt>
   <trkpt lat="38.66512" lon="-9.19639"><ele>120.0</ele></trkpt>
   <trkpt lat="38.66506" lon="-9.19673"><ele>121.0</ele></trkpt>
   <trkpt lat="38.66509" lon="-9.19715"><ele>123.6</ele></trkpt>
   <trkpt lat="38.66504" lon="-9.19726"><ele>124.0</ele></trkpt>
   <trkpt lat="38.66490" lon="-9.19727"><ele>124.6</ele></trkpt>
   <trkpt lat="38.66461" lon="-9.19713"><ele>125.0</ele></trkpt>
   <trkpt lat="38.66449" lon="-9.19708"><ele>125.0</ele></trkpt>
   <trkpt lat="38.66427" lon="-9.19692"><ele>124.0</ele></trkpt>
   <trkpt lat="38.66417" lon="-9.19693"><ele>123.4</ele></trkpt>
   <trkpt lat="38.66402" lon="-9.19731"><ele>122.0</ele></trkpt>
   <trkpt lat="38.66394" lon="-9.19750"><ele>122.2</ele></trkpt>
   <trkpt lat="38.66386" lon="-9.19793"><ele>123.8</ele></trkpt>
   <trkpt lat="38.66383" lon="-9.19810"><ele>123.8</ele></trkpt>
   <trkpt lat="38.66379" lon="-9.19814"><ele>123.8</ele></trkpt>
   <trkpt lat="38.66367" lon="-9.19812"><ele>123.6</ele></trkpt>
   <trkpt lat="38.66336" lon="-9.19795"><ele>123.0</ele></trkpt>
   <trkpt lat="38.66325" lon="-9.19798"><ele>121.0</ele></trkpt>
   <trkpt lat="38.66314" lon="-9.19809"><ele>120.0</ele></trkpt>
   <trkpt lat="38.66293" lon="-9.19834"><ele>119.2</ele></trkpt>
   <trkpt lat="38.66272" lon="-9.19859"><ele>118.4</ele></trkpt>
   <trkpt lat="38.66251" lon="-9.19884"><ele>118.0</ele></trkpt>
   <trkpt lat="38.66231" lon="-9.19911"><ele>117.4</ele></trkpt>
   <trkpt lat="38.66206" lon="-9.19944"><ele>117.0</ele></trkpt>
   <trkpt lat="38.66196" lon="-9.19958"><ele>116.6</ele></trkpt>
   <trkpt lat="38.66175" lon="-9.19994"><ele>116.8</ele></trkpt>
   <trkpt lat="38.66155" lon="-9.20031"><ele>116.6</ele></trkpt>
   <trkpt lat="38.66136" lon="-9.20067"><ele>117.0</ele></trkpt>
   <trkpt lat="38.66132" lon="-9.20074"><ele>117.2</ele></trkpt>
   <trkpt lat="38.66110" lon="-9.20105"><ele>117.6</ele></trkpt>
   <trkpt lat="38.66102" lon="-9.20116"><ele>117.6</ele></trkpt>
   <trkpt lat="38.66079" lon="-9.20143"><ele>117.8</ele></trkpt>
   <trkpt lat="38.66069" lon="-9.20153"><ele>117.8</ele></trkpt>
   <trkpt lat="38.66041" lon="-9.20176"><ele>117.8</ele></trkpt>
   <trkpt lat="38.66011" lon="-9.20198"><ele>117.4</ele></trkpt>
   <trkpt lat="38.65999" lon="-9.20208"><ele>117.2</ele></trkpt>
   <trkpt lat="38.65991" lon="-9.20220"><ele>116.6</ele></trkpt>
   <trkpt lat="38.65987" lon="-9.20239"><ele>115.6</ele></trkpt>
   <trkpt lat="38.66002" lon="-9.20275"><ele>113.6</ele></trkpt>
   <trkpt lat="38.66004" lon="-9.20315"><ele>114.0</ele></trkpt>
   <trkpt lat="38.65973" lon="-9.20304"><ele>113.6</ele></trkpt>
   <trkpt lat="38.65969" lon="-9.20301"><ele>113.4</ele></trkpt>
   <trkpt lat="38.65959" lon="-9.20280"><ele>113.4</ele></trkpt>
   <trkpt lat="38.65962" lon="-9.20266"><ele>113.4</ele></trkpt>
   <trkpt lat="38.65977" lon="-9.20253"><ele>113.4</ele></trkpt>
   <trkpt lat="38.66008" lon="-9.20254"><ele>113.6</ele></trkpt>
   <trkpt lat="38.66014" lon="-9.20254"><ele>113.6</ele></trkpt>
   <trkpt lat="38.66046" lon="-9.20242"><ele>113.6</ele></trkpt>
   <trkpt lat="38.66076" lon="-9.20230"><ele>113.2</ele></trkpt>
   <trkpt lat="38.66088" lon="-9.20225"><ele>113.2</ele></trkpt>
   <trkpt lat="38.66122" lon="-9.20221"><ele>112.2</ele></trkpt>
   <trkpt lat="38.66150" lon="-9.20226"><ele>111.2</ele></trkpt>
   <trkpt lat="38.66165" lon="-9.20230"><ele>110.6</ele></trkpt>
   <trkpt lat="38.66195" lon="-9.20243"><ele>110.0</ele></trkpt>
   <trkpt lat="38.66209" lon="-9.20251"><ele>109.8</ele></trkpt>
   <trkpt lat="38.66236" lon="-9.20274"><ele>109.2</ele></trkpt>
   <trkpt lat="38.66242" lon="-9.20280"><ele>108.8</ele></trkpt>
   <trkpt lat="38.66264" lon="-9.20310"><ele>108.0</ele></trkpt>
   <trkpt lat="38.66283" lon="-9.20342"><ele>107.4</ele></trkpt>
   <trkpt lat="38.66302" lon="-9.20373"><ele>106.6</ele></trkpt>
   <trkpt lat="38.66320" lon="-9.20402"><ele>106.4</ele></trkpt>
   <trkpt lat="38.66329" lon="-9.20416"><ele>106.2</ele></trkpt>
   <trkpt lat="38.66342" lon="-9.20423"><ele>106.2</ele></trkpt>
   <trkpt lat="38.66376" lon="-9.20426"><ele>106.4</ele></trkpt>
   <trkpt lat="38.66391" lon="-9.20436"><ele>106.4</ele></trkpt>
   <trkpt lat="38.66401" lon="-9.20453"><ele>106.4</ele></trkpt>
   <trkpt lat="38.66401" lon="-9.20477"><ele>105.2</ele></trkpt>
   <trkpt lat="38.66383" lon="-9.20489"><ele>104.6</ele></trkpt>
   <trkpt lat="38.66378" lon="-9.20508"><ele>104.8</ele></trkpt>
   <trkpt lat="38.66378" lon="-9.20551"><ele>105.0</ele></trkpt>
   <trkpt lat="38.66377" lon="-9.20594"><ele>105.6</ele></trkpt>
   <trkpt lat="38.66378" lon="-9.20639"><ele>106.4</ele></trkpt>
   <trkpt lat="38.66377" lon="-9.20684"><ele>108.2</ele></trkpt>
   <trkpt lat="38.66377" lon="-9.20729"><ele>110.4</ele></trkpt>
   <trkpt lat="38.66377" lon="-9.20773"><ele>112.0</ele></trkpt>
   <trkpt lat="38.66377" lon="-9.20818"><ele>114.2</ele></trkpt>
   <trkpt lat="38.66376" lon="-9.20850"><ele>115.6</ele></trkpt>
   <trkpt lat="38.66379" lon="-9.20892"><ele>117.6</ele></trkpt>
   <trkpt lat="38.66384" lon="-9.20930"><ele>119.2</ele></trkpt>
   <trkpt lat="38.66369" lon="-9.20966"><ele>120.2</ele></trkpt>
   <trkpt lat="38.66358" lon="-9.21004"><ele>120.4</ele></trkpt>
   <trkpt lat="38.66349" lon="-9.21030"><ele>120.2</ele></trkpt>
   <trkpt lat="38.66332" lon="-9.21069"><ele>118.8</ele></trkpt>
   <trkpt lat="38.66317" lon="-9.21105"><ele>118.6</ele></trkpt>
   <trkpt lat="38.66311" lon="-9.21120"><ele>118.4</ele></trkpt>
   <trkpt lat="38.66301" lon="-9.21163"><ele>118.0</ele></trkpt>
   <trkpt lat="38.66302" lon="-9.21206"><ele>117.8</ele></trkpt>
   <trkpt lat="38.66303" lon="-9.21214"><ele>117.8</ele></trkpt>
   <trkpt lat="38.66308" lon="-9.21236"><ele>117.8</ele></trkpt>
   <trkpt lat="38.66322" lon="-9.21266"><ele>118.0</ele></trkpt>
   <trkpt lat="38.66344" lon="-9.21299"><ele>120.0</ele></trkpt>
   <trkpt lat="38.66369" lon="-9.21328"><ele>121.8</ele></trkpt>
   <trkpt lat="38.66392" lon="-9.21360"><ele>124.2</ele></trkpt>
   <trkpt lat="38.66417" lon="-9.21392"><ele>126.0</ele></trkpt>
   <trkpt lat="38.66435" lon="-9.21428"><ele>127.6</ele></trkpt>
   <trkpt lat="38.66445" lon="-9.21454"><ele>128.2</ele></trkpt>
   <trkpt lat="38.66453" lon="-9.21496"><ele>128.4</ele></trkpt>
   <trkpt lat="38.66459" lon="-9.21540"><ele>127.6</ele></trkpt>
   <trkpt lat="38.66463" lon="-9.21583"><ele>127.2</ele></trkpt>
   <trkpt lat="38.66465" lon="-9.21600"><ele>127.0</ele></trkpt>
   <trkpt lat="38.66473" lon="-9.21641"><ele>126.2</ele></trkpt>
   <trkpt lat="38.66481" lon="-9.21679"><ele>126.4</ele></trkpt>
   <trkpt lat="38.66487" lon="-9.21724"><ele>126.8</ele></trkpt>
   <trkpt lat="38.66492" lon="-9.21754"><ele>127.2</ele></trkpt>
   <trkpt lat="38.66504" lon="-9.21791"><ele>127.6</ele></trkpt>
   <trkpt lat="38.66517" lon="-9.21827"><ele>127.4</ele></trkpt>
   <trkpt lat="38.66518" lon="-9.21869"><ele>127.4</ele></trkpt>
   <trkpt lat="38.66517" lon="-9.21895"><ele>127.2</ele></trkpt>
   <trkpt lat="38.66511" lon="-9.21939"><ele>127.2</ele></trkpt>
   <trkpt lat="38.66509" lon="-9.21956"><ele>127.0</ele></trkpt>
   <trkpt lat="38.66514" lon="-9.21992"><ele>126.6</ele></trkpt>
   <trkpt lat="38.66517" lon="-9.22001"><ele>126.2</ele></trkpt>
   <trkpt lat="38.66532" lon="-9.22034"><ele>125.6</ele></trkpt>
   <trkpt lat="38.66551" lon="-9.22064"><ele>124.8</ele></trkpt>
   <trkpt lat="38.66571" lon="-9.22092"><ele>124.2</ele></trkpt>
   <trkpt lat="38.66592" lon="-9.22126"><ele>123.8</ele></trkpt>
   <trkpt lat="38.66596" lon="-9.22133"><ele>123.8</ele></trkpt>
   <trkpt lat="38.66610" lon="-9.22169"><ele>124.0</ele></trkpt>
   <trkpt lat="38.66626" lon="-9.22206"><ele>124.6</ele></trkpt>
   <trkpt lat="38.66629" lon="-9.22212"><ele>124.8</ele></trkpt>
   <trkpt lat="38.66639" lon="-9.22252"><ele>125.6</ele></trkpt>
   <trkpt lat="38.66642" lon="-9.22258"><ele>126.0</ele></trkpt>
   <trkpt lat="38.66670" lon="-9.22285"><ele>127.0</ele></trkpt>
   <trkpt lat="38.66698" lon="-9.22307"><ele>127.6</ele></trkpt>
   <trkpt lat="38.66711" lon="-9.22328"><ele>128.2</ele></trkpt>
   <trkpt lat="38.66714" lon="-9.22342"><ele>128.6</ele></trkpt>
   <trkpt lat="38.66708" lon="-9.22363"><ele>129.0</ele></trkpt>
   <trkpt lat="38.66703" lon="-9.22370"><ele>129.0</ele></trkpt>
   <trkpt lat="38.66673" lon="-9.22392"><ele>128.8</ele></trkpt>
   <trkpt lat="38.66649" lon="-9.22410"><ele>127.4</ele></trkpt>
   <trkpt lat="38.66640" lon="-9.22416"><ele>126.8</ele></trkpt>
   <trkpt lat="38.66610" lon="-9.22434"><ele>125.4</ele></trkpt>
   <trkpt lat="38.66578" lon="-9.22451"><ele>123.4</ele></trkpt>
   <trkpt lat="38.66558" lon="-9.22467"><ele>122.8</ele></trkpt>
   <trkpt lat="38.66539" lon="-9.22488"><ele>121.8</ele></trkpt>
   <trkpt lat="38.66513" lon="-9.22516"><ele>118.8</ele></trkpt>
   <trkpt lat="38.66505" lon="-9.22523"><ele>118.0</ele></trkpt>
   <trkpt lat="38.66477" lon="-9.22528"><ele>116.2</ele></trkpt>
   <trkpt lat="38.66455" lon="-9.22503"><ele>113.6</ele></trkpt>
   <trkpt lat="38.66440" lon="-9.22488"><ele>111.8</ele></trkpt>
   <trkpt lat="38.66422" lon="-9.22492"><ele>110.4</ele></trkpt>
   <trkpt lat="38.66411" lon="-9.22513"><ele>108.8</ele></trkpt>
   <trkpt lat="38.66412" lon="-9.22538"><ele>107.2</ele></trkpt>
   <trkpt lat="38.66428" lon="-9.22574"><ele>104.6</ele></trkpt>
   <trkpt lat="38.66446" lon="-9.22611"><ele>103.0</ele></trkpt>
   <trkpt lat="38.66452" lon="-9.22623"><ele>102.2</ele></trkpt>
   <trkpt lat="38.66466" lon="-9.22661"><ele>99.2</ele></trkpt>
   <trkpt lat="38.66475" lon="-9.22684"><ele>96.6</ele></trkpt>
   <trkpt lat="38.66496" lon="-9.22709"><ele>95.0</ele></trkpt>
   <trkpt lat="38.66516" lon="-9.22710"><ele>92.8</ele></trkpt>
   <trkpt lat="38.66544" lon="-9.22700"><ele>91.2</ele></trkpt>
   <trkpt lat="38.66553" lon="-9.22699"><ele>90.2</ele></trkpt>
   <trkpt lat="38.66569" lon="-9.22709"><ele>88.8</ele></trkpt>
   <trkpt lat="38.66575" lon="-9.22730"><ele>86.8</ele></trkpt>
   <trkpt lat="38.66572" lon="-9.22769"><ele>84.4</ele></trkpt>
   <trkpt lat="38.66573" lon="-9.22812"><ele>82.0</ele></trkpt>
   <trkpt lat="38.66575" lon="-9.22825"><ele>81.8</ele></trkpt>
   <trkpt lat="38.66585" lon="-9.22847"><ele>80.4</ele></trkpt>
   <trkpt lat="38.66593" lon="-9.22854"><ele>79.6</ele></trkpt>
   <trkpt lat="38.66621" lon="-9.22864"><ele>77.6</ele></trkpt>
   <trkpt lat="38.66648" lon="-9.22875"><ele>76.2</ele></trkpt>
   <trkpt lat="38.66677" lon="-9.22887"><ele>74.6</ele></trkpt>
   <trkpt lat="38.66707" lon="-9.22898"><ele>73.0</ele></trkpt>
   <trkpt lat="38.66740" lon="-9.22909"><ele>70.2</ele></trkpt>
   <trkpt lat="38.66773" lon="-9.22918"><ele>68.4</ele></trkpt>
   <trkpt lat="38.66807" lon="-9.22927"><ele>66.4</ele></trkpt>
   <trkpt lat="38.66841" lon="-9.22935"><ele>64.6</ele></trkpt>
   <trkpt lat="38.66862" lon="-9.22946"><ele>62.8</ele></trkpt>
   <trkpt lat="38.66891" lon="-9.22969"><ele>59.4</ele></trkpt>
   <trkpt lat="38.66921" lon="-9.22992"><ele>57.6</ele></trkpt>
   <trkpt lat="38.66941" lon="-9.23009"><ele>55.6</ele></trkpt>
   <trkpt lat="38.66962" lon="-9.23025"><ele>54.2</ele></trkpt>
   <trkpt lat="38.66992" lon="-9.23050"><ele>51.6</ele></trkpt>
   <trkpt lat="38.67018" lon="-9.23069"><ele>49.6</ele></trkpt>
   <trkpt lat="38.67043" lon="-9.23091"><ele>44.0</ele></trkpt>
   <trkpt lat="38.67046" lon="-9.23100"><ele>41.2</ele></trkpt>
   <trkpt lat="38.67038" lon="-9.23137"><ele>39.2</ele></trkpt>
   <trkpt lat="38.67044" lon="-9.23147"><ele>38.4</ele></trkpt>
   <trkpt lat="38.67078" lon="-9.23156"><ele>37.6</ele></trkpt>
   <trkpt lat="38.67110" lon="-9.23170"><ele>37.0</ele></trkpt>
   <trkpt lat="38.67116" lon="-9.23173"><ele>37.0</ele></trkpt>
   <trkpt lat="38.67149" lon="-9.23181"><ele>35.8</ele></trkpt>
   <trkpt lat="38.67182" lon="-9.23190"><ele>34.2</ele></trkpt>
   <trkpt lat="38.67215" lon="-9.23199"><ele>32.8</ele></trkpt>
   <trkpt lat="38.67246" lon="-9.23208"><ele>30.8</ele></trkpt>
   <trkpt lat="38.67279" lon="-9.23218"><ele>29.4</ele></trkpt>
   <trkpt lat="38.67312" lon="-9.23228"><ele>29.0</ele></trkpt>
   <trkpt lat="38.67347" lon="-9.23238"><ele>28.0</ele></trkpt>
   <trkpt lat="38.67357" lon="-9.23240"><ele>27.4</ele></trkpt>
   <trkpt lat="38.67366" lon="-9.23249"><ele>25.8</ele></trkpt>
   <trkpt lat="38.67356" lon="-9.23290"><ele>24.8</ele></trkpt>
   <trkpt lat="38.67347" lon="-9.23331"><ele>25.2</ele></trkpt>
   <trkpt lat="38.67335" lon="-9.23371"><ele>25.2</ele></trkpt>
   <trkpt lat="38.67323" lon="-9.23411"><ele>25.6</ele></trkpt>
   <trkpt lat="38.67316" lon="-9.23442"><ele>25.4</ele></trkpt>
   <trkpt lat="38.67292" lon="-9.23471"><ele>25.4</ele></trkpt>
   <trkpt lat="38.67265" lon="-9.23501"><ele>26.0</ele></trkpt>
   <trkpt lat="38.67262" lon="-9.23505"><ele>26.0</ele></trkpt>
   <trkpt lat="38.67244" lon="-9.23540"><ele>26.0</ele></trkpt>
   <trkpt lat="38.67226" lon="-9.23578"><ele>26.4</ele></trkpt>
   <trkpt lat="38.67220" lon="-9.23589"><ele>26.4</ele></trkpt>
   <trkpt lat="38.67211" lon="-9.23592"><ele>26.4</ele></trkpt>
   <trkpt lat="38.67204" lon="-9.23584"><ele>26.2</ele></trkpt>
   <trkpt lat="38.67171" lon="-9.23573"><ele>28.0</ele></trkpt>
   <trkpt lat="38.67162" lon="-9.23572"><ele>29.4</ele></trkpt>
   <trkpt lat="38.67146" lon="-9.23608"><ele>30.8</ele></trkpt>
   <trkpt lat="38.67143" lon="-9.23616"><ele>30.8</ele></trkpt>
   <trkpt lat="38.67119" lon="-9.23650"><ele>31.2</ele></trkpt>
   <trkpt lat="38.67103" lon="-9.23675"><ele>31.2</ele></trkpt>
   <trkpt lat="38.67079" lon="-9.23702"><ele>31.4</ele></trkpt>
   <trkpt lat="38.67076" lon="-9.23706"><ele>31.6</ele></trkpt>
   <trkpt lat="38.67050" lon="-9.23732"><ele>31.6</ele></trkpt>
   <trkpt lat="38.67026" lon="-9.23756"><ele>31.6</ele></trkpt>
   <trkpt lat="38.67001" lon="-9.23782"><ele>31.8</ele></trkpt>
   <trkpt lat="38.66974" lon="-9.23808"><ele>32.2</ele></trkpt>
   <trkpt lat="38.66947" lon="-9.23836"><ele>32.0</ele></trkpt>
   <trkpt lat="38.66922" lon="-9.23861"><ele>32.0</ele></trkpt>
   <trkpt lat="38.66896" lon="-9.23888"><ele>32.2</ele></trkpt>
   <trkpt lat="38.66868" lon="-9.23916"><ele>32.2</ele></trkpt>
   <trkpt lat="38.66841" lon="-9.23943"><ele>32.2</ele></trkpt>
   <trkpt lat="38.66815" lon="-9.23968"><ele>32.4</ele></trkpt>
   <trkpt lat="38.66791" lon="-9.23992"><ele>32.8</ele></trkpt>
   <trkpt lat="38.66777" lon="-9.24005"><ele>33.0</ele></trkpt>
   <trkpt lat="38.66768" lon="-9.24019"><ele>34.0</ele></trkpt>
   <trkpt lat="38.66763" lon="-9.24041"><ele>35.0</ele></trkpt>
   <trkpt lat="38.66732" lon="-9.24057"><ele>35.4</ele></trkpt>
   <trkpt lat="38.66727" lon="-9.24061"><ele>35.8</ele></trkpt>
   <trkpt lat="38.66700" lon="-9.24088"><ele>36.4</ele></trkpt>
   <trkpt lat="38.66673" lon="-9.24117"><ele>37.2</ele></trkpt>
   <trkpt lat="38.66648" lon="-9.24146"><ele>37.2</ele></trkpt>
   <trkpt lat="38.66625" lon="-9.24171"><ele>37.0</ele></trkpt>
   <trkpt lat="38.66599" lon="-9.24198"><ele>36.8</ele></trkpt>
   <trkpt lat="38.66571" lon="-9.24225"><ele>36.0</ele></trkpt>
   <trkpt lat="38.66549" lon="-9.24246"><ele>35.2</ele></trkpt>
   <trkpt lat="38.66526" lon="-9.24268"><ele>34.6</ele></trkpt>
   <trkpt lat="38.66502" lon="-9.24291"><ele>33.6</ele></trkpt>
   <trkpt lat="38.66479" lon="-9.24313"><ele>32.6</ele></trkpt>
   <trkpt lat="38.66454" lon="-9.24337"><ele>30.6</ele></trkpt>
   <trkpt lat="38.66438" lon="-9.24353"><ele>28.4</ele></trkpt>
   <trkpt lat="38.66423" lon="-9.24392"><ele>26.6</ele></trkpt>
   <trkpt lat="38.66406" lon="-9.24396"><ele>26.2</ele></trkpt>
   <trkpt lat="38.66384" lon="-9.24369"><ele>25.8</ele></trkpt>
   <trkpt lat="38.66379" lon="-9.24364"><ele>25.8</ele></trkpt>
   <trkpt lat="38.66349" lon="-9.24347"><ele>25.6</ele></trkpt>
   <trkpt lat="38.66317" lon="-9.24330"><ele>25.6</ele></trkpt>
   <trkpt lat="38.66286" lon="-9.24312"><ele>25.8</ele></trkpt>
   <trkpt lat="38.66255" lon="-9.24295"><ele>25.8</ele></trkpt>
   <trkpt lat="38.66224" lon="-9.24278"><ele>26.0</ele></trkpt>
   <trkpt lat="38.66192" lon="-9.24262"><ele>26.4</ele></trkpt>
   <trkpt lat="38.66161" lon="-9.24245"><ele>26.8</ele></trkpt>
   <trkpt lat="38.66129" lon="-9.24229"><ele>26.8</ele></trkpt>
   <trkpt lat="38.66115" lon="-9.24240"><ele>26.6</ele></trkpt>
   <trkpt lat="38.66127" lon="-9.24280"><ele>27.0</ele></trkpt>
   <trkpt lat="38.66139" lon="-9.24314"><ele>27.4</ele></trkpt>
   <trkpt lat="38.66158" lon="-9.24341"><ele>27.4</ele></trkpt>
   <trkpt lat="38.66188" lon="-9.24362"><ele>27.0</ele></trkpt>
   <trkpt lat="38.66217" lon="-9.24385"><ele>27.2</ele></trkpt>
   <trkpt lat="38.66244" lon="-9.24406"><ele>27.2</ele></trkpt>
   <trkpt lat="38.66271" lon="-9.24426"><ele>27.0</ele></trkpt>
   <trkpt lat="38.66299" lon="-9.24447"><ele>26.8</ele></trkpt>
   <trkpt lat="38.66326" lon="-9.24469"><ele>26.8</ele></trkpt>
   <trkpt lat="38.66354" lon="-9.24489"><ele>26.4</ele></trkpt>
   <trkpt lat="38.66381" lon="-9.24510"><ele>26.6</ele></trkpt>
   <trkpt lat="38.66408" lon="-9.24531"><ele>26.6</ele></trkpt>
   <trkpt lat="38.66435" lon="-9.24550"><ele>27.0</ele></trkpt>
   <trkpt lat="38.66449" lon="-9.24560"><ele>27.0</ele></trkpt>
   <trkpt lat="38.66476" lon="-9.24582"><ele>27.0</ele></trkpt>
   <trkpt lat="38.66504" lon="-9.24603"><ele>27.2</ele></trkpt>
   <trkpt lat="38.66529" lon="-9.24626"><ele>27.2</ele></trkpt>
   <trkpt lat="38.66557" lon="-9.24643"><ele>27.2</ele></trkpt>
   <trkpt lat="38.66576" lon="-9.24654"><ele>27.0</ele></trkpt>
   <trkpt lat="38.66587" lon="-9.24677"><ele>27.2</ele></trkpt>
   <trkpt lat="38.66584" lon="-9.24718"><ele>27.2</ele></trkpt>
   <trkpt lat="38.66580" lon="-9.24761"><ele>26.8</ele></trkpt>
   <trkpt lat="38.66576" lon="-9.24800"><ele>26.6</ele></trkpt>
   <trkpt lat="38.66571" lon="-9.24841"><ele>26.6</ele></trkpt>
   <trkpt lat="38.66566" lon="-9.24882"><ele>26.6</ele></trkpt>
   <trkpt lat="38.66557" lon="-9.24924"><ele>26.6</ele></trkpt>
   <trkpt lat="38.66546" lon="-9.24965"><ele>26.4</ele></trkpt>
   <trkpt lat="38.66536" lon="-9.25003"><ele>26.6</ele></trkpt>
   <trkpt lat="38.66527" lon="-9.25040"><ele>26.8</ele></trkpt>
   <trkpt lat="38.66519" lon="-9.25075"><ele>27.0</ele></trkpt>
   <trkpt lat="38.66511" lon="-9.25117"><ele>27.2</ele></trkpt>
   <trkpt lat="38.66505" lon="-9.25160"><ele>27.0</ele></trkpt>
   <trkpt lat="38.66497" lon="-9.25202"><ele>27.0</ele></trkpt>
   <trkpt lat="38.66489" lon="-9.25246"><ele>27.0</ele></trkpt>
   <trkpt lat="38.66481" lon="-9.25285"><ele>27.0</ele></trkpt>
   <trkpt lat="38.66474" lon="-9.25325"><ele>27.0</ele></trkpt>
   <trkpt lat="38.66473" lon="-9.25333"><ele>27.0</ele></trkpt>
   <trkpt lat="38.66472" lon="-9.25377"><ele>27.2</ele></trkpt>
   <trkpt lat="38.66475" lon="-9.25413"><ele>27.0</ele></trkpt>
   <trkpt lat="38.66475" lon="-9.25433"><ele>27.0</ele></trkpt>
   <trkpt lat="38.66480" lon="-9.25471"><ele>26.8</ele></trkpt>
   <trkpt lat="38.66484" lon="-9.25515"><ele>26.4</ele></trkpt>
   <trkpt lat="38.66486" lon="-9.25525"><ele>26.2</ele></trkpt>
   <trkpt lat="38.66482" lon="-9.25567"><ele>26.0</ele></trkpt>
   <trkpt lat="38.66481" lon="-9.25576"><ele>26.0</ele></trkpt>
   <trkpt lat="38.66467" lon="-9.25616"><ele>26.0</ele></trkpt>
   <trkpt lat="38.66464" lon="-9.25625"><ele>25.8</ele></trkpt>
   <trkpt lat="38.66440" lon="-9.25657"><ele>24.8</ele></trkpt>
   <trkpt lat="38.66425" lon="-9.25679"><ele>24.8</ele></trkpt>
   <trkpt lat="38.66405" lon="-9.25667"><ele>24.8</ele></trkpt>
   <trkpt lat="38.66381" lon="-9.25661"><ele>25.4</ele></trkpt>
   <trkpt lat="38.66356" lon="-9.25633"><ele>24.8</ele></trkpt>
   <trkpt lat="38.66330" lon="-9.25603"><ele>24.6</ele></trkpt>
   <trkpt lat="38.66327" lon="-9.25598"><ele>24.8</ele></trkpt>
   <trkpt lat="38.66333" lon="-9.25584"><ele>25.0</ele></trkpt>
   <trkpt lat="38.66363" lon="-9.25566"><ele>25.0</ele></trkpt>
   <trkpt lat="38.66367" lon="-9.25563"><ele>25.0</ele></trkpt>
   <trkpt lat="38.66363" lon="-9.25547"><ele>25.0</ele></trkpt>
   <trkpt lat="38.66331" lon="-9.25549"><ele>25.0</ele></trkpt>
   <trkpt lat="38.66326" lon="-9.25549"><ele>25.0</ele></trkpt>
   <trkpt lat="38.66294" lon="-9.25562"><ele>25.4</ele></trkpt>
   <trkpt lat="38.66273" lon="-9.25568"><ele>26.0</ele></trkpt>
   <trkpt lat="38.66256" lon="-9.25570"><ele>26.4</ele></trkpt>
   <trkpt lat="38.66233" lon="-9.25563"><ele>26.6</ele></trkpt>
   <trkpt lat="38.66218" lon="-9.25551"><ele>26.6</ele></trkpt>
   <trkpt lat="38.66209" lon="-9.25525"><ele>26.4</ele></trkpt>
   <trkpt lat="38.66199" lon="-9.25512"><ele>26.4</ele></trkpt>
   <trkpt lat="38.66170" lon="-9.25493"><ele>25.8</ele></trkpt>
   <trkpt lat="38.66166" lon="-9.25490"><ele>25.8</ele></trkpt>
   <trkpt lat="38.66141" lon="-9.25466"><ele>25.6</ele></trkpt>
   <trkpt lat="38.66111" lon="-9.25442"><ele>25.8</ele></trkpt>
   <trkpt lat="38.66082" lon="-9.25416"><ele>26.4</ele></trkpt>
   <trkpt lat="38.66058" lon="-9.25383"><ele>26.2</ele></trkpt>
   <trkpt lat="38.66041" lon="-9.25351"><ele>25.6</ele></trkpt>
   <trkpt lat="38.66028" lon="-9.25314"><ele>25.4</ele></trkpt>
   <trkpt lat="38.66014" lon="-9.25277"><ele>25.4</ele></trkpt>
   <trkpt lat="38.66001" lon="-9.25239"><ele>25.2</ele></trkpt>
   <trkpt lat="38.65988" lon="-9.25197"><ele>24.8</ele></trkpt>
   <trkpt lat="38.65977" lon="-9.25172"><ele>24.8</ele></trkpt>
   <trkpt lat="38.65958" lon="-9.25149"><ele>24.8</ele></trkpt>
   <trkpt lat="38.65929" lon="-9.25127"><ele>25.2</ele></trkpt>
   <trkpt lat="38.65926" lon="-9.25124"><ele>25.4</ele></trkpt>
   <trkpt lat="38.65911" lon="-9.25088"><ele>25.6</ele></trkpt>
   <trkpt lat="38.65902" lon="-9.25071"><ele>25.8</ele></trkpt>
   <trkpt lat="38.65878" lon="-9.25039"><ele>25.2</ele></trkpt>
   <trkpt lat="38.65869" lon="-9.25031"><ele>25.0</ele></trkpt>
   <trkpt lat="38.65868" lon="-9.25019"><ele>25.0</ele></trkpt>
   <trkpt lat="38.65876" lon="-9.24996"><ele>25.2</ele></trkpt>
   <trkpt lat="38.65893" lon="-9.24960"><ele>25.6</ele></trkpt>
   <trkpt lat="38.65910" lon="-9.24923"><ele>25.8</ele></trkpt>
   <trkpt lat="38.65927" lon="-9.24886"><ele>26.0</ele></trkpt>
   <trkpt lat="38.65944" lon="-9.24847"><ele>26.6</ele></trkpt>
   <trkpt lat="38.65961" lon="-9.24808"><ele>26.4</ele></trkpt>
   <trkpt lat="38.65977" lon="-9.24772"><ele>26.8</ele></trkpt>
   <trkpt lat="38.65994" lon="-9.24739"><ele>27.0</ele></trkpt>
   <trkpt lat="38.66011" lon="-9.24701"><ele>26.6</ele></trkpt>
   <trkpt lat="38.66029" lon="-9.24662"><ele>26.0</ele></trkpt>
   <trkpt lat="38.66046" lon="-9.24624"><ele>26.4</ele></trkpt>
   <trkpt lat="38.66062" lon="-9.24587"><ele>26.6</ele></trkpt>
   <trkpt lat="38.66079" lon="-9.24549"><ele>27.0</ele></trkpt>
   <trkpt lat="38.66096" lon="-9.24512"><ele>27.0</ele></trkpt>
   <trkpt lat="38.66112" lon="-9.24477"><ele>26.4</ele></trkpt>
   <trkpt lat="38.66122" lon="-9.24458"><ele>26.6</ele></trkpt>
   <trkpt lat="38.66134" lon="-9.24420"><ele>27.2</ele></trkpt>
   <trkpt lat="38.66143" lon="-9.24380"><ele>27.4</ele></trkpt>
   <trkpt lat="38.66149" lon="-9.24365"><ele>27.2</ele></trkpt>
   <trkpt lat="38.66150" lon="-9.24343"><ele>27.0</ele></trkpt>
   <trkpt lat="38.66136" lon="-9.24306"><ele>27.2</ele></trkpt>
   <trkpt lat="38.66120" lon="-9.24268"><ele>27.2</ele></trkpt>
   <trkpt lat="38.66113" lon="-9.24252"><ele>27.2</ele></trkpt>
   <trkpt lat="38.66104" lon="-9.24219"><ele>27.0</ele></trkpt>
   <trkpt lat="38.66097" lon="-9.24211"><ele>26.8</ele></trkpt>
   <trkpt lat="38.66067" lon="-9.24195"><ele>26.4</ele></trkpt>
   <trkpt lat="38.66037" lon="-9.24179"><ele>26.6</ele></trkpt>
   <trkpt lat="38.66007" lon="-9.24164"><ele>26.4</ele></trkpt>
   <trkpt lat="38.65977" lon="-9.24150"><ele>26.4</ele></trkpt>
   <trkpt lat="38.65946" lon="-9.24134"><ele>26.2</ele></trkpt>
   <trkpt lat="38.65914" lon="-9.24117"><ele>26.2</ele></trkpt>
   <trkpt lat="38.65881" lon="-9.24099"><ele>26.2</ele></trkpt>
   <trkpt lat="38.65849" lon="-9.24081"><ele>26.2</ele></trkpt>
   <trkpt lat="38.65844" lon="-9.24078"><ele>26.2</ele></trkpt>
   <trkpt lat="38.65818" lon="-9.24070"><ele>26.2</ele></trkpt>
   <trkpt lat="38.65811" lon="-9.24062"><ele>26.2</ele></trkpt>
   <trkpt lat="38.65811" lon="-9.24051"><ele>26.4</ele></trkpt>
   <trkpt lat="38.65829" lon="-9.24023"><ele>26.6</ele></trkpt>
   <trkpt lat="38.65834" lon="-9.24004"><ele>27.0</ele></trkpt>
   <trkpt lat="38.65832" lon="-9.23964"><ele>27.2</ele></trkpt>
   <trkpt lat="38.65821" lon="-9.23924"><ele>27.4</ele></trkpt>
   <trkpt lat="38.65804" lon="-9.23887"><ele>27.4</ele></trkpt>
   <trkpt lat="38.65800" lon="-9.23873"><ele>27.4</ele></trkpt>
   <trkpt lat="38.65781" lon="-9.23836"><ele>27.6</ele></trkpt>
   <trkpt lat="38.65763" lon="-9.23802"><ele>27.6</ele></trkpt>
   <trkpt lat="38.65740" lon="-9.23774"><ele>27.8</ele></trkpt>
   <trkpt lat="38.65715" lon="-9.23747"><ele>27.8</ele></trkpt>
   <trkpt lat="38.65691" lon="-9.23722"><ele>28.0</ele></trkpt>
   <trkpt lat="38.65679" lon="-9.23710"><ele>28.0</ele></trkpt>
   <trkpt lat="38.65649" lon="-9.23691"><ele>28.0</ele></trkpt>
   <trkpt lat="38.65619" lon="-9.23674"><ele>27.8</ele></trkpt>
   <trkpt lat="38.65589" lon="-9.23658"><ele>27.2</ele></trkpt>
   <trkpt lat="38.65575" lon="-9.23650"><ele>27.2</ele></trkpt>
   <trkpt lat="38.65545" lon="-9.23635"><ele>27.4</ele></trkpt>
   <trkpt lat="38.65512" lon="-9.23618"><ele>27.4</ele></trkpt>
   <trkpt lat="38.65494" lon="-9.23610"><ele>27.4</ele></trkpt>
   <trkpt lat="38.65486" lon="-9.23614"><ele>27.2</ele></trkpt>
   <trkpt lat="38.65473" lon="-9.23653"><ele>26.4</ele></trkpt>
   <trkpt lat="38.65460" lon="-9.23695"><ele>26.4</ele></trkpt>
   <trkpt lat="38.65447" lon="-9.23735"><ele>26.0</ele></trkpt>
   <trkpt lat="38.65445" lon="-9.23745"><ele>26.0</ele></trkpt>
   <trkpt lat="38.65435" lon="-9.23754"><ele>25.6</ele></trkpt>
   <trkpt lat="38.65405" lon="-9.23739"><ele>25.4</ele></trkpt>
   <trkpt lat="38.65406" lon="-9.23732"><ele>25.6</ele></trkpt>
   <trkpt lat="38.65399" lon="-9.23727"><ele>25.8</ele></trkpt>
   <trkpt lat="38.65393" lon="-9.23712"><ele>29.6</ele></trkpt>
   <trkpt lat="38.65372" lon="-9.23721"><ele>29.6</ele></trkpt>
   <trkpt lat="38.65341" lon="-9.23704"><ele>29.0</ele></trkpt>
   <trkpt lat="38.65326" lon="-9.23696"><ele>29.2</ele></trkpt>
   <trkpt lat="38.65315" lon="-9.23697"><ele>29.2</ele></trkpt>
   <trkpt lat="38.65311" lon="-9.23690"><ele>29.2</ele></trkpt>
   <trkpt lat="38.65280" lon="-9.23671"><ele>29.8</ele></trkpt>
   <trkpt lat="38.65249" lon="-9.23655"><ele>29.6</ele></trkpt>
   <trkpt lat="38.65216" lon="-9.23638"><ele>29.6</ele></trkpt>
   <trkpt lat="38.65184" lon="-9.23623"><ele>30.4</ele></trkpt>
   <trkpt lat="38.65176" lon="-9.23618"><ele>30.6</ele></trkpt>
   <trkpt lat="38.65171" lon="-9.23620"><ele>30.6</ele></trkpt>
   <trkpt lat="38.65164" lon="-9.23636"><ele>30.4</ele></trkpt>
   <trkpt lat="38.65154" lon="-9.23669"><ele>30.2</ele></trkpt>
   <trkpt lat="38.65152" lon="-9.23696"><ele>30.2</ele></trkpt>
   <trkpt lat="38.65142" lon="-9.23706"><ele>30.4</ele></trkpt>
   <trkpt lat="38.65113" lon="-9.23687"><ele>30.6</ele></trkpt>
   <trkpt lat="38.65080" lon="-9.23669"><ele>30.6</ele></trkpt>
   <trkpt lat="38.65051" lon="-9.23654"><ele>30.6</ele></trkpt>
   <trkpt lat="38.65023" lon="-9.23639"><ele>30.8</ele></trkpt>
   <trkpt lat="38.64995" lon="-9.23625"><ele>30.8</ele></trkpt>
   <trkpt lat="38.64967" lon="-9.23610"><ele>30.8</ele></trkpt>
   <trkpt lat="38.64934" lon="-9.23592"><ele>30.6</ele></trkpt>
   <trkpt lat="38.64902" lon="-9.23573"><ele>30.4</ele></trkpt>
   <trkpt lat="38.64892" lon="-9.23566"><ele>30.4</ele></trkpt>
   <trkpt lat="38.64871" lon="-9.23565"><ele>30.0</ele></trkpt>
   <trkpt lat="38.64861" lon="-9.23584"><ele>29.8</ele></trkpt>
   <trkpt lat="38.64851" lon="-9.23622"><ele>29.6</ele></trkpt>
   <trkpt lat="38.64838" lon="-9.23661"><ele>29.4</ele></trkpt>
   <trkpt lat="38.64828" lon="-9.23702"><ele>29.2</ele></trkpt>
   <trkpt lat="38.64826" lon="-9.23710"><ele>29.2</ele></trkpt>
   <trkpt lat="38.64811" lon="-9.23734"><ele>29.2</ele></trkpt>
   <trkpt lat="38.64798" lon="-9.23775"><ele>29.4</ele></trkpt>
   <trkpt lat="38.64785" lon="-9.23812"><ele>29.0</ele></trkpt>
   <trkpt lat="38.64773" lon="-9.23850"><ele>30.0</ele></trkpt>
   <trkpt lat="38.64759" lon="-9.23888"><ele>30.0</ele></trkpt>
   <trkpt lat="38.64746" lon="-9.23924"><ele>28.8</ele></trkpt>
   <trkpt lat="38.64733" lon="-9.23963"><ele>29.0</ele></trkpt>
   <trkpt lat="38.64720" lon="-9.24003"><ele>29.6</ele></trkpt>
   <trkpt lat="38.64707" lon="-9.24043"><ele>29.8</ele></trkpt>
   <trkpt lat="38.64694" lon="-9.24081"><ele>30.2</ele></trkpt>
   <trkpt lat="38.64680" lon="-9.24121"><ele>29.4</ele></trkpt>
   <trkpt lat="38.64666" lon="-9.24160"><ele>30.0</ele></trkpt>
   <trkpt lat="38.64659" lon="-9.24188"><ele>29.6</ele></trkpt>
   <trkpt lat="38.64660" lon="-9.24232"><ele>29.2</ele></trkpt>
   <trkpt lat="38.64659" lon="-9.24243"><ele>29.2</ele></trkpt>
   <trkpt lat="38.64630" lon="-9.24225"><ele>30.2</ele></trkpt>
   <trkpt lat="38.64612" lon="-9.24214"><ele>31.0</ele></trkpt>
   <trkpt lat="38.64613" lon="-9.24220"><ele>31.4</ele></trkpt>
   <trkpt lat="38.64645" lon="-9.24240"><ele>32.2</ele></trkpt>
   <trkpt lat="38.64657" lon="-9.24250"><ele>32.6</ele></trkpt>
   <trkpt lat="38.64653" lon="-9.24259"><ele>33.0</ele></trkpt>
   <trkpt lat="38.64641" lon="-9.24253"><ele>33.4</ele></trkpt>
   <trkpt lat="38.64612" lon="-9.24230"><ele>33.6</ele></trkpt>
   <trkpt lat="38.64592" lon="-9.24212"><ele>33.2</ele></trkpt>
   <trkpt lat="38.64563" lon="-9.24196"><ele>33.4</ele></trkpt>
   <trkpt lat="38.64533" lon="-9.24173"><ele>33.2</ele></trkpt>
   <trkpt lat="38.64504" lon="-9.24151"><ele>33.2</ele></trkpt>
   <trkpt lat="38.64473" lon="-9.24132"><ele>33.2</ele></trkpt>
   <trkpt lat="38.64444" lon="-9.24110"><ele>33.0</ele></trkpt>
   <trkpt lat="38.64413" lon="-9.24088"><ele>33.2</ele></trkpt>
   <trkpt lat="38.64382" lon="-9.24068"><ele>33.4</ele></trkpt>
   <trkpt lat="38.64351" lon="-9.24049"><ele>33.2</ele></trkpt>
   <trkpt lat="38.64334" lon="-9.24036"><ele>33.2</ele></trkpt>
   <trkpt lat="38.64321" lon="-9.24021"><ele>33.2</ele></trkpt>
   <trkpt lat="38.64317" lon="-9.24007"><ele>33.2</ele></trkpt>
   <trkpt lat="38.64313" lon="-9.23964"><ele>33.2</ele></trkpt>
   <trkpt lat="38.64313" lon="-9.23955"><ele>33.4</ele></trkpt>
   <trkpt lat="38.64305" lon="-9.23928"><ele>33.2</ele></trkpt>
   <trkpt lat="38.64279" lon="-9.23902"><ele>33.0</ele></trkpt>
   <trkpt lat="38.64272" lon="-9.23894"><ele>33.0</ele></trkpt>
   <trkpt lat="38.64244" lon="-9.23871"><ele>33.2</ele></trkpt>
   <trkpt lat="38.64217" lon="-9.23848"><ele>33.4</ele></trkpt>
   <trkpt lat="38.64190" lon="-9.23823"><ele>33.4</ele></trkpt>
   <trkpt lat="38.64162" lon="-9.23800"><ele>33.6</ele></trkpt>
   <trkpt lat="38.64134" lon="-9.23775"><ele>33.6</ele></trkpt>
   <trkpt lat="38.64115" lon="-9.23760"><ele>33.4</ele></trkpt>
   <trkpt lat="38.64080" lon="-9.23752"><ele>33.0</ele></trkpt>
   <trkpt lat="38.64055" lon="-9.23728"><ele>32.8</ele></trkpt>
   <trkpt lat="38.64027" lon="-9.23703"><ele>33.0</ele></trkpt>
   <trkpt lat="38.64001" lon="-9.23680"><ele>33.2</ele></trkpt>
   <trkpt lat="38.63974" lon="-9.23656"><ele>33.4</ele></trkpt>
   <trkpt lat="38.63945" lon="-9.23630"><ele>33.8</ele></trkpt>
   <trkpt lat="38.63924" lon="-9.23614"><ele>33.8</ele></trkpt>
   <trkpt lat="38.63901" lon="-9.23583"><ele>33.4</ele></trkpt>
   <trkpt lat="38.63889" lon="-9.23568"><ele>33.2</ele></trkpt>
   <trkpt lat="38.63860" lon="-9.23549"><ele>33.4</ele></trkpt>
   <trkpt lat="38.63830" lon="-9.23531"><ele>33.4</ele></trkpt>
   <trkpt lat="38.63804" lon="-9.23519"><ele>33.4</ele></trkpt>
   <trkpt lat="38.63777" lon="-9.23497"><ele>33.4</ele></trkpt>
   <trkpt lat="38.63747" lon="-9.23477"><ele>33.8</ele></trkpt>
   <trkpt lat="38.63716" lon="-9.23458"><ele>34.2</ele></trkpt>
   <trkpt lat="38.63706" lon="-9.23451"><ele>34.2</ele></trkpt>
   <trkpt lat="38.63685" lon="-9.23419"><ele>34.0</ele></trkpt>
   <trkpt lat="38.63679" lon="-9.23412"><ele>34.0</ele></trkpt>
   <trkpt lat="38.63650" lon="-9.23387"><ele>34.4</ele></trkpt>
   <trkpt lat="38.63621" lon="-9.23361"><ele>34.0</ele></trkpt>
   <trkpt lat="38.63595" lon="-9.23338"><ele>33.8</ele></trkpt>
   <trkpt lat="38.63568" lon="-9.23313"><ele>33.8</ele></trkpt>
   <trkpt lat="38.63540" lon="-9.23288"><ele>34.0</ele></trkpt>
   <trkpt lat="38.63513" lon="-9.23265"><ele>34.0</ele></trkpt>
   <trkpt lat="38.63494" lon="-9.23247"><ele>34.0</ele></trkpt>
   <trkpt lat="38.63477" lon="-9.23209"><ele>33.8</ele></trkpt>
   <trkpt lat="38.63475" lon="-9.23204"><ele>33.8</ele></trkpt>
   <trkpt lat="38.63471" lon="-9.23203"><ele>33.6</ele></trkpt>
   <trkpt lat="38.63470" lon="-9.23209"><ele>33.6</ele></trkpt>
   <trkpt lat="38.63490" lon="-9.23246"><ele>33.6</ele></trkpt>
   <trkpt lat="38.63519" lon="-9.23271"><ele>34.6</ele></trkpt>
   <trkpt lat="38.63546" lon="-9.23296"><ele>34.2</ele></trkpt>
   <trkpt lat="38.63564" lon="-9.23309"><ele>34.0</ele></trkpt>
   <trkpt lat="38.63563" lon="-9.23313"><ele>34.0</ele></trkpt>
   <trkpt lat="38.63558" lon="-9.23305"><ele>34.0</ele></trkpt>
   <trkpt lat="38.63577" lon="-9.23271"><ele>34.0</ele></trkpt>
   <trkpt lat="38.63597" lon="-9.23236"><ele>35.0</ele></trkpt>
   <trkpt lat="38.63612" lon="-9.23204"><ele>35.4</ele></trkpt>
   <trkpt lat="38.63586" lon="-9.23179"><ele>34.4</ele></trkpt>
   <trkpt lat="38.63556" lon="-9.23155"><ele>34.0</ele></trkpt>
   <trkpt lat="38.63533" lon="-9.23134"><ele>34.2</ele></trkpt>
   <trkpt lat="38.63506" lon="-9.23106"><ele>34.4</ele></trkpt>
   <trkpt lat="38.63479" lon="-9.23079"><ele>34.4</ele></trkpt>
   <trkpt lat="38.63452" lon="-9.23051"><ele>34.6</ele></trkpt>
   <trkpt lat="38.63442" lon="-9.23040"><ele>34.6</ele></trkpt>
   <trkpt lat="38.63424" lon="-9.23036"><ele>34.6</ele></trkpt>
   <trkpt lat="38.63413" lon="-9.23050"><ele>34.6</ele></trkpt>
   <trkpt lat="38.63406" lon="-9.23052"><ele>35.0</ele></trkpt>
   <trkpt lat="38.63399" lon="-9.23047"><ele>35.4</ele></trkpt>
   <trkpt lat="38.63397" lon="-9.23037"><ele>35.6</ele></trkpt>
   <trkpt lat="38.63404" lon="-9.23025"><ele>35.6</ele></trkpt>
   <trkpt lat="38.63432" lon="-9.23014"><ele>36.0</ele></trkpt>
   <trkpt lat="38.63445" lon="-9.23009"><ele>36.0</ele></trkpt>
   <trkpt lat="38.63461" lon="-9.22994"><ele>35.4</ele></trkpt>
   <trkpt lat="38.63480" lon="-9.22956"><ele>32.6</ele></trkpt>
   <trkpt lat="38.63500" lon="-9.22923"><ele>32.0</ele></trkpt>
   <trkpt lat="38.63520" lon="-9.22886"><ele>32.0</ele></trkpt>
   <trkpt lat="38.63542" lon="-9.22853"><ele>32.2</ele></trkpt>
   <trkpt lat="38.63558" lon="-9.22828"><ele>32.4</ele></trkpt>
   <trkpt lat="38.63560" lon="-9.22814"><ele>32.4</ele></trkpt>
   <trkpt lat="38.63553" lon="-9.22804"><ele>32.4</ele></trkpt>
   <trkpt lat="38.63549" lon="-9.22784"><ele>32.2</ele></trkpt>
   <trkpt lat="38.63525" lon="-9.22757"><ele>31.8</ele></trkpt>
   <trkpt lat="38.63500" lon="-9.22730"><ele>31.6</ele></trkpt>
   <trkpt lat="38.63475" lon="-9.22704"><ele>31.6</ele></trkpt>
   <trkpt lat="38.63451" lon="-9.22679"><ele>33.2</ele></trkpt>
   <trkpt lat="38.63424" lon="-9.22651"><ele>33.2</ele></trkpt>
   <trkpt lat="38.63397" lon="-9.22622"><ele>31.4</ele></trkpt>
   <trkpt lat="38.63369" lon="-9.22594"><ele>31.8</ele></trkpt>
   <trkpt lat="38.63345" lon="-9.22568"><ele>32.4</ele></trkpt>
   <trkpt lat="38.63320" lon="-9.22542"><ele>32.4</ele></trkpt>
   <trkpt lat="38.63295" lon="-9.22515"><ele>31.8</ele></trkpt>
   <trkpt lat="38.63270" lon="-9.22489"><ele>31.6</ele></trkpt>
   <trkpt lat="38.63246" lon="-9.22465"><ele>31.6</ele></trkpt>
   <trkpt lat="38.63222" lon="-9.22437"><ele>31.6</ele></trkpt>
   <trkpt lat="38.63200" lon="-9.22407"><ele>31.8</ele></trkpt>
   <trkpt lat="38.63186" lon="-9.22391"><ele>31.6</ele></trkpt>
   <trkpt lat="38.63161" lon="-9.22365"><ele>31.6</ele></trkpt>
   <trkpt lat="38.63152" lon="-9.22356"><ele>31.6</ele></trkpt>
   <trkpt lat="38.63130" lon="-9.22342"><ele>31.8</ele></trkpt>
   <trkpt lat="38.63106" lon="-9.22316"><ele>32.0</ele></trkpt>
   <trkpt lat="38.63081" lon="-9.22289"><ele>32.0</ele></trkpt>
   <trkpt lat="38.63062" lon="-9.22270"><ele>32.0</ele></trkpt>
   <trkpt lat="38.63038" lon="-9.22240"><ele>31.6</ele></trkpt>
   <trkpt lat="38.63031" lon="-9.22229"><ele>31.6</ele></trkpt>
   <trkpt lat="38.63004" lon="-9.22201"><ele>31.6</ele></trkpt>
   <trkpt lat="38.62978" lon="-9.22172"><ele>32.4</ele></trkpt>
   <trkpt lat="38.62951" lon="-9.22142"><ele>32.6</ele></trkpt>
   <trkpt lat="38.62928" lon="-9.22115"><ele>31.8</ele></trkpt>
   <trkpt lat="38.62922" lon="-9.22106"><ele>31.6</ele></trkpt>
   <trkpt lat="38.62897" lon="-9.22082"><ele>31.4</ele></trkpt>
   <trkpt lat="38.62872" lon="-9.22056"><ele>31.4</ele></trkpt>
   <trkpt lat="38.62846" lon="-9.22030"><ele>31.4</ele></trkpt>
   <trkpt lat="38.62822" lon="-9.22005"><ele>31.8</ele></trkpt>
   <trkpt lat="38.62795" lon="-9.21976"><ele>32.0</ele></trkpt>
   <trkpt lat="38.62768" lon="-9.21947"><ele>32.6</ele></trkpt>
   <trkpt lat="38.62741" lon="-9.21919"><ele>33.2</ele></trkpt>
   <trkpt lat="38.62716" lon="-9.21893"><ele>33.8</ele></trkpt>
   <trkpt lat="38.62696" lon="-9.21873"><ele>33.8</ele></trkpt>
   <trkpt lat="38.62667" lon="-9.21860"><ele>33.8</ele></trkpt>
   <trkpt lat="38.62662" lon="-9.21856"><ele>33.8</ele></trkpt>
   <trkpt lat="38.62646" lon="-9.21819"><ele>33.8</ele></trkpt>
   <trkpt lat="38.62619" lon="-9.21790"><ele>34.2</ele></trkpt>
   <trkpt lat="38.62595" lon="-9.21764"><ele>34.4</ele></trkpt>
   <trkpt lat="38.62570" lon="-9.21739"><ele>34.6</ele></trkpt>
   <trkpt lat="38.62544" lon="-9.21711"><ele>35.0</ele></trkpt>
   <trkpt lat="38.62535" lon="-9.21701"><ele>35.0</ele></trkpt>
   <trkpt lat="38.62508" lon="-9.21675"><ele>35.4</ele></trkpt>
   <trkpt lat="38.62491" lon="-9.21658"><ele>35.8</ele></trkpt>
   <trkpt lat="38.62461" lon="-9.21636"><ele>35.8</ele></trkpt>
   <trkpt lat="38.62429" lon="-9.21616"><ele>36.2</ele></trkpt>
   <trkpt lat="38.62401" lon="-9.21600"><ele>36.4</ele></trkpt>
   <trkpt lat="38.62372" lon="-9.21585"><ele>36.4</ele></trkpt>
   <trkpt lat="38.62366" lon="-9.21582"><ele>36.6</ele></trkpt>
   <trkpt lat="38.62336" lon="-9.21574"><ele>36.6</ele></trkpt>
   <trkpt lat="38.62317" lon="-9.21555"><ele>36.6</ele></trkpt>
   <trkpt lat="38.62289" lon="-9.21540"><ele>36.8</ele></trkpt>
   <trkpt lat="38.62262" lon="-9.21524"><ele>37.4</ele></trkpt>
   <trkpt lat="38.62233" lon="-9.21509"><ele>37.4</ele></trkpt>
   <trkpt lat="38.62210" lon="-9.21494"><ele>37.2</ele></trkpt>
   <trkpt lat="38.62178" lon="-9.21477"><ele>37.2</ele></trkpt>
   <trkpt lat="38.62150" lon="-9.21461"><ele>37.0</ele></trkpt>
   <trkpt lat="38.62122" lon="-9.21445"><ele>36.4</ele></trkpt>
   <trkpt lat="38.62094" lon="-9.21429"><ele>35.6</ele></trkpt>
   <trkpt lat="38.62066" lon="-9.21413"><ele>35.2</ele></trkpt>
   <trkpt lat="38.62038" lon="-9.21398"><ele>35.0</ele></trkpt>
   <trkpt lat="38.62011" lon="-9.21382"><ele>35.0</ele></trkpt>
   <trkpt lat="38.61978" lon="-9.21364"><ele>34.2</ele></trkpt>
   <trkpt lat="38.61952" lon="-9.21349"><ele>34.4</ele></trkpt>
   <trkpt lat="38.61920" lon="-9.21331"><ele>34.4</ele></trkpt>
   <trkpt lat="38.61890" lon="-9.21313"><ele>35.0</ele></trkpt>
   <trkpt lat="38.61861" lon="-9.21297"><ele>35.0</ele></trkpt>
   <trkpt lat="38.61840" lon="-9.21284"><ele>35.0</ele></trkpt>
   <trkpt lat="38.61808" lon="-9.21274"><ele>35.0</ele></trkpt>
   <trkpt lat="38.61779" lon="-9.21249"><ele>35.0</ele></trkpt>
   <trkpt lat="38.61751" lon="-9.21232"><ele>35.2</ele></trkpt>
   <trkpt lat="38.61723" lon="-9.21214"><ele>34.8</ele></trkpt>
   <trkpt lat="38.61696" lon="-9.21196"><ele>34.6</ele></trkpt>
   <trkpt lat="38.61667" lon="-9.21176"><ele>34.6</ele></trkpt>
   <trkpt lat="38.61638" lon="-9.21156"><ele>34.4</ele></trkpt>
   <trkpt lat="38.61609" lon="-9.21137"><ele>34.2</ele></trkpt>
   <trkpt lat="38.61581" lon="-9.21117"><ele>34.4</ele></trkpt>
   <trkpt lat="38.61554" lon="-9.21097"><ele>34.2</ele></trkpt>
   <trkpt lat="38.61526" lon="-9.21078"><ele>34.8</ele></trkpt>
   <trkpt lat="38.61497" lon="-9.21064"><ele>35.2</ele></trkpt>
   <trkpt lat="38.61485" lon="-9.21058"><ele>35.4</ele></trkpt>
   <trkpt lat="38.61462" lon="-9.21033"><ele>35.6</ele></trkpt>
   <trkpt lat="38.61451" lon="-9.21025"><ele>35.4</ele></trkpt>
   <trkpt lat="38.61424" lon="-9.21007"><ele>35.4</ele></trkpt>
   <trkpt lat="38.61395" lon="-9.20986"><ele>35.4</ele></trkpt>
   <trkpt lat="38.61367" lon="-9.20966"><ele>35.6</ele></trkpt>
   <trkpt lat="38.61338" lon="-9.20947"><ele>35.6</ele></trkpt>
   <trkpt lat="38.61309" lon="-9.20927"><ele>36.6</ele></trkpt>
   <trkpt lat="38.61280" lon="-9.20907"><ele>37.0</ele></trkpt>
   <trkpt lat="38.61250" lon="-9.20886"><ele>36.6</ele></trkpt>
   <trkpt lat="38.61220" lon="-9.20866"><ele>37.0</ele></trkpt>
   <trkpt lat="38.61191" lon="-9.20846"><ele>37.2</ele></trkpt>
   <trkpt lat="38.61163" lon="-9.20826"><ele>37.6</ele></trkpt>
   <trkpt lat="38.61145" lon="-9.20813"><ele>37.8</ele></trkpt>
   <trkpt lat="38.61116" lon="-9.20797"><ele>38.0</ele></trkpt>
   <trkpt lat="38.61097" lon="-9.20787"><ele>38.2</ele></trkpt>
   <trkpt lat="38.61081" lon="-9.20769"><ele>38.0</ele></trkpt>
   <trkpt lat="38.61050" lon="-9.20748"><ele>38.2</ele></trkpt>
   <trkpt lat="38.61020" lon="-9.20725"><ele>39.2</ele></trkpt>
   <trkpt lat="38.60995" lon="-9.20697"><ele>40.0</ele></trkpt>
   <trkpt lat="38.60979" lon="-9.20677"><ele>40.2</ele></trkpt>
   <trkpt lat="38.60959" lon="-9.20641"><ele>41.4</ele></trkpt>
   <trkpt lat="38.60958" lon="-9.20637"><ele>41.4</ele></trkpt>
   <trkpt lat="38.60935" lon="-9.20607"><ele>43.2</ele></trkpt>
   <trkpt lat="38.60922" lon="-9.20565"><ele>45.8</ele></trkpt>
   <trkpt lat="38.60920" lon="-9.20559"><ele>46.4</ele></trkpt>
   <trkpt lat="38.60902" lon="-9.20522"><ele>50.0</ele></trkpt>
   <trkpt lat="38.60884" lon="-9.20484"><ele>53.2</ele></trkpt>
   <trkpt lat="38.60865" lon="-9.20447"><ele>56.6</ele></trkpt>
   <trkpt lat="38.60848" lon="-9.20410"><ele>59.2</ele></trkpt>
   <trkpt lat="38.60833" lon="-9.20382"><ele>61.8</ele></trkpt>
   <trkpt lat="38.60820" lon="-9.20345"><ele>64.6</ele></trkpt>
   <trkpt lat="38.60813" lon="-9.20301"><ele>68.2</ele></trkpt>
   <trkpt lat="38.60811" lon="-9.20290"><ele>68.6</ele></trkpt>
   <trkpt lat="38.60809" lon="-9.20247"><ele>71.6</ele></trkpt>
   <trkpt lat="38.60806" lon="-9.20203"><ele>74.2</ele></trkpt>
   <trkpt lat="38.60805" lon="-9.20161"><ele>78.0</ele></trkpt>
   <trkpt lat="38.60803" lon="-9.20118"><ele>79.2</ele></trkpt>
   <trkpt lat="38.60802" lon="-9.20075"><ele>82.6</ele></trkpt>
   <trkpt lat="38.60801" lon="-9.20031"><ele>86.0</ele></trkpt>
   <trkpt lat="38.60798" lon="-9.19987"><ele>86.8</ele></trkpt>
   <trkpt lat="38.60796" lon="-9.19943"><ele>87.0</ele></trkpt>
   <trkpt lat="38.60795" lon="-9.19924"><ele>87.0</ele></trkpt>
   <trkpt lat="38.60790" lon="-9.19898"><ele>87.0</ele></trkpt>
   <trkpt lat="38.60774" lon="-9.19866"><ele>86.4</ele></trkpt>
   <trkpt lat="38.60779" lon="-9.19861"><ele>86.2</ele></trkpt>
   <trkpt lat="38.60811" lon="-9.19855"><ele>86.0</ele></trkpt>
   <trkpt lat="38.60818" lon="-9.19854"><ele>86.0</ele></trkpt>
   <trkpt lat="38.60852" lon="-9.19853"><ele>85.2</ele></trkpt>
   <trkpt lat="38.60882" lon="-9.19854"><ele>83.6</ele></trkpt>
   <trkpt lat="38.60903" lon="-9.19855"><ele>82.2</ele></trkpt>
   <trkpt lat="38.60932" lon="-9.19849"><ele>79.4</ele></trkpt>
   <trkpt lat="38.60963" lon="-9.19827"><ele>77.4</ele></trkpt>
   <trkpt lat="38.60970" lon="-9.19821"><ele>77.2</ele></trkpt>
   <trkpt lat="38.60982" lon="-9.19806"><ele>76.4</ele></trkpt>
   <trkpt lat="38.61001" lon="-9.19777"><ele>75.6</ele></trkpt>
   <trkpt lat="38.61009" lon="-9.19762"><ele>75.4</ele></trkpt>
   <trkpt lat="38.61019" lon="-9.19723"><ele>75.2</ele></trkpt>
   <trkpt lat="38.61021" lon="-9.19717"><ele>75.2</ele></trkpt>
   <trkpt lat="38.61031" lon="-9.19711"><ele>75.2</ele></trkpt>
   <trkpt lat="38.61063" lon="-9.19713"><ele>75.6</ele></trkpt>
   <trkpt lat="38.61072" lon="-9.19714"><ele>75.6</ele></trkpt>
   <trkpt lat="38.61105" lon="-9.19713"><ele>76.2</ele></trkpt>
   <trkpt lat="38.61138" lon="-9.19712"><ele>76.6</ele></trkpt>
   <trkpt lat="38.61169" lon="-9.19709"><ele>77.2</ele></trkpt>
   <trkpt lat="38.61195" lon="-9.19708"><ele>78.0</ele></trkpt>
   <trkpt lat="38.61216" lon="-9.19712"><ele>78.4</ele></trkpt>
   <trkpt lat="38.61251" lon="-9.19707"><ele>78.6</ele></trkpt>
   <trkpt lat="38.61269" lon="-9.19707"><ele>79.0</ele></trkpt>
   <trkpt lat="38.61304" lon="-9.19702"><ele>79.6</ele></trkpt>
   <trkpt lat="38.61336" lon="-9.19698"><ele>80.0</ele></trkpt>
   <trkpt lat="38.61348" lon="-9.19695"><ele>80.2</ele></trkpt>
   <trkpt lat="38.61382" lon="-9.19681"><ele>81.0</ele></trkpt>
   <trkpt lat="38.61416" lon="-9.19668"><ele>81.6</ele></trkpt>
   <trkpt lat="38.61434" lon="-9.19663"><ele>82.6</ele></trkpt>
   <trkpt lat="38.61441" lon="-9.19670"><ele>83.2</ele></trkpt>
   <trkpt lat="38.61434" lon="-9.19712"><ele>83.4</ele></trkpt>
   <trkpt lat="38.61434" lon="-9.19717"><ele>83.4</ele></trkpt>
   <trkpt lat="38.61442" lon="-9.19732"><ele>83.6</ele></trkpt>
   <trkpt lat="38.61473" lon="-9.19741"><ele>84.8</ele></trkpt>
   <trkpt lat="38.61507" lon="-9.19753"><ele>85.0</ele></trkpt>
   <trkpt lat="38.61538" lon="-9.19764"><ele>85.4</ele></trkpt>
   <trkpt lat="38.61563" lon="-9.19773"><ele>85.4</ele></trkpt>
   <trkpt lat="38.61598" lon="-9.19780"><ele>87.6</ele></trkpt>
   <trkpt lat="38.61631" lon="-9.19786"><ele>90.2</ele></trkpt>
   <trkpt lat="38.61666" lon="-9.19793"><ele>91.2</ele></trkpt>
   <trkpt lat="38.61699" lon="-9.19800"><ele>91.8</ele></trkpt>
   <trkpt lat="38.61714" lon="-9.19805"><ele>92.4</ele></trkpt>
   <trkpt lat="38.61715" lon="-9.19818"><ele>92.6</ele></trkpt>
   <trkpt lat="38.61703" lon="-9.19849"><ele>93.0</ele></trkpt>
   <trkpt lat="38.61729" lon="-9.19877"><ele>93.6</ele></trkpt>
   <trkpt lat="38.61732" lon="-9.19881"><ele>93.6</ele></trkpt>
   <trkpt lat="38.61720" lon="-9.19909"><ele>94.4</ele></trkpt>
   <trkpt lat="38.61720" lon="-9.19926"><ele>94.4</ele></trkpt>
   <trkpt lat="38.61749" lon="-9.19952"><ele>96.8</ele></trkpt>
   <trkpt lat="38.61778" lon="-9.19975"><ele>99.6</ele></trkpt>
   <trkpt lat="38.61804" lon="-9.19999"><ele>100.0</ele></trkpt>
   <trkpt lat="38.61819" lon="-9.20013"><ele>99.8</ele></trkpt>
   <trkpt lat="38.61838" lon="-9.20024"><ele>100.8</ele></trkpt>
   <trkpt lat="38.61868" lon="-9.20006"><ele>102.0</ele></trkpt>
   <trkpt lat="38.61897" lon="-9.19988"><ele>102.4</ele></trkpt>
   <trkpt lat="38.61926" lon="-9.19969"><ele>102.6</ele></trkpt>
   <trkpt lat="38.61954" lon="-9.19951"><ele>102.6</ele></trkpt>
   <trkpt lat="38.61986" lon="-9.19932"><ele>102.8</ele></trkpt>
   <trkpt lat="38.62017" lon="-9.19914"><ele>102.6</ele></trkpt>
   <trkpt lat="38.62047" lon="-9.19898"><ele>103.0</ele></trkpt>
   <trkpt lat="38.62052" lon="-9.19896"><ele>103.2</ele></trkpt>
   <trkpt lat="38.62087" lon="-9.19893"><ele>104.2</ele></trkpt>
   <trkpt lat="38.62119" lon="-9.19895"><ele>104.0</ele></trkpt>
   <trkpt lat="38.62152" lon="-9.19896"><ele>103.8</ele></trkpt>
   <trkpt lat="38.62182" lon="-9.19895"><ele>104.0</ele></trkpt>
   <trkpt lat="38.62213" lon="-9.19894"><ele>104.2</ele></trkpt>
   <trkpt lat="38.62248" lon="-9.19894"><ele>105.0</ele></trkpt>
   <trkpt lat="38.62273" lon="-9.19894"><ele>105.2</ele></trkpt>
   <trkpt lat="38.62307" lon="-9.19888"><ele>105.6</ele></trkpt>
   <trkpt lat="38.62323" lon="-9.19863"><ele>105.6</ele></trkpt>
   <trkpt lat="38.62329" lon="-9.19835"><ele>105.8</ele></trkpt>
   <trkpt lat="38.62331" lon="-9.19796"><ele>106.0</ele></trkpt>
   <trkpt lat="38.62334" lon="-9.19756"><ele>105.8</ele></trkpt>
   <trkpt lat="38.62336" lon="-9.19716"><ele>105.4</ele></trkpt>
   <trkpt lat="38.62339" lon="-9.19674"><ele>104.2</ele></trkpt>
   <trkpt lat="38.62341" lon="-9.19634"><ele>103.2</ele></trkpt>
   <trkpt lat="38.62345" lon="-9.19590"><ele>102.6</ele></trkpt>
   <trkpt lat="38.62334" lon="-9.19547"><ele>102.0</ele></trkpt>
   <trkpt lat="38.62338" lon="-9.19533"><ele>102.0</ele></trkpt>
   <trkpt lat="38.62349" lon="-9.19524"><ele>102.0</ele></trkpt>
   <trkpt lat="38.62363" lon="-9.19525"><ele>102.2</ele></trkpt>
   <trkpt lat="38.62385" lon="-9.19554"><ele>102.6</ele></trkpt>
   <trkpt lat="38.62394" lon="-9.19562"><ele>102.6</ele></trkpt>
   <trkpt lat="38.62426" lon="-9.19578"><ele>103.0</ele></trkpt>
   <trkpt lat="38.62457" lon="-9.19596"><ele>103.8</ele></trkpt>
   <trkpt lat="38.62486" lon="-9.19613"><ele>104.6</ele></trkpt>
   <trkpt lat="38.62518" lon="-9.19631"><ele>105.6</ele></trkpt>
   <trkpt lat="38.62549" lon="-9.19650"><ele>106.6</ele></trkpt>
   <trkpt lat="38.62579" lon="-9.19669"><ele>107.4</ele></trkpt>
   <trkpt lat="38.62605" lon="-9.19684"><ele>108.4</ele></trkpt>
   <trkpt lat="38.62637" lon="-9.19685"><ele>109.0</ele></trkpt>
   <trkpt lat="38.62646" lon="-9.19686"><ele>109.2</ele></trkpt>
   <trkpt lat="38.62679" lon="-9.19696"><ele>109.2</ele></trkpt>
   <trkpt lat="38.62714" lon="-9.19706"><ele>109.0</ele></trkpt>
   <trkpt lat="38.62747" lon="-9.19717"><ele>109.2</ele></trkpt>
   <trkpt lat="38.62778" lon="-9.19724"><ele>109.4</ele></trkpt>
   <trkpt lat="38.62811" lon="-9.19731"><ele>109.8</ele></trkpt>
   <trkpt lat="38.62839" lon="-9.19740"><ele>110.0</ele></trkpt>
   <trkpt lat="38.62873" lon="-9.19727"><ele>110.8</ele></trkpt>
   <trkpt lat="38.62890" lon="-9.19721"><ele>111.0</ele></trkpt>
   <trkpt lat="38.62923" lon="-9.19714"><ele>111.4</ele></trkpt>
   <trkpt lat="38.62950" lon="-9.19709"><ele>111.4</ele></trkpt>
   <trkpt lat="38.62973" lon="-9.19699"><ele>111.4</ele></trkpt>
   <trkpt lat="38.62986" lon="-9.19687"><ele>111.2</ele></trkpt>
   <trkpt lat="38.63008" lon="-9.19654"><ele>111.4</ele></trkpt>
   <trkpt lat="38.63024" lon="-9.19631"><ele>111.6</ele></trkpt>
   <trkpt lat="38.63044" lon="-9.19595"><ele>111.6</ele></trkpt>
   <trkpt lat="38.63064" lon="-9.19558"><ele>110.0</ele></trkpt>
   <trkpt lat="38.63071" lon="-9.19534"><ele>110.0</ele></trkpt>
   <trkpt lat="38.63067" lon="-9.19500"><ele>109.6</ele></trkpt>
   <trkpt lat="38.63077" lon="-9.19459"><ele>109.6</ele></trkpt>
   <trkpt lat="38.63094" lon="-9.19428"><ele>109.6</ele></trkpt>
   <trkpt lat="38.63103" lon="-9.19409"><ele>109.6</ele></trkpt>
   <trkpt lat="38.63114" lon="-9.19371"><ele>108.6</ele></trkpt>
   <trkpt lat="38.63118" lon="-9.19359"><ele>108.4</ele></trkpt>
   <trkpt lat="38.63125" lon="-9.19351"><ele>107.8</ele></trkpt>
   <trkpt lat="38.63157" lon="-9.19352"><ele>106.2</ele></trkpt>
   <trkpt lat="38.63188" lon="-9.19356"><ele>104.0</ele></trkpt>
   <trkpt lat="38.63217" lon="-9.19361"><ele>101.2</ele></trkpt>
   <trkpt lat="38.63250" lon="-9.19364"><ele>99.2</ele></trkpt>
   <trkpt lat="38.63255" lon="-9.19364"><ele>98.6</ele></trkpt>
   <trkpt lat="38.63282" lon="-9.19342"><ele>97.2</ele></trkpt>
   <trkpt lat="38.63308" lon="-9.19320"><ele>96.2</ele></trkpt>
   <trkpt lat="38.63322" lon="-9.19308"><ele>95.4</ele></trkpt>
   <trkpt lat="38.63336" lon="-9.19303"><ele>94.2</ele></trkpt>
   <trkpt lat="38.63343" lon="-9.19310"><ele>93.8</ele></trkpt>
   <trkpt lat="38.63357" lon="-9.19343"><ele>93.2</ele></trkpt>
   <trkpt lat="38.63381" lon="-9.19377"><ele>91.6</ele></trkpt>
   <trkpt lat="38.63402" lon="-9.19408"><ele>87.8</ele></trkpt>
   <trkpt lat="38.63416" lon="-9.19428"><ele>86.2</ele></trkpt>
   <trkpt lat="38.63410" lon="-9.19426"><ele>84.2</ele></trkpt>
   <trkpt lat="38.63389" lon="-9.19390"><ele>85.4</ele></trkpt>
   <trkpt lat="38.63368" lon="-9.19356"><ele>88.4</ele></trkpt>
   <trkpt lat="38.63345" lon="-9.19324"><ele>91.8</ele></trkpt>
   <trkpt lat="38.63334" lon="-9.19304"><ele>92.8</ele></trkpt>
   <trkpt lat="38.63318" lon="-9.19310"><ele>93.2</ele></trkpt>
   <trkpt lat="38.63290" lon="-9.19335"><ele>93.8</ele></trkpt>
   <trkpt lat="38.63278" lon="-9.19344"><ele>94.2</ele></trkpt>
   <trkpt lat="38.63267" lon="-9.19360"><ele>95.6</ele></trkpt>
   <trkpt lat="38.63253" lon="-9.19367"><ele>96.8</ele></trkpt>
   <trkpt lat="38.63220" lon="-9.19363"><ele>97.2</ele></trkpt>
   <trkpt lat="38.63187" lon="-9.19356"><ele>98.8</ele></trkpt>
   <trkpt lat="38.63174" lon="-9.19354"><ele>99.6</ele></trkpt>
   <trkpt lat="38.63139" lon="-9.19352"><ele>102.2</ele></trkpt>
   <trkpt lat="38.63123" lon="-9.19354"><ele>104.2</ele></trkpt>
   <trkpt lat="38.63121" lon="-9.19346"><ele>105.0</ele></trkpt>
   <trkpt lat="38.63127" lon="-9.19308"><ele>104.8</ele></trkpt>
   <trkpt lat="38.63133" lon="-9.19266"><ele>104.6</ele></trkpt>
   <trkpt lat="38.63138" lon="-9.19225"><ele>104.4</ele></trkpt>
   <trkpt lat="38.63144" lon="-9.19188"><ele>104.4</ele></trkpt>
   <trkpt lat="38.63144" lon="-9.19161"><ele>104.4</ele></trkpt>
   <trkpt lat="38.63135" lon="-9.19144"><ele>104.6</ele></trkpt>
   <trkpt lat="38.63112" lon="-9.19120"><ele>104.8</ele></trkpt>
   <trkpt lat="38.63087" lon="-9.19089"><ele>104.4</ele></trkpt>
   <trkpt lat="38.63062" lon="-9.19063"><ele>103.0</ele></trkpt>
   <trkpt lat="38.63076" lon="-9.19068"><ele>102.0</ele></trkpt>
   <trkpt lat="38.63082" lon="-9.19060"><ele>102.2</ele></trkpt>
   <trkpt lat="38.63094" lon="-9.19023"><ele>102.0</ele></trkpt>
   <trkpt lat="38.63105" lon="-9.18985"><ele>102.0</ele></trkpt>
   <trkpt lat="38.63117" lon="-9.18944"><ele>101.4</ele></trkpt>
   <trkpt lat="38.63126" lon="-9.18915"><ele>101.0</ele></trkpt>
   <trkpt lat="38.63144" lon="-9.18878"><ele>101.0</ele></trkpt>
   <trkpt lat="38.63148" lon="-9.18872"><ele>101.0</ele></trkpt>
   <trkpt lat="38.63174" lon="-9.18845"><ele>101.2</ele></trkpt>
   <trkpt lat="38.63179" lon="-9.18841"><ele>101.4</ele></trkpt>
   <trkpt lat="38.63201" lon="-9.18813"><ele>102.2</ele></trkpt>
   <trkpt lat="38.63219" lon="-9.18789"><ele>102.4</ele></trkpt>
   <trkpt lat="38.63242" lon="-9.18767"><ele>102.0</ele></trkpt>
   <trkpt lat="38.63266" lon="-9.18745"><ele>101.2</ele></trkpt>
   <trkpt lat="38.63293" lon="-9.18717"><ele>99.0</ele></trkpt>
   <trkpt lat="38.63308" lon="-9.18701"><ele>98.4</ele></trkpt>
   <trkpt lat="38.63334" lon="-9.18680"><ele>97.4</ele></trkpt>
   <trkpt lat="38.63365" lon="-9.18657"><ele>95.2</ele></trkpt>
   <trkpt lat="38.63372" lon="-9.18652"><ele>93.8</ele></trkpt>
   <trkpt lat="38.63381" lon="-9.18650"><ele>93.6</ele></trkpt>
   <trkpt lat="38.63408" lon="-9.18656"><ele>92.4</ele></trkpt>
   <trkpt lat="38.63434" lon="-9.18670"><ele>91.4</ele></trkpt>
   <trkpt lat="38.63468" lon="-9.18671"><ele>86.6</ele></trkpt>
   <trkpt lat="38.63476" lon="-9.18665"><ele>85.4</ele></trkpt>
   <trkpt lat="38.63480" lon="-9.18621"><ele>81.8</ele></trkpt>
   <trkpt lat="38.63486" lon="-9.18612"><ele>80.4</ele></trkpt>
   <trkpt lat="38.63520" lon="-9.18611"><ele>77.4</ele></trkpt>
   <trkpt lat="38.63554" lon="-9.18614"><ele>72.6</ele></trkpt>
   <trkpt lat="38.63564" lon="-9.18612"><ele>70.4</ele></trkpt>
   <trkpt lat="38.63557" lon="-9.18615"><ele>69.2</ele></trkpt>
   <trkpt lat="38.63559" lon="-9.18619"><ele>68.8</ele></trkpt>
   <trkpt lat="38.63579" lon="-9.18601"><ele>69.0</ele></trkpt>
   <trkpt lat="38.63579" lon="-9.18557"><ele>69.2</ele></trkpt>
   <trkpt lat="38.63582" lon="-9.18513"><ele>68.4</ele></trkpt>
   <trkpt lat="38.63581" lon="-9.18478"><ele>68.4</ele></trkpt>
   <trkpt lat="38.63592" lon="-9.18459"><ele>67.8</ele></trkpt>
   <trkpt lat="38.63592" lon="-9.18417"><ele>67.4</ele></trkpt>
   <trkpt lat="38.63594" lon="-9.18376"><ele>66.6</ele></trkpt>
   <trkpt lat="38.63601" lon="-9.18332"><ele>66.2</ele></trkpt>
   <trkpt lat="38.63617" lon="-9.18308"><ele>66.6</ele></trkpt>
   <trkpt lat="38.63621" lon="-9.18294"><ele>66.8</ele></trkpt>
   <trkpt lat="38.63625" lon="-9.18252"><ele>66.6</ele></trkpt>
   <trkpt lat="38.63630" lon="-9.18210"><ele>66.6</ele></trkpt>
   <trkpt lat="38.63630" lon="-9.18203"><ele>66.4</ele></trkpt>
   <trkpt lat="38.63619" lon="-9.18176"><ele>66.0</ele></trkpt>
   <trkpt lat="38.63599" lon="-9.18154"><ele>65.6</ele></trkpt>
   <trkpt lat="38.63579" lon="-9.18121"><ele>65.0</ele></trkpt>
   <trkpt lat="38.63571" lon="-9.18094"><ele>65.6</ele></trkpt>
   <trkpt lat="38.63569" lon="-9.18064"><ele>65.6</ele></trkpt>
   <trkpt lat="38.63577" lon="-9.18025"><ele>66.0</ele></trkpt>
   <trkpt lat="38.63581" lon="-9.18015"><ele>66.0</ele></trkpt>
   <trkpt lat="38.63595" lon="-9.18000"><ele>66.0</ele></trkpt>
   <trkpt lat="38.63622" lon="-9.17989"><ele>65.0</ele></trkpt>
   <trkpt lat="38.63637" lon="-9.17953"><ele>64.4</ele></trkpt>
   <trkpt lat="38.63641" lon="-9.17944"><ele>64.4</ele></trkpt>
   <trkpt lat="38.63636" lon="-9.17903"><ele>64.0</ele></trkpt>
   <trkpt lat="38.63633" lon="-9.17882"><ele>63.8</ele></trkpt>
   <trkpt lat="38.63634" lon="-9.17842"><ele>63.6</ele></trkpt>
   <trkpt lat="38.63638" lon="-9.17799"><ele>63.8</ele></trkpt>
   <trkpt lat="38.63636" lon="-9.17756"><ele>63.6</ele></trkpt>
   <trkpt lat="38.63636" lon="-9.17738"><ele>62.8</ele></trkpt>
   <trkpt lat="38.63658" lon="-9.17704"><ele>62.2</ele></trkpt>
   <trkpt lat="38.63683" lon="-9.17690"><ele>62.4</ele></trkpt>
   <trkpt lat="38.63685" lon="-9.17671"><ele>62.2</ele></trkpt>
   <trkpt lat="38.63717" lon="-9.17656"><ele>62.0</ele></trkpt>
   <trkpt lat="38.63720" lon="-9.17653"><ele>62.0</ele></trkpt>
   <trkpt lat="38.63721" lon="-9.17640"><ele>61.8</ele></trkpt>
   <trkpt lat="38.63702" lon="-9.17605"><ele>60.6</ele></trkpt>
   <trkpt lat="38.63697" lon="-9.17596"><ele>59.4</ele></trkpt>
   <trkpt lat="38.63700" lon="-9.17578"><ele>58.6</ele></trkpt>
   <trkpt lat="38.63728" lon="-9.17559"><ele>58.4</ele></trkpt>
   <trkpt lat="38.63760" lon="-9.17543"><ele>58.4</ele></trkpt>
   <trkpt lat="38.63770" lon="-9.17539"><ele>58.2</ele></trkpt>
   <trkpt lat="38.63802" lon="-9.17532"><ele>57.6</ele></trkpt>
   <trkpt lat="38.63824" lon="-9.17529"><ele>57.8</ele></trkpt>
   <trkpt lat="38.63821" lon="-9.17519"><ele>58.0</ele></trkpt>
   <trkpt lat="38.63830" lon="-9.17475"><ele>56.8</ele></trkpt>
   <trkpt lat="38.63840" lon="-9.17435"><ele>56.0</ele></trkpt>
   <trkpt lat="38.63847" lon="-9.17411"><ele>56.0</ele></trkpt>
   <trkpt lat="38.63852" lon="-9.17369"><ele>55.6</ele></trkpt>
   <trkpt lat="38.63853" lon="-9.17357"><ele>55.6</ele></trkpt>
   <trkpt lat="38.63854" lon="-9.17315"><ele>54.8</ele></trkpt>
   <trkpt lat="38.63852" lon="-9.17296"><ele>54.8</ele></trkpt>
   <trkpt lat="38.63841" lon="-9.17253"><ele>53.8</ele></trkpt>
   <trkpt lat="38.63839" lon="-9.17235"><ele>53.4</ele></trkpt>
   <trkpt lat="38.63860" lon="-9.17198"><ele>53.6</ele></trkpt>
   <trkpt lat="38.63881" lon="-9.17166"><ele>53.6</ele></trkpt>
   <trkpt lat="38.63903" lon="-9.17130"><ele>53.8</ele></trkpt>
   <trkpt lat="38.63924" lon="-9.17095"><ele>53.4</ele></trkpt>
   <trkpt lat="38.63946" lon="-9.17059"><ele>53.0</ele></trkpt>
   <trkpt lat="38.63966" lon="-9.17027"><ele>52.8</ele></trkpt>
   <trkpt lat="38.63985" lon="-9.16998"><ele>52.8</ele></trkpt>
   <trkpt lat="38.63998" lon="-9.16956"><ele>51.6</ele></trkpt>
   <trkpt lat="38.64001" lon="-9.16942"><ele>51.2</ele></trkpt>
   <trkpt lat="38.64007" lon="-9.16934"><ele>51.0</ele></trkpt>
   <trkpt lat="38.64013" lon="-9.16935"><ele>51.0</ele></trkpt>
   <trkpt lat="38.64037" lon="-9.16966"><ele>50.8</ele></trkpt>
   <trkpt lat="38.64062" lon="-9.16993"><ele>51.0</ele></trkpt>
   <trkpt lat="38.64086" lon="-9.17024"><ele>51.0</ele></trkpt>
   <trkpt lat="38.64111" lon="-9.17051"><ele>51.0</ele></trkpt>
   <trkpt lat="38.64138" lon="-9.17078"><ele>52.0</ele></trkpt>
   <trkpt lat="38.64141" lon="-9.17080"><ele>52.0</ele></trkpt>
   <trkpt lat="38.64155" lon="-9.17075"><ele>52.6</ele></trkpt>
   <trkpt lat="38.64184" lon="-9.17048"><ele>53.4</ele></trkpt>
   <trkpt lat="38.64211" lon="-9.17021"><ele>54.0</ele></trkpt>
   <trkpt lat="38.64240" lon="-9.16995"><ele>54.0</ele></trkpt>
   <trkpt lat="38.64262" lon="-9.16970"><ele>53.4</ele></trkpt>
   <trkpt lat="38.64261" lon="-9.16961"><ele>53.4</ele></trkpt>
   <trkpt lat="38.64247" lon="-9.16944"><ele>53.0</ele></trkpt>
   <trkpt lat="38.64222" lon="-9.16918"><ele>52.4</ele></trkpt>
   <trkpt lat="38.64197" lon="-9.16895"><ele>52.2</ele></trkpt>
   <trkpt lat="38.64172" lon="-9.16867"><ele>52.0</ele></trkpt>
   <trkpt lat="38.64153" lon="-9.16831"><ele>51.6</ele></trkpt>
   <trkpt lat="38.64135" lon="-9.16794"><ele>51.0</ele></trkpt>
   <trkpt lat="38.64132" lon="-9.16787"><ele>51.0</ele></trkpt>
   <trkpt lat="38.64124" lon="-9.16744"><ele>50.4</ele></trkpt>
   <trkpt lat="38.64127" lon="-9.16700"><ele>50.4</ele></trkpt>
   <trkpt lat="38.64131" lon="-9.16658"><ele>50.2</ele></trkpt>
   <trkpt lat="38.64135" lon="-9.16616"><ele>49.8</ele></trkpt>
   <trkpt lat="38.64140" lon="-9.16573"><ele>49.4</ele></trkpt>
   <trkpt lat="38.64143" lon="-9.16532"><ele>49.2</ele></trkpt>
   <trkpt lat="38.64146" lon="-9.16492"><ele>49.2</ele></trkpt>
   <trkpt lat="38.64151" lon="-9.16448"><ele>49.0</ele></trkpt>
   <trkpt lat="38.64155" lon="-9.16403"><ele>48.6</ele></trkpt>
   <trkpt lat="38.64156" lon="-9.16388"><ele>48.6</ele></trkpt>
   <trkpt lat="38.64156" lon="-9.16348"><ele>48.0</ele></trkpt>
   <trkpt lat="38.64152" lon="-9.16306"><ele>47.8</ele></trkpt>
   <trkpt lat="38.64148" lon="-9.16265"><ele>47.8</ele></trkpt>
   <trkpt lat="38.64147" lon="-9.16223"><ele>47.8</ele></trkpt>
   <trkpt lat="38.64147" lon="-9.16206"><ele>47.6</ele></trkpt>
   <trkpt lat="38.64151" lon="-9.16167"><ele>47.2</ele></trkpt>
   <trkpt lat="38.64158" lon="-9.16124"><ele>47.0</ele></trkpt>
   <trkpt lat="38.64158" lon="-9.16117"><ele>46.8</ele></trkpt>
   <trkpt lat="38.64150" lon="-9.16074"><ele>46.4</ele></trkpt>
   <trkpt lat="38.64171" lon="-9.16048"><ele>46.4</ele></trkpt>
   <trkpt lat="38.64178" lon="-9.16011"><ele>46.6</ele></trkpt>
   <trkpt lat="38.64179" lon="-9.16003"><ele>46.6</ele></trkpt>
   <trkpt lat="38.64178" lon="-9.15973"><ele>46.6</ele></trkpt>
   <trkpt lat="38.64171" lon="-9.15928"><ele>46.4</ele></trkpt>
   <trkpt lat="38.64165" lon="-9.15883"><ele>46.0</ele></trkpt>
   <trkpt lat="38.64159" lon="-9.15841"><ele>45.6</ele></trkpt>
   <trkpt lat="38.64155" lon="-9.15801"><ele>45.2</ele></trkpt>
   <trkpt lat="38.64147" lon="-9.15758"><ele>44.8</ele></trkpt>
   <trkpt lat="38.64143" lon="-9.15724"><ele>44.2</ele></trkpt>
   <trkpt lat="38.64154" lon="-9.15681"><ele>44.0</ele></trkpt>
   <trkpt lat="38.64165" lon="-9.15640"><ele>44.0</ele></trkpt>
   <trkpt lat="38.64177" lon="-9.15599"><ele>43.6</ele></trkpt>
   <trkpt lat="38.64179" lon="-9.15585"><ele>43.6</ele></trkpt>
   <trkpt lat="38.64191" lon="-9.15546"><ele>43.4</ele></trkpt>
   <trkpt lat="38.64206" lon="-9.15507"><ele>43.2</ele></trkpt>
   <trkpt lat="38.64214" lon="-9.15487"><ele>43.2</ele></trkpt>
   <trkpt lat="38.64221" lon="-9.15450"><ele>43.2</ele></trkpt>
   <trkpt lat="38.64223" lon="-9.15409"><ele>43.0</ele></trkpt>
   <trkpt lat="38.64226" lon="-9.15366"><ele>42.0</ele></trkpt>
   <trkpt lat="38.64228" lon="-9.15322"><ele>41.2</ele></trkpt>
   <trkpt lat="38.64231" lon="-9.15281"><ele>41.0</ele></trkpt>
   <trkpt lat="38.64234" lon="-9.15241"><ele>39.8</ele></trkpt>
   <trkpt lat="38.64237" lon="-9.15200"><ele>39.2</ele></trkpt>
   <trkpt lat="38.64234" lon="-9.15187"><ele>38.6</ele></trkpt>
   <trkpt lat="38.64220" lon="-9.15171"><ele>38.2</ele></trkpt>
   <trkpt lat="38.64222" lon="-9.15167"><ele>38.0</ele></trkpt>
   <trkpt lat="38.64252" lon="-9.15188"><ele>38.6</ele></trkpt>
   <trkpt lat="38.64284" lon="-9.15207"><ele>39.0</ele></trkpt>
   <trkpt lat="38.64307" lon="-9.15225"><ele>40.0</ele></trkpt>
   <trkpt lat="38.64337" lon="-9.15240"><ele>41.4</ele></trkpt>
   <trkpt lat="38.64357" lon="-9.15248"><ele>41.6</ele></trkpt>
   <trkpt lat="38.64389" lon="-9.15257"><ele>42.8</ele></trkpt>
   <trkpt lat="38.64421" lon="-9.15262"><ele>43.6</ele></trkpt>
   <trkpt lat="38.64455" lon="-9.15271"><ele>43.8</ele></trkpt>
   <trkpt lat="38.64489" lon="-9.15278"><ele>44.2</ele></trkpt>
   <trkpt lat="38.64521" lon="-9.15289"><ele>45.8</ele></trkpt>
   <trkpt lat="38.64556" lon="-9.15296"><ele>46.2</ele></trkpt>
   <trkpt lat="38.64590" lon="-9.15305"><ele>46.6</ele></trkpt>
   <trkpt lat="38.64624" lon="-9.15312"><ele>47.6</ele></trkpt>
   <trkpt lat="38.64659" lon="-9.15320"><ele>48.8</ele></trkpt>
   <trkpt lat="38.64694" lon="-9.15329"><ele>50.0</ele></trkpt>
   <trkpt lat="38.64697" lon="-9.15330"><ele>50.2</ele></trkpt>
   <trkpt lat="38.64730" lon="-9.15333"><ele>51.4</ele></trkpt>
   <trkpt lat="38.64755" lon="-9.15334"><ele>52.0</ele></trkpt>
   <trkpt lat="38.64790" lon="-9.15330"><ele>53.2</ele></trkpt>
   <trkpt lat="38.64823" lon="-9.15326"><ele>54.6</ele></trkpt>
   <trkpt lat="38.64856" lon="-9.15322"><ele>55.8</ele></trkpt>
   <trkpt lat="38.64890" lon="-9.15318"><ele>56.8</ele></trkpt>
   <trkpt lat="38.64917" lon="-9.15315"><ele>57.6</ele></trkpt>
   <trkpt lat="38.64950" lon="-9.15314"><ele>59.6</ele></trkpt>
   <trkpt lat="38.64983" lon="-9.15316"><ele>61.0</ele></trkpt>
   <trkpt lat="38.65005" lon="-9.15316"><ele>61.4</ele></trkpt>
   <trkpt lat="38.65037" lon="-9.15320"><ele>62.8</ele></trkpt>
   <trkpt lat="38.65070" lon="-9.15325"><ele>64.0</ele></trkpt>
   <trkpt lat="38.65103" lon="-9.15332"><ele>65.2</ele></trkpt>
   <trkpt lat="38.65114" lon="-9.15334"><ele>65.8</ele></trkpt>
   <trkpt lat="38.65146" lon="-9.15343"><ele>66.6</ele></trkpt>
   <trkpt lat="38.65179" lon="-9.15351"><ele>67.8</ele></trkpt>
   <trkpt lat="38.65214" lon="-9.15360"><ele>69.4</ele></trkpt>
   <trkpt lat="38.65249" lon="-9.15369"><ele>70.6</ele></trkpt>
   <trkpt lat="38.65259" lon="-9.15372"><ele>71.2</ele></trkpt>
   <trkpt lat="38.65293" lon="-9.15379"><ele>72.6</ele></trkpt>
   <trkpt lat="38.65326" lon="-9.15387"><ele>74.2</ele></trkpt>
   <trkpt lat="38.65358" lon="-9.15394"><ele>75.4</ele></trkpt>
   <trkpt lat="38.65393" lon="-9.15400"><ele>76.8</ele></trkpt>
   <trkpt lat="38.65411" lon="-9.15404"><ele>77.4</ele></trkpt>
   <trkpt lat="38.65416" lon="-9.15404"><ele>77.6</ele></trkpt>
   <trkpt lat="38.65422" lon="-9.15391"><ele>77.8</ele></trkpt>
   <trkpt lat="38.65436" lon="-9.15382"><ele>77.8</ele></trkpt>
   <trkpt lat="38.65468" lon="-9.15390"><ele>78.0</ele></trkpt>
   <trkpt lat="38.65501" lon="-9.15397"><ele>78.0</ele></trkpt>
   <trkpt lat="38.65533" lon="-9.15406"><ele>78.0</ele></trkpt>
   <trkpt lat="38.65566" lon="-9.15415"><ele>78.2</ele></trkpt>
   <trkpt lat="38.65598" lon="-9.15422"><ele>78.2</ele></trkpt>
   <trkpt lat="38.65619" lon="-9.15417"><ele>78.4</ele></trkpt>
   <trkpt lat="38.65651" lon="-9.15417"><ele>78.8</ele></trkpt>
   <trkpt lat="38.65674" lon="-9.15420"><ele>79.4</ele></trkpt>
   <trkpt lat="38.65708" lon="-9.15416"><ele>79.4</ele></trkpt>
   <trkpt lat="38.65741" lon="-9.15408"><ele>80.0</ele></trkpt>
   <trkpt lat="38.65774" lon="-9.15405"><ele>79.4</ele></trkpt>
   <trkpt lat="38.65791" lon="-9.15404"><ele>79.2</ele></trkpt>
   <trkpt lat="38.65823" lon="-9.15416"><ele>79.0</ele></trkpt>
   <trkpt lat="38.65857" lon="-9.15429"><ele>78.6</ele></trkpt>
   <trkpt lat="38.65888" lon="-9.15442"><ele>78.4</ele></trkpt>
   <trkpt lat="38.65918" lon="-9.15453"><ele>78.6</ele></trkpt>
   <trkpt lat="38.65949" lon="-9.15459"><ele>78.8</ele></trkpt>
   <trkpt lat="38.65983" lon="-9.15465"><ele>79.2</ele></trkpt>
   <trkpt lat="38.66017" lon="-9.15471"><ele>80.6</ele></trkpt>
   <trkpt lat="38.66049" lon="-9.15476"><ele>81.6</ele></trkpt>
   <trkpt lat="38.66081" lon="-9.15482"><ele>82.0</ele></trkpt>
   <trkpt lat="38.66114" lon="-9.15488"><ele>82.6</ele></trkpt>
   <trkpt lat="38.66145" lon="-9.15493"><ele>83.2</ele></trkpt>
   <trkpt lat="38.66172" lon="-9.15498"><ele>83.8</ele></trkpt>
   <trkpt lat="38.66192" lon="-9.15508"><ele>84.0</ele></trkpt>
   <trkpt lat="38.66218" lon="-9.15529"><ele>84.4</ele></trkpt>
   <trkpt lat="38.66246" lon="-9.15555"><ele>84.8</ele></trkpt>
   <trkpt lat="38.66257" lon="-9.15564"><ele>84.8</ele></trkpt>
   <trkpt lat="38.66278" lon="-9.15576"><ele>84.2</ele></trkpt>
   <trkpt lat="38.66309" lon="-9.15576"><ele>83.0</ele></trkpt>
   <trkpt lat="38.66341" lon="-9.15570"><ele>81.2</ele></trkpt>
   <trkpt lat="38.66370" lon="-9.15565"><ele>79.0</ele></trkpt>
   <trkpt lat="38.66398" lon="-9.15563"><ele>77.0</ele></trkpt>
   <trkpt lat="38.66430" lon="-9.15568"><ele>75.0</ele></trkpt>
   <trkpt lat="38.66465" lon="-9.15574"><ele>72.8</ele></trkpt>
   <trkpt lat="38.66494" lon="-9.15580"><ele>71.2</ele></trkpt>
   <trkpt lat="38.66523" lon="-9.15586"><ele>69.8</ele></trkpt>
   <trkpt lat="38.66539" lon="-9.15589"><ele>69.0</ele></trkpt>
   <trkpt lat="38.66570" lon="-9.15605"><ele>65.6</ele></trkpt>
   <trkpt lat="38.66594" lon="-9.15621"><ele>64.4</ele></trkpt>
   <trkpt lat="38.66621" lon="-9.15638"><ele>62.6</ele></trkpt>
   <trkpt lat="38.66647" lon="-9.15655"><ele>61.0</ele></trkpt>
   <trkpt lat="38.66671" lon="-9.15670"><ele>59.6</ele></trkpt>
   <trkpt lat="38.66695" lon="-9.15686"><ele>57.4</ele></trkpt>
   <trkpt lat="38.66720" lon="-9.15700"><ele>56.2</ele></trkpt>
   <trkpt lat="38.66750" lon="-9.15719"><ele>54.0</ele></trkpt>
   <trkpt lat="38.66777" lon="-9.15734"><ele>51.6</ele></trkpt>
   <trkpt lat="38.66793" lon="-9.15743"><ele>49.8</ele></trkpt>
   <trkpt lat="38.66821" lon="-9.15761"><ele>47.8</ele></trkpt>
   <trkpt lat="38.66850" lon="-9.15780"><ele>46.0</ele></trkpt>
   <trkpt lat="38.66857" lon="-9.15785"><ele>45.6</ele></trkpt>
   <trkpt lat="38.66884" lon="-9.15807"><ele>43.4</ele></trkpt>
   <trkpt lat="38.66910" lon="-9.15830"><ele>40.8</ele></trkpt>
   <trkpt lat="38.66940" lon="-9.15847"><ele>39.2</ele></trkpt>
   <trkpt lat="38.66963" lon="-9.15859"><ele>38.6</ele></trkpt>
   <trkpt lat="38.66988" lon="-9.15835"><ele>36.6</ele></trkpt>
   <trkpt lat="38.67013" lon="-9.15808"><ele>36.2</ele></trkpt>
   <trkpt lat="38.67040" lon="-9.15779"><ele>36.0</ele></trkpt>
   <trkpt lat="38.67064" lon="-9.15756"><ele>35.4</ele></trkpt>
   <trkpt lat="38.67069" lon="-9.15751"><ele>35.4</ele></trkpt>
   <trkpt lat="38.67091" lon="-9.15725"><ele>34.8</ele></trkpt>
   <trkpt lat="38.67114" lon="-9.15699"><ele>34.8</ele></trkpt>
   <trkpt lat="38.67136" lon="-9.15674"><ele>35.0</ele></trkpt>
   <trkpt lat="38.67160" lon="-9.15645"><ele>35.2</ele></trkpt>
   <trkpt lat="38.67183" lon="-9.15620"><ele>35.2</ele></trkpt>
   <trkpt lat="38.67208" lon="-9.15588"><ele>34.6</ele></trkpt>
   <trkpt lat="38.67235" lon="-9.15558"><ele>34.6</ele></trkpt>
   <trkpt lat="38.67260" lon="-9.15529"><ele>34.6</ele></trkpt>
   <trkpt lat="38.67284" lon="-9.15499"><ele>34.8</ele></trkpt>
   <trkpt lat="38.67292" lon="-9.15489"><ele>35.0</ele></trkpt>
   <trkpt lat="38.67310" lon="-9.15454"><ele>35.0</ele></trkpt>
   <trkpt lat="38.67338" lon="-9.15437"><ele>35.0</ele></trkpt>
   <trkpt lat="38.67342" lon="-9.15433"><ele>35.0</ele></trkpt>
   <trkpt lat="38.67368" lon="-9.15402"><ele>35.0</ele></trkpt>
   <trkpt lat="38.67391" lon="-9.15376"><ele>35.0</ele></trkpt>
   <trkpt lat="38.67414" lon="-9.15348"><ele>35.0</ele></trkpt>
   <trkpt lat="38.67438" lon="-9.15321"><ele>35.0</ele></trkpt>
   <trkpt lat="38.67442" lon="-9.15316"><ele>35.2</ele></trkpt>
   <trkpt lat="38.67468" lon="-9.15290"><ele>35.2</ele></trkpt>
   <trkpt lat="38.67495" lon="-9.15266"><ele>35.2</ele></trkpt>
   <trkpt lat="38.67509" lon="-9.15254"><ele>35.2</ele></trkpt>
   <trkpt lat="38.67537" lon="-9.15233"><ele>35.2</ele></trkpt>
   <trkpt lat="38.67568" lon="-9.15211"><ele>35.4</ele></trkpt>
   <trkpt lat="38.67599" lon="-9.15190"><ele>35.4</ele></trkpt>
   <trkpt lat="38.67625" lon="-9.15173"><ele>35.0</ele></trkpt>
   <trkpt lat="38.67656" lon="-9.15154"><ele>35.0</ele></trkpt>
   <trkpt lat="38.67685" lon="-9.15137"><ele>35.2</ele></trkpt>
   <trkpt lat="38.67715" lon="-9.15119"><ele>35.4</ele></trkpt>
   <trkpt lat="38.67746" lon="-9.15101"><ele>35.0</ele></trkpt>
   <trkpt lat="38.67776" lon="-9.15084"><ele>34.4</ele></trkpt>
   <trkpt lat="38.67807" lon="-9.15065"><ele>35.2</ele></trkpt>
   <trkpt lat="38.67835" lon="-9.15048"><ele>35.2</ele></trkpt>
   <trkpt lat="38.67840" lon="-9.15045"><ele>35.2</ele></trkpt>
   <trkpt lat="38.67872" lon="-9.15027"><ele>35.0</ele></trkpt>
   <trkpt lat="38.67903" lon="-9.15010"><ele>35.2</ele></trkpt>
   <trkpt lat="38.67932" lon="-9.14993"><ele>35.2</ele></trkpt>
   <trkpt lat="38.67962" lon="-9.14978"><ele>35.4</ele></trkpt>
   <trkpt lat="38.67991" lon="-9.14963"><ele>35.4</ele></trkpt>
   <trkpt lat="38.68021" lon="-9.14948"><ele>35.0</ele></trkpt>
   <trkpt lat="38.68051" lon="-9.14933"><ele>34.8</ele></trkpt>
   <trkpt lat="38.68082" lon="-9.14918"><ele>34.8</ele></trkpt>
   <trkpt lat="38.68114" lon="-9.14901"><ele>34.8</ele></trkpt>
   <trkpt lat="38.68143" lon="-9.14886"><ele>35.0</ele></trkpt>
   <trkpt lat="38.68173" lon="-9.14869"><ele>35.0</ele></trkpt>
   <trkpt lat="38.68198" lon="-9.14855"><ele>35.0</ele></trkpt>
   <trkpt lat="38.68229" lon="-9.14836"><ele>35.2</ele></trkpt>
   <trkpt lat="38.68258" lon="-9.14816"><ele>35.2</ele></trkpt>
   <trkpt lat="38.68289" lon="-9.14797"><ele>35.4</ele></trkpt>
   <trkpt lat="38.68319" lon="-9.14778"><ele>35.6</ele></trkpt>
   <trkpt lat="38.68350" lon="-9.14758"><ele>35.8</ele></trkpt>
   <trkpt lat="38.68380" lon="-9.14739"><ele>36.2</ele></trkpt>
   <trkpt lat="38.68411" lon="-9.14718"><ele>36.2</ele></trkpt>
   <trkpt lat="38.68439" lon="-9.14700"><ele>35.8</ele></trkpt>
   <trkpt lat="38.68448" lon="-9.14693"><ele>35.8</ele></trkpt>
   <trkpt lat="38.68477" lon="-9.14679"><ele>35.6</ele></trkpt>
   <trkpt lat="38.68492" lon="-9.14672"><ele>35.4</ele></trkpt>
   <trkpt lat="38.68523" lon="-9.14665"><ele>35.0</ele></trkpt>
   <trkpt lat="38.68537" lon="-9.14663"><ele>34.8</ele></trkpt>
   <trkpt lat="38.68572" lon="-9.14667"><ele>34.4</ele></trkpt>
   <trkpt lat="38.68598" lon="-9.14673"><ele>34.4</ele></trkpt>
   <trkpt lat="38.68631" lon="-9.14691"><ele>34.2</ele></trkpt>
   <trkpt lat="38.68660" lon="-9.14712"><ele>34.0</ele></trkpt>
   <trkpt lat="38.68673" lon="-9.14720"><ele>34.0</ele></trkpt>
   <trkpt lat="38.68688" lon="-9.14722"><ele>33.8</ele></trkpt>
   <trkpt lat="38.68711" lon="-9.14713"><ele>33.8</ele></trkpt>
   <trkpt lat="38.68746" lon="-9.14718"><ele>34.2</ele></trkpt>
   <trkpt lat="38.68771" lon="-9.14721"><ele>34.0</ele></trkpt>
   <trkpt lat="38.68806" lon="-9.14719"><ele>34.0</ele></trkpt>
   <trkpt lat="38.68808" lon="-9.14719"><ele>34.0</ele></trkpt>
   <trkpt lat="38.68812" lon="-9.14714"><ele>33.8</ele></trkpt>
   <trkpt lat="38.68811" lon="-9.14683"><ele>33.8</ele></trkpt>
   <trkpt lat="38.68805" lon="-9.14669"><ele>33.6</ele></trkpt>
   <trkpt lat="38.68801" lon="-9.14639"><ele>33.0</ele></trkpt>
   <trkpt lat="38.68808" lon="-9.14627"><ele>33.4</ele></trkpt>
   <trkpt lat="38.68819" lon="-9.14625"><ele>33.4</ele></trkpt>
   <trkpt lat="38.68821" lon="-9.14642"><ele>33.2</ele></trkpt>
   <trkpt lat="38.68816" lon="-9.14653"><ele>33.2</ele></trkpt>
   <trkpt lat="38.68824" lon="-9.14627"><ele>33.4</ele></trkpt>
   <trkpt lat="38.68806" lon="-9.14657"><ele>33.4</ele></trkpt>
   <trkpt lat="38.68812" lon="-9.14700"><ele>33.6</ele></trkpt>
   <trkpt lat="38.68805" lon="-9.14744"><ele>33.8</ele></trkpt>
   <trkpt lat="38.68803" lon="-9.14757"><ele>33.8</ele></trkpt>
   <trkpt lat="38.68805" lon="-9.14762"><ele>33.6</ele></trkpt>
   <trkpt lat="38.68832" lon="-9.14835"><ele>30.8</ele></trkpt>
   <trkpt lat="38.68833" lon="-9.14837"><ele>31.0</ele></trkpt>
  </trkseg>
 </trk>
</gpx>
