<?xml version="1.0" encoding="UTF-8"?>
<gpx version="1.1" creator="Wind Cycling" xmlns="http://www.topografix.com/GPX/1/1">
 <trk>
  <name>Cascais-Sintra</name>
  <trkseg>
   <trkpt lat="38.70049" lon="-9.41835"><ele>-2.0</ele></trkpt>
   <trkpt lat="38.70036" lon="-9.41827"><ele>29.0</ele></trkpt>
   <trkpt lat="38.70026" lon="-9.41828"><ele>28.8</ele></trkpt>
   <trkpt lat="38.70012" lon="-9.41845"><ele>28.6</ele></trkpt>
   <trkpt lat="38.69993" lon="-9.41848"><ele>28.8</ele></trkpt>
   <trkpt lat="38.69959" lon="-9.41841"><ele>28.8</ele></trkpt>
   <trkpt lat="38.69947" lon="-9.41837"><ele>28.6</ele></trkpt>
   <trkpt lat="38.69922" lon="-9.41869"><ele>29.0</ele></trkpt>
   <trkpt lat="38.69898" lon="-9.41863"><ele>28.4</ele></trkpt>
   <trkpt lat="38.69892" lon="-9.41872"><ele>28.4</ele></trkpt>
   <trkpt lat="38.69878" lon="-9.41875"><ele>28.6</ele></trkpt>
   <trkpt lat="38.69855" lon="-9.41868"><ele>29.0</ele></trkpt>
   <trkpt lat="38.69823" lon="-9.41881"><ele>28.0</ele></trkpt>
   <trkpt lat="38.69815" lon="-9.41884"><ele>27.6</ele></trkpt>
   <trkpt lat="38.69799" lon="-9.41905"><ele>27.0</ele></trkpt>
   <trkpt lat="38.69800" lon="-9.41925"><ele>25.6</ele></trkpt>
   <trkpt lat="38.69785" lon="-9.41954"><ele>24.0</ele></trkpt>
   <trkpt lat="38.69778" lon="-9.41961"><ele>23.0</ele></trkpt>
   <trkpt lat="38.69752" lon="-9.41951"><ele>22.8</ele></trkpt>
   <trkpt lat="38.69742" lon="-9.41954"><ele>22.8</ele></trkpt>
   <trkpt lat="38.69721" lon="-9.41989"><ele>22.8</ele></trkpt>
   <trkpt lat="38.69701" lon="-9.42023"><ele>22.8</ele></trkpt>
   <trkpt lat="38.69696" lon="-9.42031"><ele>22.6</ele></trkpt>
   <trkpt lat="38.69674" lon="-9.42044"><ele>22.8</ele></trkpt>
   <trkpt lat="38.69644" lon="-9.42041"><ele>22.8</ele></trkpt>
   <trkpt lat="38.69620" lon="-9.42019"><ele>23.4</ele></trkpt>
   <trkpt lat="38.69593" lon="-9.41995"><ele>24.6</ele></trkpt>
   <trkpt lat="38.69568" lon="-9.41971"><ele>25.4</ele></trkpt>
   <trkpt lat="38.69552" lon="-9.41955"><ele>26.6</ele></trkpt>
   <trkpt lat="38.69539" lon="-9.41947"><ele>27.0</ele></trkpt>
   <trkpt lat="38.69525" lon="-9.41948"><ele>27.2</ele></trkpt>
   <trkpt lat="38.69502" lon="-9.41977"><ele>29.0</ele></trkpt>
   <trkpt lat="38.69485" lon="-9.42010"><ele>30.4</ele></trkpt>
   <trkpt lat="38.69478" lon="-9.42023"><ele>31.4</ele></trkpt>
   <trkpt lat="38.69466" lon="-9.42060"><ele>32.2</ele></trkpt>
   <trkpt lat="38.69457" lon="-9.42093"><ele>32.4</ele></trkpt>
   <trkpt lat="38.69460" lon="-9.42120"><ele>32.2</ele></trkpt>
   <trkpt lat="38.69479" lon="-9.42146"><ele>32.6</ele></trkpt>
   <trkpt lat="38.69483" lon="-9.42173"><ele>33.0</ele></trkpt>
   <trkpt lat="38.69478" lon="-9.42211"><ele>33.2</ele></trkpt>
   <trkpt lat="38.69475" lon="-9.42254"><ele>33.0</ele></trkpt>
   <trkpt lat="38.69470" lon="-9.42294"><ele>32.8</ele></trkpt>
   <trkpt lat="38.69467" lon="-9.42330"><ele>32.6</ele></trkpt>
   <trkpt lat="38.69463" lon="-9.42367"><ele>32.2</ele></trkpt>
   <trkpt lat="38.69457" lon="-9.42412"><ele>32.0</ele></trkpt>
   <trkpt lat="38.69452" lon="-9.42457"><ele>31.6</ele></trkpt>
   <trkpt lat="38.69445" lon="-9.42499"><ele>30.6</ele></trkpt>
   <trkpt lat="38.69441" lon="-9.42539"><ele>30.6</ele></trkpt>
   <trkpt lat="38.69435" lon="-9.42582"><ele>30.8</ele></trkpt>
   <trkpt lat="38.69431" lon="-9.42624"><ele>32.0</ele></trkpt>
   <trkpt lat="38.69426" lon="-9.42666"><ele>33.8</ele></trkpt>
   <trkpt lat="38.69420" lon="-9.42707"><ele>36.4</ele></trkpt>
   <trkpt lat="38.69416" lon="-9.42750"><ele>38.8</ele></trkpt>
   <trkpt lat="38.69411" lon="-9.42791"><ele>40.8</ele></trkpt>
   <trkpt lat="38.69410" lon="-9.42796"><ele>41.0</ele></trkpt>
   <trkpt lat="38.69407" lon="-9.42838"><ele>43.2</ele></trkpt>
   <trkpt lat="38.69408" lon="-9.42852"><ele>43.6</ele></trkpt>
   <trkpt lat="38.69415" lon="-9.42894"><ele>45.0</ele></trkpt>
   <trkpt lat="38.69423" lon="-9.42935"><ele>46.4</ele></trkpt>
   <trkpt lat="38.69431" lon="-9.42979"><ele>47.6</ele></trkpt>
   <trkpt lat="38.69436" lon="-9.43012"><ele>48.0</ele></trkpt>
   <trkpt lat="38.69457" lon="-9.43048"><ele>49.0</ele></trkpt>
   <trkpt lat="38.69459" lon="-9.43054"><ele>49.0</ele></trkpt>
   <trkpt lat="38.69456" lon="-9.43083"><ele>49.6</ele></trkpt>
   <trkpt lat="38.69459" lon="-9.43104"><ele>49.8</ele></trkpt>
   <trkpt lat="38.69466" lon="-9.43145"><ele>50.0</ele></trkpt>
   <trkpt lat="38.69474" lon="-9.43185"><ele>50.0</ele></trkpt>
   <trkpt lat="38.69479" lon="-9.43228"><ele>50.2</ele></trkpt>
   <trkpt lat="38.69486" lon="-9.43268"><ele>50.6</ele></trkpt>
   <trkpt lat="38.69495" lon="-9.43308"><ele>51.0</ele></trkpt>
   <trkpt lat="38.69504" lon="-9.43352"><ele>51.6</ele></trkpt>
   <trkpt lat="38.69510" lon="-9.43392"><ele>52.2</ele></trkpt>
   <trkpt lat="38.69515" lon="-9.43429"><ele>52.4</ele></trkpt>
   <trkpt lat="38.69519" lon="-9.43474"><ele>52.8</ele></trkpt>
   <trkpt lat="38.69524" lon="-9.43518"><ele>53.0</ele></trkpt>
   <trkpt lat="38.69529" lon="-9.43562"><ele>53.4</ele></trkpt>
   <trkpt lat="38.69534" lon="-9.43606"><ele>53.6</ele></trkpt>
   <trkpt lat="38.69537" lon="-9.43644"><ele>54.0</ele></trkpt>
   <trkpt lat="38.69539" lon="-9.43660"><ele>54.0</ele></trkpt>
   <trkpt lat="38.69537" lon="-9.43698"><ele>54.0</ele></trkpt>
   <trkpt lat="38.69548" lon="-9.43740"><ele>54.0</ele></trkpt>
   <trkpt lat="38.69559" lon="-9.43780"><ele>53.8</ele></trkpt>
   <trkpt lat="38.69572" lon="-9.43822"><ele>53.6</ele></trkpt>
   <trkpt lat="38.69584" lon="-9.43863"><ele>53.4</ele></trkpt>
   <trkpt lat="38.69589" lon="-9.43880"><ele>53.4</ele></trkpt>
   <trkpt lat="38.69597" lon="-9.43916"><ele>53.2</ele></trkpt>
   <trkpt lat="38.69602" lon="-9.43955"><ele>53.0</ele></trkpt>
   <trkpt lat="38.69605" lon="-9.43985"><ele>52.4</ele></trkpt>
   <trkpt lat="38.69605" lon="-9.44026"><ele>51.2</ele></trkpt>
   <trkpt lat="38.69602" lon="-9.44066"><ele>50.8</ele></trkpt>
   <trkpt lat="38.69599" lon="-9.44105"><ele>50.4</ele></trkpt>
   <trkpt lat="38.69600" lon="-9.44124"><ele>50.2</ele></trkpt>
   <trkpt lat="38.69591" lon="-9.44157"><ele>49.6</ele></trkpt>
   <trkpt lat="38.69591" lon="-9.44197"><ele>49.2</ele></trkpt>
   <trkpt lat="38.69586" lon="-9.44240"><ele>48.4</ele></trkpt>
   <trkpt lat="38.69586" lon="-9.44280"><ele>48.4</ele></trkpt>
   <trkpt lat="38.69587" lon="-9.44323"><ele>48.6</ele></trkpt>
   <trkpt lat="38.69589" lon="-9.44368"><ele>48.8</ele></trkpt>
   <trkpt lat="38.69590" lon="-9.44412"><ele>48.8</ele></trkpt>
   <trkpt lat="38.69592" lon="-9.44456"><ele>49.0</ele></trkpt>
   <trkpt lat="38.69593" lon="-9.44498"><ele>48.8</ele></trkpt>
   <trkpt lat="38.69594" lon="-9.44539"><ele>48.8</ele></trkpt>
   <trkpt lat="38.69596" lon="-9.44578"><ele>48.8</ele></trkpt>
   <trkpt lat="38.69597" lon="-9.44623"><ele>48.6</ele></trkpt>
   <trkpt lat="38.69598" lon="-9.44665"><ele>48.6</ele></trkpt>
   <trkpt lat="38.69600" lon="-9.44706"><ele>48.4</ele></trkpt>
   <trkpt lat="38.69601" lon="-9.44748"><ele>48.4</ele></trkpt>
   <trkpt lat="38.69602" lon="-9.44790"><ele>48.2</ele></trkpt>
   <trkpt lat="38.69602" lon="-9.44806"><ele>48.2</ele></trkpt>
   <trkpt lat="38.69597" lon="-9.44848"><ele>48.0</ele></trkpt>
   <trkpt lat="38.69593" lon="-9.44872"><ele>48.0</ele></trkpt>
   <trkpt lat="38.69582" lon="-9.44913"><ele>48.2</ele></trkpt>
   <trkpt lat="38.69571" lon="-9.44955"><ele>48.0</ele></trkpt>
   <trkpt lat="38.69561" lon="-9.44997"><ele>47.6</ele></trkpt>
   <trkpt lat="38.69557" lon="-9.45016"><ele>47.4</ele></trkpt>
   <trkpt lat="38.69552" lon="-9.45053"><ele>47.2</ele></trkpt>
   <trkpt lat="38.69551" lon="-9.45089"><ele>46.8</ele></trkpt>
   <trkpt lat="38.69550" lon="-9.45103"><ele>46.8</ele></trkpt>
   <trkpt lat="38.69550" lon="-9.45145"><ele>45.8</ele></trkpt>
   <trkpt lat="38.69550" lon="-9.45188"><ele>44.8</ele></trkpt>
   <trkpt lat="38.69550" lon="-9.45229"><ele>44.2</ele></trkpt>
   <trkpt lat="38.69551" lon="-9.45274"><ele>42.6</ele></trkpt>
   <trkpt lat="38.69551" lon="-9.45313"><ele>41.4</ele></trkpt>
   <trkpt lat="38.69553" lon="-9.45352"><ele>40.6</ele></trkpt>
   <trkpt lat="38.69554" lon="-9.45394"><ele>40.0</ele></trkpt>
   <trkpt lat="38.69555" lon="-9.45440"><ele>39.0</ele></trkpt>
   <trkpt lat="38.69557" lon="-9.45474"><ele>38.0</ele></trkpt>
   <trkpt lat="38.69559" lon="-9.45519"><ele>37.4</ele></trkpt>
   <trkpt lat="38.69561" lon="-9.45563"><ele>37.0</ele></trkpt>
   <trkpt lat="38.69559" lon="-9.45606"><ele>36.0</ele></trkpt>
   <trkpt lat="38.69555" lon="-9.45649"><ele>35.6</ele></trkpt>
   <trkpt lat="38.69553" lon="-9.45690"><ele>34.4</ele></trkpt>
   <trkpt lat="38.69553" lon="-9.45730"><ele>33.6</ele></trkpt>
   <trkpt lat="38.69552" lon="-9.45761"><ele>33.4</ele></trkpt>
   <trkpt lat="38.69555" lon="-9.45801"><ele>33.4</ele></trkpt>
   <trkpt lat="38.69557" lon="-9.45838"><ele>33.6</ele></trkpt>
   <trkpt lat="38.69561" lon="-9.45875"><ele>33.4</ele></trkpt>
   <trkpt lat="38.69564" lon="-9.45901"><ele>32.8</ele></trkpt>
   <trkpt lat="38.69573" lon="-9.45944"><ele>32.6</ele></trkpt>
   <trkpt lat="38.69585" lon="-9.45986"><ele>32.4</ele></trkpt>
   <trkpt lat="38.69588" lon="-9.45994"><ele>32.4</ele></trkpt>
   <trkpt lat="38.69604" lon="-9.46026"><ele>32.2</ele></trkpt>
   <trkpt lat="38.69619" lon="-9.46053"><ele>32.6</ele></trkpt>
   <trkpt lat="38.69640" lon="-9.46084"><ele>32.8</ele></trkpt>
   <trkpt lat="38.69662" lon="-9.46115"><ele>33.0</ele></trkpt>
   <trkpt lat="38.69681" lon="-9.46147"><ele>33.0</ele></trkpt>
   <trkpt lat="38.69697" lon="-9.46182"><ele>33.8</ele></trkpt>
   <trkpt lat="38.69713" lon="-9.46218"><ele>33.8</ele></trkpt>
   <trkpt lat="38.69728" lon="-9.46255"><ele>33.8</ele></trkpt>
   <trkpt lat="38.69744" lon="-9.46293"><ele>33.8</ele></trkpt>
   <trkpt lat="38.69758" lon="-9.46331"><ele>33.6</ele></trkpt>
   <trkpt lat="38.69774" lon="-9.46368"><ele>33.8</ele></trkpt>
   <trkpt lat="38.69790" lon="-9.46405"><ele>33.6</ele></trkpt>
   <trkpt lat="38.69804" lon="-9.46441"><ele>34.0</ele></trkpt>
   <trkpt lat="38.69819" lon="-9.46480"><ele>34.2</ele></trkpt>
   <trkpt lat="38.69826" lon="-9.46495"><ele>34.2</ele></trkpt>
   <trkpt lat="38.69846" lon="-9.46531"><ele>34.2</ele></trkpt>
   <trkpt lat="38.69867" lon="-9.46566"><ele>34.2</ele></trkpt>
   <trkpt lat="38.69891" lon="-9.46599"><ele>34.2</ele></trkpt>
   <trkpt lat="38.69916" lon="-9.46632"><ele>34.6</ele></trkpt>
   <trkpt lat="38.69934" lon="-9.46658"><ele>34.8</ele></trkpt>
   <trkpt lat="38.69954" lon="-9.46695"><ele>35.0</ele></trkpt>
   <trkpt lat="38.69964" lon="-9.46717"><ele>34.8</ele></trkpt>
   <trkpt lat="38.69980" lon="-9.46757"><ele>34.2</ele></trkpt>
   <trkpt lat="38.69996" lon="-9.46798"><ele>33.8</ele></trkpt>
   <trkpt lat="38.70012" lon="-9.46839"><ele>33.8</ele></trkpt>
   <trkpt lat="38.70027" lon="-9.46880"><ele>33.8</ele></trkpt>
   <trkpt lat="38.70041" lon="-9.46913"><ele>33.8</ele></trkpt>
   <trkpt lat="38.70056" lon="-9.46954"><ele>33.4</ele></trkpt>
   <trkpt lat="38.70072" lon="-9.46995"><ele>33.4</ele></trkpt>
   <trkpt lat="38.70085" lon="-9.47029"><ele>33.4</ele></trkpt>
   <trkpt lat="38.70099" lon="-9.47062"><ele>33.4</ele></trkpt>
   <trkpt lat="38.70114" lon="-9.47102"><ele>33.0</ele></trkpt>
   <trkpt lat="38.70130" lon="-9.47143"><ele>32.8</ele></trkpt>
   <trkpt lat="38.70146" lon="-9.47184"><ele>32.6</ele></trkpt>
   <trkpt lat="38.70159" lon="-9.47218"><ele>32.4</ele></trkpt>
   <trkpt lat="38.70173" lon="-9.47253"><ele>32.2</ele></trkpt>
   <trkpt lat="38.70187" lon="-9.47289"><ele>31.6</ele></trkpt>
   <trkpt lat="38.70201" lon="-9.47325"><ele>31.6</ele></trkpt>
   <trkpt lat="38.70217" lon="-9.47366"><ele>31.4</ele></trkpt>
   <trkpt lat="38.70233" lon="-9.47406"><ele>30.8</ele></trkpt>
   <trkpt lat="38.70247" lon="-9.47446"><ele>30.0</ele></trkpt>
   <trkpt lat="38.70262" lon="-9.47485"><ele>30.0</ele></trkpt>
   <trkpt lat="38.70276" lon="-9.47521"><ele>30.4</ele></trkpt>
   <trkpt lat="38.70285" lon="-9.47543"><ele>30.6</ele></trkpt>
   <trkpt lat="38.70297" lon="-9.47581"><ele>30.8</ele></trkpt>
   <trkpt lat="38.70307" lon="-9.47622"><ele>30.8</ele></trkpt>
   <trkpt lat="38.70319" lon="-9.47662"><ele>31.0</ele></trkpt>
   <trkpt lat="38.70324" lon="-9.47678"><ele>31.4</ele></trkpt>
   <trkpt lat="38.70338" lon="-9.47715"><ele>31.8</ele></trkpt>
   <trkpt lat="38.70341" lon="-9.47722"><ele>31.8</ele></trkpt>
   <trkpt lat="38.70360" lon="-9.47754"><ele>32.0</ele></trkpt>
   <trkpt lat="38.70381" lon="-9.47785"><ele>32.6</ele></trkpt>
   <trkpt lat="38.70390" lon="-9.47797"><ele>32.6</ele></trkpt>
   <trkpt lat="38.70415" lon="-9.47824"><ele>33.0</ele></trkpt>
   <trkpt lat="38.70442" lon="-9.47849"><ele>33.2</ele></trkpt>
   <trkpt lat="38.70468" lon="-9.47875"><ele>33.4</ele></trkpt>
   <trkpt lat="38.70493" lon="-9.47903"><ele>34.0</ele></trkpt>
   <trkpt lat="38.70511" lon="-9.47929"><ele>34.0</ele></trkpt>
   <trkpt lat="38.70529" lon="-9.47961"><ele>34.0</ele></trkpt>
   <trkpt lat="38.70545" lon="-9.47993"><ele>34.0</ele></trkpt>
   <trkpt lat="38.70563" lon="-9.48028"><ele>33.6</ele></trkpt>
   <trkpt lat="38.70581" lon="-9.48061"><ele>33.4</ele></trkpt>
   <trkpt lat="38.70601" lon="-9.48098"><ele>33.2</ele></trkpt>
   <trkpt lat="38.70619" lon="-9.48133"><ele>33.2</ele></trkpt>
   <trkpt lat="38.70635" lon="-9.48165"><ele>33.4</ele></trkpt>
   <trkpt lat="38.70652" lon="-9.48196"><ele>33.4</ele></trkpt>
   <trkpt lat="38.70664" lon="-9.48220"><ele>33.4</ele></trkpt>
   <trkpt lat="38.70682" lon="-9.48250"><ele>33.4</ele></trkpt>
   <trkpt lat="38.70701" lon="-9.48281"><ele>33.2</ele></trkpt>
   <trkpt lat="38.70721" lon="-9.48310"><ele>33.0</ele></trkpt>
   <trkpt lat="38.70731" lon="-9.48324"><ele>33.0</ele></trkpt>
   <trkpt lat="38.70753" lon="-9.48350"><ele>32.8</ele></trkpt>
   <trkpt lat="38.70777" lon="-9.48376"><ele>32.6</ele></trkpt>
   <trkpt lat="38.70800" lon="-9.48398"><ele>32.2</ele></trkpt>
   <trkpt lat="38.70806" lon="-9.48404"><ele>32.2</ele></trkpt>
   <trkpt lat="38.70832" lon="-9.48424"><ele>31.8</ele></trkpt>
   <trkpt lat="38.70858" lon="-9.48441"><ele>31.8</ele></trkpt>
   <trkpt lat="38.70878" lon="-9.48452"><ele>31.8</ele></trkpt>
   <trkpt lat="38.70906" lon="-9.48464"><ele>32.0</ele></trkpt>
   <trkpt lat="38.70919" lon="-9.48469"><ele>32.0</ele></trkpt>
   <trkpt lat="38.70953" lon="-9.48478"><ele>32.2</ele></trkpt>
   <trkpt lat="38.70985" lon="-9.48485"><ele>32.4</ele></trkpt>
   <trkpt lat="38.71019" lon="-9.48487"><ele>32.4</ele></trkpt>
   <trkpt lat="38.71032" lon="-9.48487"><ele>32.4</ele></trkpt>
   <trkpt lat="38.71067" lon="-9.48482"><ele>33.0</ele></trkpt>
   <trkpt lat="38.71098" lon="-9.48478"><ele>33.0</ele></trkpt>
   <trkpt lat="38.71127" lon="-9.48469"><ele>33.0</ele></trkpt>
   <trkpt lat="38.71158" lon="-9.48460"><ele>33.2</ele></trkpt>
   <trkpt lat="38.71187" lon="-9.48447"><ele>33.4</ele></trkpt>
   <trkpt lat="38.71221" lon="-9.48433"><ele>33.6</ele></trkpt>
   <trkpt lat="38.71227" lon="-9.48431"><ele>33.6</ele></trkpt>
   <trkpt lat="38.71255" lon="-9.48415"><ele>34.0</ele></trkpt>
   <trkpt lat="38.71288" lon="-9.48398"><ele>34.4</ele></trkpt>
   <trkpt lat="38.71320" lon="-9.48381"><ele>34.4</ele></trkpt>
   <trkpt lat="38.71352" lon="-9.48364"><ele>34.6</ele></trkpt>
   <trkpt lat="38.71384" lon="-9.48346"><ele>34.8</ele></trkpt>
   <trkpt lat="38.71417" lon="-9.48330"><ele>34.8</ele></trkpt>
   <trkpt lat="38.71448" lon="-9.48313"><ele>35.4</ele></trkpt>
   <trkpt lat="38.71464" lon="-9.48305"><ele>35.4</ele></trkpt>
   <trkpt lat="38.71493" lon="-9.48286"><ele>35.6</ele></trkpt>
   <trkpt lat="38.71520" lon="-9.48268"><ele>36.0</ele></trkpt>
   <trkpt lat="38.71548" lon="-9.48242"><ele>36.4</ele></trkpt>
   <trkpt lat="38.71570" lon="-9.48214"><ele>36.8</ele></trkpt>
   <trkpt lat="38.71595" lon="-9.48182"><ele>36.8</ele></trkpt>
   <trkpt lat="38.71619" lon="-9.48149"><ele>37.2</ele></trkpt>
   <trkpt lat="38.71637" lon="-9.48126"><ele>37.6</ele></trkpt>
   <trkpt lat="38.71661" lon="-9.48100"><ele>37.4</ele></trkpt>
   <trkpt lat="38.71681" lon="-9.48078"><ele>37.6</ele></trkpt>
   <trkpt lat="38.71709" lon="-9.48052"><ele>38.2</ele></trkpt>
   <trkpt lat="38.71736" lon="-9.48029"><ele>38.4</ele></trkpt>
   <trkpt lat="38.71763" lon="-9.48009"><ele>38.4</ele></trkpt>
   <trkpt lat="38.71791" lon="-9.47990"><ele>38.8</ele></trkpt>
   <trkpt lat="38.71819" lon="-9.47971"><ele>38.8</ele></trkpt>
   <trkpt lat="38.71847" lon="-9.47952"><ele>38.8</ele></trkpt>
   <trkpt lat="38.71878" lon="-9.47930"><ele>39.2</ele></trkpt>
   <trkpt lat="38.71906" lon="-9.47911"><ele>39.4</ele></trkpt>
   <trkpt lat="38.71934" lon="-9.47891"><ele>39.8</ele></trkpt>
   <trkpt lat="38.71963" lon="-9.47871"><ele>39.8</ele></trkpt>
   <trkpt lat="38.71990" lon="-9.47853"><ele>39.6</ele></trkpt>
   <trkpt lat="38.72021" lon="-9.47831"><ele>40.0</ele></trkpt>
   <trkpt lat="38.72044" lon="-9.47815"><ele>40.2</ele></trkpt>
   <trkpt lat="38.72072" lon="-9.47797"><ele>40.8</ele></trkpt>
   <trkpt lat="38.72102" lon="-9.47781"><ele>41.2</ele></trkpt>
   <trkpt lat="38.72112" lon="-9.47777"><ele>41.4</ele></trkpt>
   <trkpt lat="38.72144" lon="-9.47773"><ele>41.8</ele></trkpt>
   <trkpt lat="38.72158" lon="-9.47773"><ele>42.0</ele></trkpt>
   <trkpt lat="38.72192" lon="-9.47778"><ele>41.6</ele></trkpt>
   <trkpt lat="38.72226" lon="-9.47783"><ele>41.0</ele></trkpt>
   <trkpt lat="38.72261" lon="-9.47775"><ele>40.8</ele></trkpt>
   <trkpt lat="38.72278" lon="-9.47763"><ele>40.8</ele></trkpt>
   <trkpt lat="38.72302" lon="-9.47730"><ele>41.2</ele></trkpt>
   <trkpt lat="38.72312" lon="-9.47718"><ele>41.4</ele></trkpt>
   <trkpt lat="38.72331" lon="-9.47683"><ele>41.4</ele></trkpt>
   <trkpt lat="38.72349" lon="-9.47652"><ele>41.2</ele></trkpt>
   <trkpt lat="38.72367" lon="-9.47620"><ele>41.4</ele></trkpt>
   <trkpt lat="38.72388" lon="-9.47583"><ele>41.8</ele></trkpt>
   <trkpt lat="38.72409" lon="-9.47546"><ele>41.8</ele></trkpt>
   <trkpt lat="38.72420" lon="-9.47528"><ele>41.4</ele></trkpt>
   <trkpt lat="38.72445" lon="-9.47496"><ele>41.4</ele></trkpt>
   <trkpt lat="38.72476" lon="-9.47473"><ele>41.2</ele></trkpt>
   <trkpt lat="38.72505" lon="-9.47460"><ele>41.0</ele></trkpt>
   <trkpt lat="38.72511" lon="-9.47458"><ele>41.0</ele></trkpt>
   <trkpt lat="38.72543" lon="-9.47450"><ele>41.0</ele></trkpt>
   <trkpt lat="38.72575" lon="-9.47440"><ele>41.0</ele></trkpt>
   <trkpt lat="38.72600" lon="-9.47433"><ele>40.8</ele></trkpt>
   <trkpt lat="38.72631" lon="-9.47427"><ele>41.0</ele></trkpt>
   <trkpt lat="38.72644" lon="-9.47426"><ele>41.0</ele></trkpt>
   <trkpt lat="38.72669" lon="-9.47428"><ele>41.0</ele></trkpt>
   <trkpt lat="38.72701" lon="-9.47439"><ele>40.6</ele></trkpt>
   <trkpt lat="38.72731" lon="-9.47452"><ele>40.2</ele></trkpt>
   <trkpt lat="38.72749" lon="-9.47459"><ele>40.0</ele></trkpt>
   <trkpt lat="38.72779" lon="-9.47465"><ele>39.6</ele></trkpt>
   <trkpt lat="38.72796" lon="-9.47467"><ele>39.6</ele></trkpt>
   <trkpt lat="38.72826" lon="-9.47468"><ele>39.8</ele></trkpt>
   <trkpt lat="38.72845" lon="-9.47465"><ele>39.8</ele></trkpt>
   <trkpt lat="38.72874" lon="-9.47453"><ele>40.0</ele></trkpt>
   <trkpt lat="38.72890" lon="-9.47443"><ele>40.0</ele></trkpt>
   <trkpt lat="38.72910" lon="-9.47425"><ele>40.0</ele></trkpt>
   <trkpt lat="38.72933" lon="-9.47394"><ele>40.4</ele></trkpt>
   <trkpt lat="38.72937" lon="-9.47388"><ele>40.6</ele></trkpt>
   <trkpt lat="38.72953" lon="-9.47353"><ele>40.8</ele></trkpt>
   <trkpt lat="38.72965" lon="-9.47317"><ele>41.0</ele></trkpt>
   <trkpt lat="38.72973" lon="-9.47275"><ele>42.0</ele></trkpt>
   <trkpt lat="38.72975" lon="-9.47269"><ele>42.0</ele></trkpt>
   <trkpt lat="38.72980" lon="-9.47228"><ele>42.8</ele></trkpt>
   <trkpt lat="38.72984" lon="-9.47186"><ele>43.6</ele></trkpt>
   <trkpt lat="38.72989" lon="-9.47146"><ele>44.4</ele></trkpt>
   <trkpt lat="38.72993" lon="-9.47104"><ele>45.2</ele></trkpt>
   <trkpt lat="38.72998" lon="-9.47065"><ele>45.4</ele></trkpt>
   <trkpt lat="38.73003" lon="-9.47024"><ele>45.2</ele></trkpt>
   <trkpt lat="38.73004" lon="-9.47016"><ele>45.2</ele></trkpt>
   <trkpt lat="38.73013" lon="-9.46978"><ele>45.0</ele></trkpt>
   <trkpt lat="38.73015" lon="-9.46970"><ele>45.0</ele></trkpt>
   <trkpt lat="38.73028" lon="-9.46936"><ele>44.2</ele></trkpt>
   <trkpt lat="38.73032" lon="-9.46927"><ele>44.0</ele></trkpt>
   <trkpt lat="38.73054" lon="-9.46894"><ele>43.4</ele></trkpt>
   <trkpt lat="38.73060" lon="-9.46887"><ele>42.8</ele></trkpt>
   <trkpt lat="38.73082" lon="-9.46866"><ele>41.8</ele></trkpt>
   <trkpt lat="38.73098" lon="-9.46854"><ele>40.8</ele></trkpt>
   <trkpt lat="38.73124" lon="-9.46840"><ele>39.4</ele></trkpt>
   <trkpt lat="38.73142" lon="-9.46833"><ele>39.0</ele></trkpt>
   <trkpt lat="38.73170" lon="-9.46828"><ele>37.4</ele></trkpt>
   <trkpt lat="38.73196" lon="-9.46823"><ele>36.8</ele></trkpt>
   <trkpt lat="38.73223" lon="-9.46801"><ele>36.6</ele></trkpt>
   <trkpt lat="38.73237" lon="-9.46780"><ele>36.8</ele></trkpt>
   <trkpt lat="38.73253" lon="-9.46740"><ele>37.4</ele></trkpt>
   <trkpt lat="38.73269" lon="-9.46700"><ele>38.8</ele></trkpt>
   <trkpt lat="38.73285" lon="-9.46663"><ele>40.6</ele></trkpt>
   <trkpt lat="38.73301" lon="-9.46626"><ele>42.2</ele></trkpt>
   <trkpt lat="38.73317" lon="-9.46586"><ele>44.0</ele></trkpt>
   <trkpt lat="38.73332" lon="-9.46551"><ele>45.8</ele></trkpt>
   <trkpt lat="38.73349" lon="-9.46517"><ele>46.6</ele></trkpt>
   <trkpt lat="38.73368" lon="-9.46484"><ele>47.6</ele></trkpt>
   <trkpt lat="38.73389" lon="-9.46450"><ele>48.0</ele></trkpt>
   <trkpt lat="38.73395" lon="-9.46440"><ele>48.0</ele></trkpt>
   <trkpt lat="38.73410" lon="-9.46406"><ele>48.8</ele></trkpt>
   <trkpt lat="38.73418" lon="-9.46362"><ele>50.0</ele></trkpt>
   <trkpt lat="38.73423" lon="-9.46319"><ele>50.8</ele></trkpt>
   <trkpt lat="38.73429" lon="-9.46276"><ele>52.6</ele></trkpt>
   <trkpt lat="38.73436" lon="-9.46232"><ele>54.4</ele></trkpt>
   <trkpt lat="38.73445" lon="-9.46188"><ele>55.6</ele></trkpt>
   <trkpt lat="38.73454" lon="-9.46145"><ele>57.6</ele></trkpt>
   <trkpt lat="38.73461" lon="-9.46114"><ele>59.2</ele></trkpt>
   <trkpt lat="38.73474" lon="-9.46083"><ele>60.2</ele></trkpt>
   <trkpt lat="38.73498" lon="-9.46054"><ele>61.4</ele></trkpt>
   <trkpt lat="38.73522" lon="-9.46026"><ele>63.2</ele></trkpt>
   <trkpt lat="38.73536" lon="-9.45996"><ele>64.6</ele></trkpt>
   <trkpt lat="38.73539" lon="-9.45954"><ele>66.6</ele></trkpt>
   <trkpt lat="38.73534" lon="-9.45909"><ele>68.6</ele></trkpt>
   <trkpt lat="38.73529" lon="-9.45865"><ele>70.0</ele></trkpt>
   <trkpt lat="38.73527" lon="-9.45853"><ele>70.8</ele></trkpt>
   <trkpt lat="38.73525" lon="-9.45811"><ele>72.0</ele></trkpt>
   <trkpt lat="38.73526" lon="-9.45791"><ele>72.0</ele></trkpt>
   <trkpt lat="38.73535" lon="-9.45747"><ele>72.2</ele></trkpt>
   <trkpt lat="38.73545" lon="-9.45722"><ele>72.8</ele></trkpt>
   <trkpt lat="38.73567" lon="-9.45688"><ele>73.2</ele></trkpt>
   <trkpt lat="38.73573" lon="-9.45680"><ele>73.4</ele></trkpt>
   <trkpt lat="38.73601" lon="-9.45658"><ele>73.8</ele></trkpt>
   <trkpt lat="38.73612" lon="-9.45650"><ele>73.8</ele></trkpt>
   <trkpt lat="38.73641" lon="-9.45634"><ele>73.8</ele></trkpt>
   <trkpt lat="38.73673" lon="-9.45617"><ele>74.0</ele></trkpt>
   <trkpt lat="38.73705" lon="-9.45601"><ele>75.6</ele></trkpt>
   <trkpt lat="38.73736" lon="-9.45584"><ele>77.0</ele></trkpt>
   <trkpt lat="38.73752" lon="-9.45579"><ele>78.0</ele></trkpt>
   <trkpt lat="38.73784" lon="-9.45580"><ele>79.4</ele></trkpt>
   <trkpt lat="38.73816" lon="-9.45583"><ele>80.0</ele></trkpt>
   <trkpt lat="38.73831" lon="-9.45577"><ele>81.2</ele></trkpt>
   <trkpt lat="38.73849" lon="-9.45562"><ele>82.0</ele></trkpt>
   <trkpt lat="38.73870" lon="-9.45526"><ele>84.2</ele></trkpt>
   <trkpt lat="38.73889" lon="-9.45496"><ele>85.8</ele></trkpt>
   <trkpt lat="38.73919" lon="-9.45479"><ele>87.2</ele></trkpt>
   <trkpt lat="38.73951" lon="-9.45467"><ele>89.6</ele></trkpt>
   <trkpt lat="38.73984" lon="-9.45454"><ele>90.6</ele></trkpt>
   <trkpt lat="38.74017" lon="-9.45441"><ele>91.6</ele></trkpt>
   <trkpt lat="38.74039" lon="-9.45434"><ele>92.8</ele></trkpt>
   <trkpt lat="38.74074" lon="-9.45428"><ele>94.2</ele></trkpt>
   <trkpt lat="38.74108" lon="-9.45425"><ele>95.8</ele></trkpt>
   <trkpt lat="38.74138" lon="-9.45420"><ele>97.4</ele></trkpt>
   <trkpt lat="38.74170" lon="-9.45407"><ele>99.4</ele></trkpt>
   <trkpt lat="38.74202" lon="-9.45392"><ele>100.8</ele></trkpt>
   <trkpt lat="38.74234" lon="-9.45377"><ele>102.8</ele></trkpt>
   <trkpt lat="38.74243" lon="-9.45373"><ele>103.4</ele></trkpt>
   <trkpt lat="38.74277" lon="-9.45366"><ele>104.8</ele></trkpt>
   <trkpt lat="38.74312" lon="-9.45362"><ele>106.2</ele></trkpt>
   <trkpt lat="38.74331" lon="-9.45359"><ele>106.8</ele></trkpt>
   <trkpt lat="38.74364" lon="-9.45345"><ele>109.0</ele></trkpt>
   <trkpt lat="38.74367" lon="-9.45344"><ele>109.2</ele></trkpt>
   <trkpt lat="38.74394" lon="-9.45321"><ele>110.4</ele></trkpt>
   <trkpt lat="38.74397" lon="-9.45318"><ele>110.6</ele></trkpt>
   <trkpt lat="38.74423" lon="-9.45290"><ele>112.6</ele></trkpt>
   <trkpt lat="38.74449" lon="-9.45262"><ele>114.4</ele></trkpt>
   <trkpt lat="38.74473" lon="-9.45236"><ele>115.8</ele></trkpt>
   <trkpt lat="38.74487" lon="-9.45211"><ele>117.2</ele></trkpt>
   <trkpt lat="38.74500" lon="-9.45170"><ele>119.0</ele></trkpt>
   <trkpt lat="38.74503" lon="-9.45163"><ele>119.6</ele></trkpt>
   <trkpt lat="38.74518" lon="-9.45142"><ele>120.4</ele></trkpt>
   <trkpt lat="38.74534" lon="-9.45130"><ele>121.4</ele></trkpt>
   <trkpt lat="38.74568" lon="-9.45125"><ele>122.8</ele></trkpt>
   <trkpt lat="38.74577" lon="-9.45125"><ele>123.2</ele></trkpt>
   <trkpt lat="38.74612" lon="-9.45130"><ele>124.8</ele></trkpt>
   <trkpt lat="38.74646" lon="-9.45133"><ele>126.2</ele></trkpt>
   <trkpt lat="38.74680" lon="-9.45137"><ele>127.6</ele></trkpt>
   <trkpt lat="38.74714" lon="-9.45141"><ele>129.0</ele></trkpt>
   <trkpt lat="38.74747" lon="-9.45136"><ele>130.8</ele></trkpt>
   <trkpt lat="38.74773" lon="-9.45117"><ele>132.4</ele></trkpt>
   <trkpt lat="38.74798" lon="-9.45088"><ele>134.4</ele></trkpt>
   <trkpt lat="38.74824" lon="-9.45057"><ele>136.4</ele></trkpt>
   <trkpt lat="38.74831" lon="-9.45050"><ele>136.8</ele></trkpt>
   <trkpt lat="38.74859" lon="-9.45034"><ele>138.4</ele></trkpt>
   <trkpt lat="38.74875" lon="-9.45031"><ele>139.2</ele></trkpt>
   <trkpt lat="38.74908" lon="-9.45029"><ele>140.6</ele></trkpt>
   <trkpt lat="38.74941" lon="-9.45028"><ele>141.6</ele></trkpt>
   <trkpt lat="38.74975" lon="-9.45027"><ele>143.0</ele></trkpt>
   <trkpt lat="38.75009" lon="-9.45025"><ele>144.8</ele></trkpt>
   <trkpt lat="38.75043" lon="-9.45024"><ele>146.6</ele></trkpt>
   <trkpt lat="38.75077" lon="-9.45022"><ele>148.4</ele></trkpt>
   <trkpt lat="38.75111" lon="-9.45021"><ele>150.2</ele></trkpt>
   <trkpt lat="38.75114" lon="-9.45021"><ele>150.6</ele></trkpt>
   <trkpt lat="38.75148" lon="-9.45024"><ele>152.2</ele></trkpt>
   <trkpt lat="38.75181" lon="-9.45027"><ele>153.8</ele></trkpt>
   <trkpt lat="38.75215" lon="-9.45030"><ele>156.0</ele></trkpt>
   <trkpt lat="38.75247" lon="-9.45032"><ele>157.8</ele></trkpt>
   <trkpt lat="38.75266" lon="-9.45041"><ele>159.0</ele></trkpt>
   <trkpt lat="38.75278" lon="-9.45070"><ele>160.2</ele></trkpt>
   <trkpt lat="38.75262" lon="-9.45107"><ele>162.2</ele></trkpt>
   <trkpt lat="38.75245" lon="-9.45142"><ele>164.0</ele></trkpt>
   <trkpt lat="38.75236" lon="-9.45159"><ele>165.0</ele></trkpt>
   <trkpt lat="38.75231" lon="-9.45177"><ele>165.8</ele></trkpt>
   <trkpt lat="38.75232" lon="-9.45192"><ele>166.6</ele></trkpt>
   <trkpt lat="38.75256" lon="-9.45224"><ele>168.4</ele></trkpt>
   <trkpt lat="38.75282" lon="-9.45254"><ele>170.8</ele></trkpt>
   <trkpt lat="38.75307" lon="-9.45282"><ele>172.6</ele></trkpt>
   <trkpt lat="38.75313" lon="-9.45289"><ele>172.8</ele></trkpt>
   <trkpt lat="38.75322" lon="-9.45315"><ele>174.0</ele></trkpt>
   <trkpt lat="38.75311" lon="-9.45357"><ele>175.8</ele></trkpt>
   <trkpt lat="38.75310" lon="-9.45361"><ele>176.2</ele></trkpt>
   <trkpt lat="38.75284" lon="-9.45391"><ele>177.4</ele></trkpt>
   <trkpt lat="38.75268" lon="-9.45411"><ele>178.4</ele></trkpt>
   <trkpt lat="38.75250" lon="-9.45446"><ele>179.6</ele></trkpt>
   <trkpt lat="38.75230" lon="-9.45482"><ele>181.0</ele></trkpt>
   <trkpt lat="38.75217" lon="-9.45523"><ele>182.6</ele></trkpt>
   <trkpt lat="38.75211" lon="-9.45548"><ele>183.6</ele></trkpt>
   <trkpt lat="38.75212" lon="-9.45575"><ele>184.4</ele></trkpt>
   <trkpt lat="38.75227" lon="-9.45616"><ele>185.8</ele></trkpt>
   <trkpt lat="38.75243" lon="-9.45655"><ele>187.4</ele></trkpt>
   <trkpt lat="38.75247" lon="-9.45664"><ele>188.0</ele></trkpt>
   <trkpt lat="38.75246" lon="-9.45708"><ele>190.0</ele></trkpt>
   <trkpt lat="38.75246" lon="-9.45712"><ele>190.2</ele></trkpt>
   <trkpt lat="38.75250" lon="-9.45725"><ele>190.6</ele></trkpt>
   <trkpt lat="38.75270" lon="-9.45744"><ele>192.0</ele></trkpt>
   <trkpt lat="38.75299" lon="-9.45749"><ele>193.6</ele></trkpt>
   <trkpt lat="38.75331" lon="-9.45734"><ele>195.6</ele></trkpt>
   <trkpt lat="38.75362" lon="-9.45716"><ele>197.4</ele></trkpt>
   <trkpt lat="38.75393" lon="-9.45698"><ele>198.2</ele></trkpt>
   <trkpt lat="38.75425" lon="-9.45679"><ele>199.6</ele></trkpt>
   <trkpt lat="38.75457" lon="-9.45660"><ele>201.2</ele></trkpt>
   <trkpt lat="38.75464" lon="-9.45656"><ele>201.6</ele></trkpt>
   <trkpt lat="38.75487" lon="-9.45652"><ele>203.0</ele></trkpt>
   <trkpt lat="38.75506" lon="-9.45668"><ele>204.4</ele></trkpt>
   <trkpt lat="38.75522" lon="-9.45709"><ele>205.8</ele></trkpt>
   <trkpt lat="38.75536" lon="-9.45749"><ele>207.6</ele></trkpt>
   <trkpt lat="38.75542" lon="-9.45761"><ele>208.0</ele></trkpt>
   <trkpt lat="38.75565" lon="-9.45786"><ele>209.4</ele></trkpt>
   <trkpt lat="38.75585" lon="-9.45793"><ele>210.8</ele></trkpt>
   <trkpt lat="38.75619" lon="-9.45785"><ele>212.6</ele></trkpt>
   <trkpt lat="38.75636" lon="-9.45786"><ele>213.8</ele></trkpt>
   <trkpt lat="38.75658" lon="-9.45796"><ele>214.6</ele></trkpt>
   <trkpt lat="38.75675" lon="-9.45811"><ele>214.6</ele></trkpt>
   <trkpt lat="38.75700" lon="-9.45843"><ele>214.6</ele></trkpt>
   <trkpt lat="38.75722" lon="-9.45872"><ele>215.8</ele></trkpt>
   <trkpt lat="38.75746" lon="-9.45904"><ele>217.0</ele></trkpt>
   <trkpt lat="38.75748" lon="-9.45907"><ele>217.2</ele></trkpt>
   <trkpt lat="38.75774" lon="-9.45926"><ele>218.8</ele></trkpt>
   <trkpt lat="38.75800" lon="-9.45926"><ele>219.6</ele></trkpt>
   <trkpt lat="38.75832" lon="-9.45917"><ele>222.0</ele></trkpt>
   <trkpt lat="38.75845" lon="-9.45913"><ele>222.8</ele></trkpt>
   <trkpt lat="38.75863" lon="-9.45915"><ele>224.2</ele></trkpt>
   <trkpt lat="38.75874" lon="-9.45923"><ele>225.0</ele></trkpt>
   <trkpt lat="38.75887" lon="-9.45949"><ele>226.2</ele></trkpt>
   <trkpt lat="38.75884" lon="-9.45977"><ele>227.2</ele></trkpt>
   <trkpt lat="38.75875" lon="-9.45992"><ele>227.8</ele></trkpt>
   <trkpt lat="38.75859" lon="-9.46007"><ele>228.4</ele></trkpt>
   <trkpt lat="38.75826" lon="-9.46021"><ele>228.4</ele></trkpt>
   <trkpt lat="38.75821" lon="-9.46023"><ele>228.4</ele></trkpt>
   <trkpt lat="38.75790" lon="-9.46042"><ele>228.4</ele></trkpt>
   <trkpt lat="38.75763" lon="-9.46060"><ele>228.2</ele></trkpt>
   <trkpt lat="38.75751" lon="-9.46067"><ele>228.2</ele></trkpt>
   <trkpt lat="38.75737" lon="-9.46084"><ele>228.0</ele></trkpt>
   <trkpt lat="38.75733" lon="-9.46110"><ele>227.8</ele></trkpt>
   <trkpt lat="38.75747" lon="-9.46151"><ele>227.0</ele></trkpt>
   <trkpt lat="38.75763" lon="-9.46186"><ele>227.2</ele></trkpt>
   <trkpt lat="38.75786" lon="-9.46215"><ele>227.6</ele></trkpt>
   <trkpt lat="38.75810" lon="-9.46241"><ele>227.6</ele></trkpt>
   <trkpt lat="38.75823" lon="-9.46254"><ele>227.6</ele></trkpt>
   <trkpt lat="38.75846" lon="-9.46289"><ele>228.4</ele></trkpt>
   <trkpt lat="38.75855" lon="-9.46324"><ele>228.6</ele></trkpt>
   <trkpt lat="38.75858" lon="-9.46365"><ele>228.6</ele></trkpt>
   <trkpt lat="38.75859" lon="-9.46386"><ele>228.6</ele></trkpt>
   <trkpt lat="38.75870" lon="-9.46421"><ele>229.0</ele></trkpt>
   <trkpt lat="38.75877" lon="-9.46435"><ele>229.2</ele></trkpt>
   <trkpt lat="38.75890" lon="-9.46456"><ele>229.6</ele></trkpt>
   <trkpt lat="38.75916" lon="-9.46481"><ele>230.4</ele></trkpt>
   <trkpt lat="38.75919" lon="-9.46484"><ele>230.6</ele></trkpt>
   <trkpt lat="38.75948" lon="-9.46505"><ele>231.4</ele></trkpt>
   <trkpt lat="38.75959" lon="-9.46509"><ele>231.6</ele></trkpt>
   <trkpt lat="38.75993" lon="-9.46514"><ele>233.0</ele></trkpt>
   <trkpt lat="38.76009" lon="-9.46514"><ele>233.6</ele></trkpt>
   <trkpt lat="38.76043" lon="-9.46509"><ele>234.4</ele></trkpt>
   <trkpt lat="38.76078" lon="-9.46505"><ele>236.2</ele></trkpt>
   <trkpt lat="38.76100" lon="-9.46505"><ele>237.4</ele></trkpt>
   <trkpt lat="38.76131" lon="-9.46511"><ele>239.2</ele></trkpt>
   <trkpt lat="38.76145" lon="-9.46523"><ele>239.8</ele></trkpt>
   <trkpt lat="38.76159" lon="-9.46561"><ele>241.2</ele></trkpt>
   <trkpt lat="38.76161" lon="-9.46596"><ele>242.6</ele></trkpt>
   <trkpt lat="38.76157" lon="-9.46620"><ele>243.0</ele></trkpt>
   <trkpt lat="38.76141" lon="-9.46661"><ele>243.4</ele></trkpt>
   <trkpt lat="38.76127" lon="-9.46698"><ele>243.4</ele></trkpt>
   <trkpt lat="38.76125" lon="-9.46703"><ele>243.4</ele></trkpt>
   <trkpt lat="38.76128" lon="-9.46739"><ele>243.4</ele></trkpt>
   <trkpt lat="38.76145" lon="-9.46776"><ele>243.8</ele></trkpt>
   <trkpt lat="38.76176" lon="-9.46790"><ele>244.2</ele></trkpt>
   <trkpt lat="38.76194" lon="-9.46801"><ele>245.0</ele></trkpt>
   <trkpt lat="38.76213" lon="-9.46825"><ele>246.0</ele></trkpt>
   <trkpt lat="38.76227" lon="-9.46854"><ele>246.8</ele></trkpt>
   <trkpt lat="38.76236" lon="-9.46894"><ele>247.8</ele></trkpt>
   <trkpt lat="38.76245" lon="-9.46933"><ele>248.0</ele></trkpt>
   <trkpt lat="38.76256" lon="-9.46961"><ele>248.4</ele></trkpt>
   <trkpt lat="38.76286" lon="-9.46985"><ele>249.4</ele></trkpt>
   <trkpt lat="38.76316" lon="-9.47007"><ele>251.2</ele></trkpt>
   <trkpt lat="38.76345" lon="-9.47028"><ele>253.0</ele></trkpt>
   <trkpt lat="38.76374" lon="-9.47050"><ele>255.6</ele></trkpt>
   <trkpt lat="38.76387" lon="-9.47059"><ele>256.4</ele></trkpt>
   <trkpt lat="38.76419" lon="-9.47079"><ele>258.2</ele></trkpt>
   <trkpt lat="38.76450" lon="-9.47095"><ele>259.6</ele></trkpt>
   <trkpt lat="38.76480" lon="-9.47111"><ele>261.0</ele></trkpt>
   <trkpt lat="38.76486" lon="-9.47116"><ele>261.4</ele></trkpt>
   <trkpt lat="38.76502" lon="-9.47139"><ele>261.8</ele></trkpt>
   <trkpt lat="38.76514" lon="-9.47182"><ele>261.8</ele></trkpt>
   <trkpt lat="38.76528" lon="-9.47210"><ele>262.2</ele></trkpt>
   <trkpt lat="38.76552" lon="-9.47238"><ele>263.6</ele></trkpt>
   <trkpt lat="38.76577" lon="-9.47265"><ele>265.8</ele></trkpt>
   <trkpt lat="38.76591" lon="-9.47281"><ele>266.6</ele></trkpt>
   <trkpt lat="38.76621" lon="-9.47306"><ele>268.4</ele></trkpt>
   <trkpt lat="38.76629" lon="-9.47314"><ele>268.6</ele></trkpt>
   <trkpt lat="38.76656" lon="-9.47333"><ele>270.2</ele></trkpt>
   <trkpt lat="38.76673" lon="-9.47337"><ele>270.2</ele></trkpt>
   <trkpt lat="38.76704" lon="-9.47335"><ele>271.0</ele></trkpt>
   <trkpt lat="38.76734" lon="-9.47333"><ele>271.4</ele></trkpt>
   <trkpt lat="38.76757" lon="-9.47332"><ele>271.4</ele></trkpt>
   <trkpt lat="38.76791" lon="-9.47339"><ele>271.2</ele></trkpt>
   <trkpt lat="38.76826" lon="-9.47348"><ele>271.2</ele></trkpt>
   <trkpt lat="38.76856" lon="-9.47357"><ele>271.2</ele></trkpt>
   <trkpt lat="38.76886" lon="-9.47364"><ele>271.0</ele></trkpt>
   <trkpt lat="38.76916" lon="-9.47368"><ele>271.0</ele></trkpt>
   <trkpt lat="38.76927" lon="-9.47370"><ele>271.0</ele></trkpt>
   <trkpt lat="38.76957" lon="-9.47372"><ele>271.2</ele></trkpt>
   <trkpt lat="38.76990" lon="-9.47374"><ele>271.0</ele></trkpt>
   <trkpt lat="38.77025" lon="-9.47370"><ele>270.6</ele></trkpt>
   <trkpt lat="38.77048" lon="-9.47364"><ele>270.4</ele></trkpt>
   <trkpt lat="38.77077" lon="-9.47341"><ele>270.4</ele></trkpt>
   <trkpt lat="38.77081" lon="-9.47336"><ele>270.4</ele></trkpt>
   <trkpt lat="38.77100" lon="-9.47300"><ele>270.4</ele></trkpt>
   <trkpt lat="38.77117" lon="-9.47264"><ele>270.2</ele></trkpt>
   <trkpt lat="38.77131" lon="-9.47234"><ele>270.4</ele></trkpt>
   <trkpt lat="38.77155" lon="-9.47203"><ele>270.6</ele></trkpt>
   <trkpt lat="38.77176" lon="-9.47176"><ele>270.8</ele></trkpt>
   <trkpt lat="38.77196" lon="-9.47146"><ele>270.8</ele></trkpt>
   <trkpt lat="38.77204" lon="-9.47134"><ele>270.8</ele></trkpt>
   <trkpt lat="38.77222" lon="-9.47098"><ele>271.0</ele></trkpt>
   <trkpt lat="38.77236" lon="-9.47060"><ele>271.0</ele></trkpt>
   <trkpt lat="38.77250" lon="-9.47024"><ele>271.0</ele></trkpt>
   <trkpt lat="38.77262" lon="-9.47011"><ele>271.2</ele></trkpt>
   <trkpt lat="38.77272" lon="-9.47008"><ele>271.2</ele></trkpt>
   <trkpt lat="38.77291" lon="-9.47016"><ele>271.2</ele></trkpt>
   <trkpt lat="38.77302" lon="-9.47034"><ele>271.2</ele></trkpt>
   <trkpt lat="38.77316" lon="-9.47075"><ele>270.8</ele></trkpt>
   <trkpt lat="38.77329" lon="-9.47113"><ele>271.2</ele></trkpt>
   <trkpt lat="38.77340" lon="-9.47140"><ele>271.4</ele></trkpt>
   <trkpt lat="38.77354" lon="-9.47159"><ele>272.0</ele></trkpt>
   <trkpt lat="38.77384" lon="-9.47182"><ele>274.0</ele></trkpt>
   <trkpt lat="38.77387" lon="-9.47185"><ele>274.0</ele></trkpt>
   <trkpt lat="38.77397" lon="-9.47224"><ele>276.0</ele></trkpt>
   <trkpt lat="38.77391" lon="-9.47253"><ele>276.8</ele></trkpt>
   <trkpt lat="38.77371" lon="-9.47291"><ele>277.4</ele></trkpt>
   <trkpt lat="38.77362" lon="-9.47308"><ele>278.2</ele></trkpt>
   <trkpt lat="38.77337" lon="-9.47340"><ele>280.0</ele></trkpt>
   <trkpt lat="38.77322" lon="-9.47358"><ele>280.8</ele></trkpt>
   <trkpt lat="38.77306" lon="-9.47399"><ele>281.6</ele></trkpt>
   <trkpt lat="38.77294" lon="-9.47435"><ele>281.8</ele></trkpt>
   <trkpt lat="38.77290" lon="-9.47449"><ele>281.6</ele></trkpt>
   <trkpt lat="38.77285" lon="-9.47490"><ele>281.6</ele></trkpt>
   <trkpt lat="38.77284" lon="-9.47508"><ele>281.4</ele></trkpt>
   <trkpt lat="38.77283" lon="-9.47552"><ele>281.2</ele></trkpt>
   <trkpt lat="38.77284" lon="-9.47561"><ele>281.2</ele></trkpt>
   <trkpt lat="38.77290" lon="-9.47578"><ele>281.0</ele></trkpt>
   <trkpt lat="38.77307" lon="-9.47593"><ele>281.0</ele></trkpt>
   <trkpt lat="38.77328" lon="-9.47595"><ele>280.6</ele></trkpt>
   <trkpt lat="38.77361" lon="-9.47587"><ele>280.6</ele></trkpt>
   <trkpt lat="38.77367" lon="-9.47586"><ele>280.6</ele></trkpt>
   <trkpt lat="38.77390" lon="-9.47566"><ele>281.0</ele></trkpt>
   <trkpt lat="38.77389" lon="-9.47554"><ele>283.4</ele></trkpt>
   <trkpt lat="38.77408" lon="-9.47567"><ele>283.4</ele></trkpt>
   <trkpt lat="38.77437" lon="-9.47554"><ele>281.6</ele></trkpt>
   <trkpt lat="38.77464" lon="-9.47537"><ele>281.2</ele></trkpt>
   <trkpt lat="38.77497" lon="-9.47520"><ele>281.0</ele></trkpt>
   <trkpt lat="38.77526" lon="-9.47511"><ele>280.8</ele></trkpt>
   <trkpt lat="38.77557" lon="-9.47502"><ele>280.8</ele></trkpt>
   <trkpt lat="38.77590" lon="-9.47498"><ele>280.6</ele></trkpt>
   <trkpt lat="38.77596" lon="-9.47498"><ele>280.6</ele></trkpt>
   <trkpt lat="38.77625" lon="-9.47510"><ele>280.4</ele></trkpt>
   <trkpt lat="38.77632" lon="-9.47513"><ele>280.4</ele></trkpt>
   <trkpt lat="38.77659" lon="-9.47528"><ele>280.0</ele></trkpt>
   <trkpt lat="38.77688" lon="-9.47545"><ele>278.8</ele></trkpt>
   <trkpt lat="38.77719" lon="-9.47563"><ele>277.8</ele></trkpt>
   <trkpt lat="38.77752" lon="-9.47580"><ele>275.6</ele></trkpt>
   <trkpt lat="38.77760" lon="-9.47584"><ele>275.6</ele></trkpt>
   <trkpt lat="38.77788" lon="-9.47592"><ele>275.0</ele></trkpt>
   <trkpt lat="38.77816" lon="-9.47598"><ele>273.4</ele></trkpt>
   <trkpt lat="38.77844" lon="-9.47605"><ele>272.8</ele></trkpt>
   <trkpt lat="38.77863" lon="-9.47609"><ele>272.4</ele></trkpt>
   <trkpt lat="38.77881" lon="-9.47608"><ele>271.4</ele></trkpt>
   <trkpt lat="38.77913" lon="-9.47598"><ele>270.2</ele></trkpt>
   <trkpt lat="38.77928" lon="-9.47593"><ele>269.6</ele></trkpt>
   <trkpt lat="38.77953" lon="-9.47573"><ele>269.2</ele></trkpt>
   <trkpt lat="38.77978" lon="-9.47543"><ele>269.0</ele></trkpt>
   <trkpt lat="38.78002" lon="-9.47513"><ele>269.2</ele></trkpt>
   <trkpt lat="38.78025" lon="-9.47486"><ele>269.8</ele></trkpt>
   <trkpt lat="38.78039" lon="-9.47470"><ele>270.2</ele></trkpt>
   <trkpt lat="38.78060" lon="-9.47433"><ele>270.4</ele></trkpt>
   <trkpt lat="38.78080" lon="-9.47398"><ele>270.8</ele></trkpt>
   <trkpt lat="38.78093" lon="-9.47375"><ele>271.2</ele></trkpt>
   <trkpt lat="38.78119" lon="-9.47346"><ele>271.0</ele></trkpt>
   <trkpt lat="38.78151" lon="-9.47333"><ele>271.0</ele></trkpt>
   <trkpt lat="38.78156" lon="-9.47331"><ele>270.8</ele></trkpt>
   <trkpt lat="38.78177" lon="-9.47329"><ele>270.6</ele></trkpt>
   <trkpt lat="38.78207" lon="-9.47340"><ele>270.2</ele></trkpt>
   <trkpt lat="38.78239" lon="-9.47352"><ele>269.0</ele></trkpt>
   <trkpt lat="38.78273" lon="-9.47362"><ele>268.6</ele></trkpt>
   <trkpt lat="38.78281" lon="-9.47364"><ele>268.4</ele></trkpt>
   <trkpt lat="38.78307" lon="-9.47360"><ele>268.0</ele></trkpt>
   <trkpt lat="38.78329" lon="-9.47346"><ele>267.2</ele></trkpt>
   <trkpt lat="38.78351" lon="-9.47311"><ele>266.4</ele></trkpt>
   <trkpt lat="38.78356" lon="-9.47287"><ele>266.2</ele></trkpt>
   <trkpt lat="38.78353" lon="-9.47262"><ele>264.6</ele></trkpt>
   <trkpt lat="38.78342" lon="-9.47227"><ele>263.2</ele></trkpt>
   <trkpt lat="38.78330" lon="-9.47196"><ele>262.2</ele></trkpt>
   <trkpt lat="38.78325" lon="-9.47186"><ele>261.8</ele></trkpt>
   <trkpt lat="38.78309" lon="-9.47162"><ele>260.8</ele></trkpt>
   <trkpt lat="38.78285" lon="-9.47134"><ele>260.0</ele></trkpt>
   <trkpt lat="38.78260" lon="-9.47107"><ele>259.2</ele></trkpt>
   <trkpt lat="38.78234" lon="-9.47082"><ele>258.8</ele></trkpt>
   <trkpt lat="38.78224" lon="-9.47068"><ele>258.4</ele></trkpt>
   <trkpt lat="38.78220" lon="-9.47060"><ele>258.0</ele></trkpt>
   <trkpt lat="38.78220" lon="-9.47037"><ele>257.6</ele></trkpt>
   <trkpt lat="38.78227" lon="-9.47023"><ele>257.2</ele></trkpt>
   <trkpt lat="38.78241" lon="-9.47011"><ele>257.2</ele></trkpt>
   <trkpt lat="38.78269" lon="-9.46999"><ele>256.8</ele></trkpt>
   <trkpt lat="38.78298" lon="-9.46988"><ele>256.6</ele></trkpt>
   <trkpt lat="38.78305" lon="-9.46985"><ele>256.4</ele></trkpt>
   <trkpt lat="38.78327" lon="-9.46972"><ele>256.4</ele></trkpt>
   <trkpt lat="38.78352" lon="-9.46948"><ele>256.6</ele></trkpt>
   <trkpt lat="38.78371" lon="-9.46918"><ele>256.8</ele></trkpt>
   <trkpt lat="38.78390" lon="-9.46879"><ele>257.0</ele></trkpt>
   <trkpt lat="38.78403" lon="-9.46859"><ele>257.4</ele></trkpt>
   <trkpt lat="38.78428" lon="-9.46831"><ele>257.6</ele></trkpt>
   <trkpt lat="38.78448" lon="-9.46808"><ele>257.6</ele></trkpt>
   <trkpt lat="38.78459" lon="-9.46789"><ele>257.6</ele></trkpt>
   <trkpt lat="38.78474" lon="-9.46752"><ele>257.4</ele></trkpt>
   <trkpt lat="38.78487" lon="-9.46714"><ele>257.2</ele></trkpt>
   <trkpt lat="38.78501" lon="-9.46676"><ele>257.2</ele></trkpt>
   <trkpt lat="38.78516" lon="-9.46640"><ele>257.2</ele></trkpt>
   <trkpt lat="38.78524" lon="-9.46620"><ele>257.2</ele></trkpt>
   <trkpt lat="38.78538" lon="-9.46607"><ele>257.6</ele></trkpt>
   <trkpt lat="38.78572" lon="-9.46599"><ele>257.4</ele></trkpt>
   <trkpt lat="38.78583" lon="-9.46592"><ele>257.4</ele></trkpt>
   <trkpt lat="38.78606" lon="-9.46564"><ele>257.4</ele></trkpt>
   <trkpt lat="38.78626" lon="-9.46537"><ele>257.6</ele></trkpt>
   <trkpt lat="38.78640" lon="-9.46515"><ele>257.8</ele></trkpt>
   <trkpt lat="38.78643" lon="-9.46494"><ele>257.8</ele></trkpt>
   <trkpt lat="38.78627" lon="-9.46456"><ele>257.4</ele></trkpt>
   <trkpt lat="38.78613" lon="-9.46424"><ele>257.2</ele></trkpt>
   <trkpt lat="38.78608" lon="-9.46379"><ele>256.6</ele></trkpt>
   <trkpt lat="38.78606" lon="-9.46357"><ele>256.6</ele></trkpt>
   <trkpt lat="38.78613" lon="-9.46314"><ele>256.4</ele></trkpt>
   <trkpt lat="38.78633" lon="-9.46276"><ele>257.2</ele></trkpt>
   <trkpt lat="38.78637" lon="-9.46262"><ele>257.0</ele></trkpt>
   <trkpt lat="38.78632" lon="-9.46241"><ele>257.0</ele></trkpt>
   <trkpt lat="38.78617" lon="-9.46221"><ele>257.0</ele></trkpt>
   <trkpt lat="38.78610" lon="-9.46201"><ele>257.0</ele></trkpt>
   <trkpt lat="38.78611" lon="-9.46178"><ele>257.0</ele></trkpt>
   <trkpt lat="38.78622" lon="-9.46151"><ele>257.2</ele></trkpt>
   <trkpt lat="38.78650" lon="-9.46133"><ele>257.2</ele></trkpt>
   <trkpt lat="38.78681" lon="-9.46132"><ele>257.2</ele></trkpt>
   <trkpt lat="38.78714" lon="-9.46130"><ele>257.4</ele></trkpt>
   <trkpt lat="38.78719" lon="-9.46130"><ele>257.4</ele></trkpt>
   <trkpt lat="38.78750" lon="-9.46122"><ele>257.4</ele></trkpt>
   <trkpt lat="38.78780" lon="-9.46111"><ele>257.4</ele></trkpt>
   <trkpt lat="38.78807" lon="-9.46102"><ele>257.4</ele></trkpt>
   <trkpt lat="38.78839" lon="-9.46111"><ele>257.2</ele></trkpt>
   <trkpt lat="38.78847" lon="-9.46113"><ele>256.8</ele></trkpt>
   <trkpt lat="38.78864" lon="-9.46111"><ele>256.2</ele></trkpt>
   <trkpt lat="38.78894" lon="-9.46088"><ele>254.6</ele></trkpt>
   <trkpt lat="38.78902" lon="-9.46083"><ele>254.4</ele></trkpt>
   <trkpt lat="38.78930" lon="-9.46077"><ele>253.2</ele></trkpt>
   <trkpt lat="38.78938" lon="-9.46076"><ele>252.8</ele></trkpt>
   <trkpt lat="38.78965" lon="-9.46066"><ele>251.0</ele></trkpt>
   <trkpt lat="38.78993" lon="-9.46054"><ele>248.4</ele></trkpt>
   <trkpt lat="38.79016" lon="-9.46033"><ele>245.0</ele></trkpt>
   <trkpt lat="38.79042" lon="-9.46006"><ele>242.0</ele></trkpt>
   <trkpt lat="38.79049" lon="-9.45999"><ele>241.6</ele></trkpt>
   <trkpt lat="38.79070" lon="-9.45987"><ele>239.6</ele></trkpt>
   <trkpt lat="38.79081" lon="-9.45993"><ele>238.6</ele></trkpt>
   <trkpt lat="38.79085" lon="-9.46023"><ele>236.8</ele></trkpt>
   <trkpt lat="38.79065" lon="-9.46050"><ele>233.6</ele></trkpt>
   <trkpt lat="38.79044" lon="-9.46076"><ele>231.6</ele></trkpt>
   <trkpt lat="38.79041" lon="-9.46104"><ele>229.6</ele></trkpt>
   <trkpt lat="38.79052" lon="-9.46146"><ele>227.4</ele></trkpt>
   <trkpt lat="38.79056" lon="-9.46157"><ele>226.4</ele></trkpt>
   <trkpt lat="38.79074" lon="-9.46190"><ele>224.6</ele></trkpt>
   <trkpt lat="38.79080" lon="-9.46202"><ele>224.0</ele></trkpt>
   <trkpt lat="38.79094" lon="-9.46226"><ele>223.2</ele></trkpt>
   <trkpt lat="38.79118" lon="-9.46251"><ele>221.8</ele></trkpt>
   <trkpt lat="38.79140" lon="-9.46274"><ele>219.8</ele></trkpt>
   <trkpt lat="38.79143" lon="-9.46298"><ele>218.2</ele></trkpt>
   <trkpt lat="38.79138" lon="-9.46335"><ele>215.2</ele></trkpt>
   <trkpt lat="38.79137" lon="-9.46362"><ele>213.8</ele></trkpt>
   <trkpt lat="38.79143" lon="-9.46395"><ele>211.8</ele></trkpt>
   <trkpt lat="38.79156" lon="-9.46404"><ele>210.6</ele></trkpt>
   <trkpt lat="38.79187" lon="-9.46406"><ele>207.6</ele></trkpt>
   <trkpt lat="38.79195" lon="-9.46409"><ele>207.0</ele></trkpt>
   <trkpt lat="38.79220" lon="-9.46427"><ele>205.4</ele></trkpt>
   <trkpt lat="38.79245" lon="-9.46449"><ele>203.8</ele></trkpt>
   <trkpt lat="38.79263" lon="-9.46462"><ele>202.6</ele></trkpt>
   <trkpt lat="38.79292" lon="-9.46467"><ele>199.8</ele></trkpt>
   <trkpt lat="38.79322" lon="-9.46470"><ele>197.8</ele></trkpt>
   <trkpt lat="38.79356" lon="-9.46477"><ele>196.2</ele></trkpt>
   <trkpt lat="38.79390" lon="-9.46491"><ele>193.8</ele></trkpt>
   <trkpt lat="38.79414" lon="-9.46503"><ele>193.0</ele></trkpt>
   <trkpt lat="38.79425" lon="-9.46509"><ele>192.0</ele></trkpt>
   <trkpt lat="38.79448" lon="-9.46526"><ele>190.2</ele></trkpt>
   <trkpt lat="38.79468" lon="-9.46547"><ele>189.4</ele></trkpt>
   <trkpt lat="38.79485" lon="-9.46572"><ele>186.4</ele></trkpt>
   <trkpt lat="38.79501" lon="-9.46599"><ele>184.0</ele></trkpt>
   <trkpt lat="38.79516" lon="-9.46625"><ele>182.0</ele></trkpt>
   <trkpt lat="38.79539" lon="-9.46660"><ele>178.2</ele></trkpt>
   <trkpt lat="38.79559" lon="-9.46676"><ele>176.2</ele></trkpt>
   <trkpt lat="38.79589" lon="-9.46687"><ele>174.0</ele></trkpt>
   <trkpt lat="38.79619" lon="-9.46692"><ele>170.2</ele></trkpt>
   <trkpt lat="38.79645" lon="-9.46696"><ele>168.6</ele></trkpt>
   <trkpt lat="38.79670" lon="-9.46700"><ele>166.4</ele></trkpt>
   <trkpt lat="38.79682" lon="-9.46702"><ele>164.8</ele></trkpt>
   <trkpt lat="38.79716" lon="-9.46699"><ele>162.4</ele></trkpt>
   <trkpt lat="38.79742" lon="-9.46681"><ele>158.8</ele></trkpt>
   <trkpt lat="38.79764" lon="-9.46656"><ele>155.6</ele></trkpt>
   <trkpt lat="38.79779" lon="-9.46639"><ele>153.2</ele></trkpt>
   <trkpt lat="38.79795" lon="-9.46612"><ele>150.2</ele></trkpt>
   <trkpt lat="38.79805" lon="-9.46570"><ele>144.6</ele></trkpt>
   <trkpt lat="38.79807" lon="-9.46565"><ele>144.4</ele></trkpt>
   <trkpt lat="38.79840" lon="-9.46557"><ele>144.2</ele></trkpt>
   <trkpt lat="38.79872" lon="-9.46547"><ele>144.8</ele></trkpt>
   <trkpt lat="38.79895" lon="-9.46552"><ele>145.2</ele></trkpt>
   <trkpt lat="38.79907" lon="-9.46565"><ele>145.8</ele></trkpt>
   <trkpt lat="38.79922" lon="-9.46598"><ele>146.2</ele></trkpt>
   <trkpt lat="38.79937" lon="-9.46634"><ele>146.2</ele></trkpt>
   <trkpt lat="38.79957" lon="-9.46665"><ele>146.2</ele></trkpt>
   <trkpt lat="38.79968" lon="-9.46683"><ele>146.2</ele></trkpt>
   <trkpt lat="38.79980" lon="-9.46720"><ele>146.4</ele></trkpt>
   <trkpt lat="38.79990" lon="-9.46761"><ele>146.2</ele></trkpt>
   <trkpt lat="38.79993" lon="-9.46775"><ele>146.2</ele></trkpt>
   <trkpt lat="38.80011" lon="-9.46809"><ele>145.6</ele></trkpt>
   <trkpt lat="38.80020" lon="-9.46824"><ele>145.4</ele></trkpt>
   <trkpt lat="38.80045" lon="-9.46848"><ele>145.0</ele></trkpt>
   <trkpt lat="38.80072" lon="-9.46871"><ele>144.8</ele></trkpt>
   <trkpt lat="38.80101" lon="-9.46893"><ele>144.2</ele></trkpt>
   <trkpt lat="38.80127" lon="-9.46914"><ele>143.6</ele></trkpt>
   <trkpt lat="38.80153" lon="-9.46936"><ele>142.8</ele></trkpt>
   <trkpt lat="38.80178" lon="-9.46958"><ele>142.2</ele></trkpt>
   <trkpt lat="38.80203" lon="-9.46979"><ele>142.2</ele></trkpt>
   <trkpt lat="38.80210" lon="-9.46985"><ele>142.2</ele></trkpt>
   <trkpt lat="38.80237" lon="-9.47009"><ele>142.0</ele></trkpt>
   <trkpt lat="38.80263" lon="-9.47033"><ele>141.8</ele></trkpt>
   <trkpt lat="38.80290" lon="-9.47059"><ele>141.4</ele></trkpt>
   <trkpt lat="38.80319" lon="-9.47086"><ele>140.8</ele></trkpt>
   <trkpt lat="38.80342" lon="-9.47107"><ele>140.4</ele></trkpt>
   <trkpt lat="38.80365" lon="-9.47128"><ele>138.8</ele></trkpt>
   <trkpt lat="38.80387" lon="-9.47149"><ele>137.8</ele></trkpt>
   <trkpt lat="38.80414" lon="-9.47171"><ele>137.2</ele></trkpt>
   <trkpt lat="38.80434" lon="-9.47177"><ele>136.6</ele></trkpt>
   <trkpt lat="38.80465" lon="-9.47177"><ele>136.2</ele></trkpt>
   <trkpt lat="38.80492" lon="-9.47180"><ele>136.4</ele></trkpt>
   <trkpt lat="38.80522" lon="-9.47191"><ele>137.4</ele></trkpt>
   <trkpt lat="38.80555" lon="-9.47208"><ele>138.2</ele></trkpt>
   <trkpt lat="38.80583" lon="-9.47225"><ele>138.6</ele></trkpt>
   <trkpt lat="38.80612" lon="-9.47244"><ele>138.6</ele></trkpt>
   <trkpt lat="38.80641" lon="-9.47260"><ele>139.0</ele></trkpt>
   <trkpt lat="38.80647" lon="-9.47264"><ele>139.0</ele></trkpt>
   <trkpt lat="38.80671" lon="-9.47273"><ele>139.2</ele></trkpt>
   <trkpt lat="38.80704" lon="-9.47272"><ele>138.8</ele></trkpt>
   <trkpt lat="38.80733" lon="-9.47269"><ele>138.8</ele></trkpt>
   <trkpt lat="38.80763" lon="-9.47250"><ele>137.2</ele></trkpt>
   <trkpt lat="38.80770" lon="-9.47245"><ele>137.0</ele></trkpt>
   <trkpt lat="38.80795" lon="-9.47235"><ele>135.8</ele></trkpt>
   <trkpt lat="38.80819" lon="-9.47225"><ele>134.6</ele></trkpt>
   <trkpt lat="38.80842" lon="-9.47209"><ele>133.0</ele></trkpt>
   <trkpt lat="38.80861" lon="-9.47195"><ele>131.8</ele></trkpt>
   <trkpt lat="38.80883" lon="-9.47187"><ele>129.6</ele></trkpt>
   <trkpt lat="38.80918" lon="-9.47193"><ele>126.6</ele></trkpt>
   <trkpt lat="38.80944" lon="-9.47197"><ele>125.0</ele></trkpt>
   <trkpt lat="38.80970" lon="-9.47200"><ele>122.6</ele></trkpt>
   <trkpt lat="38.80997" lon="-9.47208"><ele>120.0</ele></trkpt>
   <trkpt lat="38.81024" lon="-9.47220"><ele>117.8</ele></trkpt>
   <trkpt lat="38.81051" lon="-9.47230"><ele>115.6</ele></trkpt>
   <trkpt lat="38.81079" lon="-9.47233"><ele>112.0</ele></trkpt>
   <trkpt lat="38.81108" lon="-9.47235"><ele>109.8</ele></trkpt>
   <trkpt lat="38.81137" lon="-9.47234"><ele>106.6</ele></trkpt>
   <trkpt lat="38.81166" lon="-9.47231"><ele>104.6</ele></trkpt>
   <trkpt lat="38.81180" lon="-9.47229"><ele>103.8</ele></trkpt>
   <trkpt lat="38.81206" lon="-9.47225"><ele>100.6</ele></trkpt>
   <trkpt lat="38.81232" lon="-9.47219"><ele>97.8</ele></trkpt>
   <trkpt lat="38.81267" lon="-9.47211"><ele>94.4</ele></trkpt>
   <trkpt lat="38.81301" lon="-9.47207"><ele>91.8</ele></trkpt>
   <trkpt lat="38.81333" lon="-9.47202"><ele>90.2</ele></trkpt>
   <trkpt lat="38.81364" lon="-9.47195"><ele>88.8</ele></trkpt>
   <trkpt lat="38.81384" lon="-9.47194"><ele>88.4</ele></trkpt>
   <trkpt lat="38.81403" lon="-9.47204"><ele>88.0</ele></trkpt>
   <trkpt lat="38.81423" lon="-9.47235"><ele>86.6</ele></trkpt>
   <trkpt lat="38.81443" lon="-9.47265"><ele>85.6</ele></trkpt>
   <trkpt lat="38.81471" lon="-9.47280"><ele>84.2</ele></trkpt>
   <trkpt lat="38.81487" lon="-9.47280"><ele>82.8</ele></trkpt>
   <trkpt lat="38.81510" lon="-9.47272"><ele>81.4</ele></trkpt>
   <trkpt lat="38.81522" lon="-9.47267"><ele>81.0</ele></trkpt>
   <trkpt lat="38.81551" lon="-9.47252"><ele>79.6</ele></trkpt>
   <trkpt lat="38.81582" lon="-9.47230"><ele>79.0</ele></trkpt>
   <trkpt lat="38.81614" lon="-9.47216"><ele>78.6</ele></trkpt>
   <trkpt lat="38.81646" lon="-9.47214"><ele>78.4</ele></trkpt>
   <trkpt lat="38.81678" lon="-9.47212"><ele>78.2</ele></trkpt>
   <trkpt lat="38.81710" lon="-9.47210"><ele>78.0</ele></trkpt>
   <trkpt lat="38.81741" lon="-9.47207"><ele>77.8</ele></trkpt>
   <trkpt lat="38.81772" lon="-9.47205"><ele>77.6</ele></trkpt>
   <trkpt lat="38.81807" lon="-9.47204"><ele>76.8</ele></trkpt>
   <trkpt lat="38.81835" lon="-9.47202"><ele>76.0</ele></trkpt>
   <trkpt lat="38.81864" lon="-9.47199"><ele>73.6</ele></trkpt>
   <trkpt lat="38.81892" lon="-9.47198"><ele>72.2</ele></trkpt>
   <trkpt lat="38.81918" lon="-9.47197"><ele>70.0</ele></trkpt>
   <trkpt lat="38.81930" lon="-9.47188"><ele>67.6</ele></trkpt>
   <trkpt lat="38.81929" lon="-9.47147"><ele>67.2</ele></trkpt>
   <trkpt lat="38.81927" lon="-9.47106"><ele>66.6</ele></trkpt>
   <trkpt lat="38.81925" lon="-9.47069"><ele>65.0</ele></trkpt>
   <trkpt lat="38.81920" lon="-9.47025"><ele>64.0</ele></trkpt>
   <trkpt lat="38.81915" lon="-9.46988"><ele>63.0</ele></trkpt>
   <trkpt lat="38.81910" lon="-9.46953"><ele>62.2</ele></trkpt>
   <trkpt lat="38.81907" lon="-9.46922"><ele>60.0</ele></trkpt>
   <trkpt lat="38.81905" lon="-9.46906"><ele>58.8</ele></trkpt>
   <trkpt lat="38.81899" lon="-9.46861"><ele>56.8</ele></trkpt>
   <trkpt lat="38.81895" lon="-9.46831"><ele>55.8</ele></trkpt>
   <trkpt lat="38.81891" lon="-9.46799"><ele>52.4</ele></trkpt>
   <trkpt lat="38.81887" lon="-9.46767"><ele>49.8</ele></trkpt>
   <trkpt lat="38.81882" lon="-9.46734"><ele>48.0</ele></trkpt>
   <trkpt lat="38.81878" lon="-9.46701"><ele>45.6</ele></trkpt>
   <trkpt lat="38.81873" lon="-9.46656"><ele>40.8</ele></trkpt>
   <trkpt lat="38.81869" lon="-9.46630"><ele>38.8</ele></trkpt>
   <trkpt lat="38.81863" lon="-9.46598"><ele>36.8</ele></trkpt>
   <trkpt lat="38.81853" lon="-9.46583"><ele>36.2</ele></trkpt>
   <trkpt lat="38.81832" lon="-9.46579"><ele>35.6</ele></trkpt>
   <trkpt lat="38.81802" lon="-9.46588"><ele>34.4</ele></trkpt>
   <trkpt lat="38.81768" lon="-9.46598"><ele>33.8</ele></trkpt>
   <trkpt lat="38.81755" lon="-9.46602"><ele>34.0</ele></trkpt>
   <trkpt lat="38.81737" lon="-9.46603"><ele>33.8</ele></trkpt>
   <trkpt lat="38.81721" lon="-9.46595"><ele>34.2</ele></trkpt>
   <trkpt lat="38.81708" lon="-9.46580"><ele>34.8</ele></trkpt>
   <trkpt lat="38.81687" lon="-9.46552"><ele>36.0</ele></trkpt>
   <trkpt lat="38.81663" lon="-9.46519"><ele>36.6</ele></trkpt>
   <trkpt lat="38.81639" lon="-9.46486"><ele>36.6</ele></trkpt>
   <trkpt lat="38.81616" lon="-9.46456"><ele>37.8</ele></trkpt>
   <trkpt lat="38.81593" lon="-9.46424"><ele>38.8</ele></trkpt>
   <trkpt lat="38.81570" lon="-9.46392"><ele>39.2</ele></trkpt>
   <trkpt lat="38.81546" lon="-9.46360"><ele>39.6</ele></trkpt>
   <trkpt lat="38.81522" lon="-9.46327"><ele>39.8</ele></trkpt>
   <trkpt lat="38.81497" lon="-9.46295"><ele>39.8</ele></trkpt>
   <trkpt lat="38.81477" lon="-9.46266"><ele>39.8</ele></trkpt>
   <trkpt lat="38.81456" lon="-9.46237"><ele>39.2</ele></trkpt>
   <trkpt lat="38.81434" lon="-9.46208"><ele>39.2</ele></trkpt>
   <trkpt lat="38.81411" lon="-9.46178"><ele>39.0</ele></trkpt>
   <trkpt lat="38.81389" lon="-9.46148"><ele>39.0</ele></trkpt>
   <trkpt lat="38.81368" lon="-9.46120"><ele>39.4</ele></trkpt>
   <trkpt lat="38.81364" lon="-9.46114"><ele>39.4</ele></trkpt>
   <trkpt lat="38.81351" lon="-9.46082"><ele>39.8</ele></trkpt>
   <trkpt lat="38.81343" lon="-9.46038"><ele>40.2</ele></trkpt>
   <trkpt lat="38.81336" lon="-9.45999"><ele>40.2</ele></trkpt>
   <trkpt lat="38.81328" lon="-9.45960"><ele>40.0</ele></trkpt>
   <trkpt lat="38.81321" lon="-9.45922"><ele>40.0</ele></trkpt>
   <trkpt lat="38.81311" lon="-9.45881"><ele>39.8</ele></trkpt>
   <trkpt lat="38.81309" lon="-9.45875"><ele>39.8</ele></trkpt>
   <trkpt lat="38.81288" lon="-9.45844"><ele>40.2</ele></trkpt>
   <trkpt lat="38.81267" lon="-9.45810"><ele>41.0</ele></trkpt>
   <trkpt lat="38.81243" lon="-9.45777"><ele>41.6</ele></trkpt>
   <trkpt lat="38.81223" lon="-9.45748"><ele>41.4</ele></trkpt>
   <trkpt lat="38.81202" lon="-9.45719"><ele>41.4</ele></trkpt>
   <trkpt lat="38.81180" lon="-9.45688"><ele>41.0</ele></trkpt>
   <trkpt lat="38.81159" lon="-9.45657"><ele>41.0</ele></trkpt>
   <trkpt lat="38.81137" lon="-9.45626"><ele>40.6</ele></trkpt>
   <trkpt lat="38.81117" lon="-9.45597"><ele>40.6</ele></trkpt>
   <trkpt lat="38.81108" lon="-9.45583"><ele>40.8</ele></trkpt>
   <trkpt lat="38.81085" lon="-9.45557"><ele>40.8</ele></trkpt>
   <trkpt lat="38.81061" lon="-9.45532"><ele>40.6</ele></trkpt>
   <trkpt lat="38.81035" lon="-9.45502"><ele>40.8</ele></trkpt>
   <trkpt lat="38.81011" lon="-9.45476"><ele>41.4</ele></trkpt>
   <trkpt lat="38.80986" lon="-9.45449"><ele>42.2</ele></trkpt>
   <trkpt lat="38.80960" lon="-9.45418"><ele>43.6</ele></trkpt>
   <trkpt lat="38.80933" lon="-9.45388"><ele>45.0</ele></trkpt>
   <trkpt lat="38.80908" lon="-9.45360"><ele>46.0</ele></trkpt>
   <trkpt lat="38.80883" lon="-9.45332"><ele>46.6</ele></trkpt>
   <trkpt lat="38.80856" lon="-9.45302"><ele>47.4</ele></trkpt>
   <trkpt lat="38.80831" lon="-9.45273"><ele>48.2</ele></trkpt>
   <trkpt lat="38.80807" lon="-9.45245"><ele>48.6</ele></trkpt>
   <trkpt lat="38.80781" lon="-9.45216"><ele>48.4</ele></trkpt>
   <trkpt lat="38.80757" lon="-9.45190"><ele>48.6</ele></trkpt>
   <trkpt lat="38.80733" lon="-9.45163"><ele>48.6</ele></trkpt>
   <trkpt lat="38.80710" lon="-9.45136"><ele>48.8</ele></trkpt>
   <trkpt lat="38.80687" lon="-9.45110"><ele>48.6</ele></trkpt>
   <trkpt lat="38.80664" lon="-9.45084"><ele>47.6</ele></trkpt>
   <trkpt lat="38.80642" lon="-9.45058"><ele>46.8</ele></trkpt>
   <trkpt lat="38.80619" lon="-9.45032"><ele>45.0</ele></trkpt>
   <trkpt lat="38.80590" lon="-9.45006"><ele>43.0</ele></trkpt>
   <trkpt lat="38.80583" lon="-9.45001"><ele>42.6</ele></trkpt>
   <trkpt lat="38.80550" lon="-9.44987"><ele>40.8</ele></trkpt>
   <trkpt lat="38.80517" lon="-9.44973"><ele>40.6</ele></trkpt>
   <trkpt lat="38.80487" lon="-9.44962"><ele>40.4</ele></trkpt>
   <trkpt lat="38.80458" lon="-9.44948"><ele>40.6</ele></trkpt>
   <trkpt lat="38.80427" lon="-9.44937"><ele>40.4</ele></trkpt>
   <trkpt lat="38.80415" lon="-9.44934"><ele>40.4</ele></trkpt>
   <trkpt lat="38.80385" lon="-9.44936"><ele>40.4</ele></trkpt>
   <trkpt lat="38.80379" lon="-9.44937"><ele>40.4</ele></trkpt>
   <trkpt lat="38.80351" lon="-9.44952"><ele>40.6</ele></trkpt>
   <trkpt lat="38.80326" lon="-9.44970"><ele>40.8</ele></trkpt>
   <trkpt lat="38.80319" lon="-9.44970"><ele>41.0</ele></trkpt>
   <trkpt lat="38.80306" lon="-9.44929"><ele>41.2</ele></trkpt>
   <trkpt lat="38.80293" lon="-9.44895"><ele>40.8</ele></trkpt>
   <trkpt lat="38.80271" lon="-9.44864"><ele>40.8</ele></trkpt>
   <trkpt lat="38.80250" lon="-9.44833"><ele>41.0</ele></trkpt>
   <trkpt lat="38.80227" lon="-9.44804"><ele>41.2</ele></trkpt>
   <trkpt lat="38.80213" lon="-9.44797"><ele>41.0</ele></trkpt>
   <trkpt lat="38.80179" lon="-9.44805"><ele>41.4</ele></trkpt>
   <trkpt lat="38.80163" lon="-9.44801"><ele>41.8</ele></trkpt>
   <trkpt lat="38.80135" lon="-9.44783"><ele>42.4</ele></trkpt>
   <trkpt lat="38.80107" lon="-9.44765"><ele>42.8</ele></trkpt>
   <trkpt lat="38.80098" lon="-9.44759"><ele>43.2</ele></trkpt>
   <trkpt lat="38.80073" lon="-9.44733"><ele>44.0</ele></trkpt>
   <trkpt lat="38.80050" lon="-9.44704"><ele>44.6</ele></trkpt>
   <trkpt lat="38.80031" lon="-9.44669"><ele>45.0</ele></trkpt>
   <trkpt lat="38.80022" lon="-9.44650"><ele>45.2</ele></trkpt>
   <trkpt lat="38.80009" lon="-9.44615"><ele>45.2</ele></trkpt>
   <trkpt lat="38.79998" lon="-9.44580"><ele>45.2</ele></trkpt>
   <trkpt lat="38.79984" lon="-9.44538"><ele>45.2</ele></trkpt>
   <trkpt lat="38.79970" lon="-9.44499"><ele>45.6</ele></trkpt>
   <trkpt lat="38.79955" lon="-9.44459"><ele>45.8</ele></trkpt>
   <trkpt lat="38.79956" lon="-9.44445"><ele>45.8</ele></trkpt>
   <trkpt lat="38.79973" lon="-9.44417"><ele>45.6</ele></trkpt>
   <trkpt lat="38.79997" lon="-9.44391"><ele>45.2</ele></trkpt>
   <trkpt lat="38.80007" lon="-9.44380"><ele>45.0</ele></trkpt>
   <trkpt lat="38.80038" lon="-9.44361"><ele>45.4</ele></trkpt>
   <trkpt lat="38.80051" lon="-9.44350"><ele>45.8</ele></trkpt>
   <trkpt lat="38.80067" lon="-9.44314"><ele>46.4</ele></trkpt>
   <trkpt lat="38.80082" lon="-9.44277"><ele>46.6</ele></trkpt>
   <trkpt lat="38.80083" lon="-9.44271"><ele>46.6</ele></trkpt>
   <trkpt lat="38.80075" lon="-9.44241"><ele>47.0</ele></trkpt>
   <trkpt lat="38.80048" lon="-9.44215"><ele>48.4</ele></trkpt>
   <trkpt lat="38.80021" lon="-9.44190"><ele>49.4</ele></trkpt>
   <trkpt lat="38.80015" lon="-9.44182"><ele>49.6</ele></trkpt>
   <trkpt lat="38.79994" lon="-9.44168"><ele>51.0</ele></trkpt>
   <trkpt lat="38.79978" lon="-9.44129"><ele>52.2</ele></trkpt>
   <trkpt lat="38.79974" lon="-9.44086"><ele>53.6</ele></trkpt>
   <trkpt lat="38.79974" lon="-9.44076"><ele>54.0</ele></trkpt>
   <trkpt lat="38.79981" lon="-9.44036"><ele>55.6</ele></trkpt>
   <trkpt lat="38.79987" lon="-9.43996"><ele>56.6</ele></trkpt>
   <trkpt lat="38.79993" lon="-9.43968"><ele>58.0</ele></trkpt>
   <trkpt lat="38.79997" lon="-9.43927"><ele>59.0</ele></trkpt>
   <trkpt lat="38.79998" lon="-9.43902"><ele>59.8</ele></trkpt>
   <trkpt lat="38.79994" lon="-9.43884"><ele>60.4</ele></trkpt>
   <trkpt lat="38.79975" lon="-9.43849"><ele>62.0</ele></trkpt>
   <trkpt lat="38.79962" lon="-9.43824"><ele>63.8</ele></trkpt>
   <trkpt lat="38.79958" lon="-9.43805"><ele>64.6</ele></trkpt>
   <trkpt lat="38.79960" lon="-9.43785"><ele>65.6</ele></trkpt>
   <trkpt lat="38.79971" lon="-9.43771"><ele>66.2</ele></trkpt>
   <trkpt lat="38.80000" lon="-9.43755"><ele>67.0</ele></trkpt>
   <trkpt lat="38.80026" lon="-9.43736"><ele>66.6</ele></trkpt>
   <trkpt lat="38.80046" lon="-9.43706"><ele>66.0</ele></trkpt>
   <trkpt lat="38.80054" lon="-9.43694"><ele>65.8</ele></trkpt>
   <trkpt lat="38.80079" lon="-9.43668"><ele>65.8</ele></trkpt>
   <trkpt lat="38.80089" lon="-9.43657"><ele>65.8</ele></trkpt>
   <trkpt lat="38.80110" lon="-9.43624"><ele>66.2</ele></trkpt>
   <trkpt lat="38.80113" lon="-9.43617"><ele>66.0</ele></trkpt>
   <trkpt lat="38.80120" lon="-9.43577"><ele>66.0</ele></trkpt>
   <trkpt lat="38.80122" lon="-9.43569"><ele>66.0</ele></trkpt>
   <trkpt lat="38.80132" lon="-9.43541"><ele>65.6</ele></trkpt>
   <trkpt lat="38.80154" lon="-9.43507"><ele>65.2</ele></trkpt>
   <trkpt lat="38.80179" lon="-9.43479"><ele>65.2</ele></trkpt>
   <trkpt lat="38.80208" lon="-9.43455"><ele>64.8</ele></trkpt>
   <trkpt lat="38.80237" lon="-9.43431"><ele>64.6</ele></trkpt>
   <trkpt lat="38.80243" lon="-9.43425"><ele>64.6</ele></trkpt>
   <trkpt lat="38.80264" lon="-9.43399"><ele>64.4</ele></trkpt>
   <trkpt lat="38.80289" lon="-9.43366"><ele>64.2</ele></trkpt>
   <trkpt lat="38.80318" lon="-9.43341"><ele>64.2</ele></trkpt>
   <trkpt lat="38.80328" lon="-9.43327"><ele>64.2</ele></trkpt>
   <trkpt lat="38.80339" lon="-9.43292"><ele>63.8</ele></trkpt>
   <trkpt lat="38.80353" lon="-9.43252"><ele>63.4</ele></trkpt>
   <trkpt lat="38.80356" lon="-9.43244"><ele>63.4</ele></trkpt>
   <trkpt lat="38.80373" lon="-9.43207"><ele>63.4</ele></trkpt>
   <trkpt lat="38.80389" lon="-9.43174"><ele>63.6</ele></trkpt>
   <trkpt lat="38.80405" lon="-9.43139"><ele>63.6</ele></trkpt>
   <trkpt lat="38.80422" lon="-9.43102"><ele>63.6</ele></trkpt>
   <trkpt lat="38.80440" lon="-9.43063"><ele>63.4</ele></trkpt>
   <trkpt lat="38.80443" lon="-9.43055"><ele>63.2</ele></trkpt>
   <trkpt lat="38.80453" lon="-9.43013"><ele>63.0</ele></trkpt>
   <trkpt lat="38.80460" lon="-9.42973"><ele>62.6</ele></trkpt>
   <trkpt lat="38.80463" lon="-9.42950"><ele>62.6</ele></trkpt>
   <trkpt lat="38.80458" lon="-9.42921"><ele>62.6</ele></trkpt>
   <trkpt lat="38.80445" lon="-9.42884"><ele>63.0</ele></trkpt>
   <trkpt lat="38.80431" lon="-9.42845"><ele>64.0</ele></trkpt>
   <trkpt lat="38.80417" lon="-9.42806"><ele>65.2</ele></trkpt>
   <trkpt lat="38.80400" lon="-9.42769"><ele>65.4</ele></trkpt>
   <trkpt lat="38.80379" lon="-9.42738"><ele>65.2</ele></trkpt>
   <trkpt lat="38.80354" lon="-9.42706"><ele>65.0</ele></trkpt>
   <trkpt lat="38.80330" lon="-9.42674"><ele>65.0</ele></trkpt>
   <trkpt lat="38.80306" lon="-9.42640"><ele>65.6</ele></trkpt>
   <trkpt lat="38.80283" lon="-9.42610"><ele>66.8</ele></trkpt>
   <trkpt lat="38.80263" lon="-9.42580"><ele>67.2</ele></trkpt>
   <trkpt lat="38.80241" lon="-9.42550"><ele>67.0</ele></trkpt>
   <trkpt lat="38.80220" lon="-9.42521"><ele>66.8</ele></trkpt>
   <trkpt lat="38.80199" lon="-9.42492"><ele>66.6</ele></trkpt>
   <trkpt lat="38.80175" lon="-9.42458"><ele>66.4</ele></trkpt>
   <trkpt lat="38.80152" lon="-9.42426"><ele>67.8</ele></trkpt>
   <trkpt lat="38.80130" lon="-9.42395"><ele>70.0</ele></trkpt>
   <trkpt lat="38.80121" lon="-9.42383"><ele>70.8</ele></trkpt>
   <trkpt lat="38.80101" lon="-9.42349"><ele>72.8</ele></trkpt>
   <trkpt lat="38.80082" lon="-9.42314"><ele>74.8</ele></trkpt>
   <trkpt lat="38.80061" lon="-9.42279"><ele>76.2</ele></trkpt>
   <trkpt lat="38.80042" lon="-9.42245"><ele>77.2</ele></trkpt>
   <trkpt lat="38.80022" lon="-9.42210"><ele>78.0</ele></trkpt>
   <trkpt lat="38.80003" lon="-9.42175"><ele>78.8</ele></trkpt>
   <trkpt lat="38.79983" lon="-9.42138"><ele>79.8</ele></trkpt>
   <trkpt lat="38.79962" lon="-9.42101"><ele>80.6</ele></trkpt>
   <trkpt lat="38.79956" lon="-9.42091"><ele>80.6</ele></trkpt>
   <trkpt lat="38.79946" lon="-9.42064"><ele>81.2</ele></trkpt>
   <trkpt lat="38.79939" lon="-9.42021"><ele>82.2</ele></trkpt>
   <trkpt lat="38.79932" lon="-9.41977"><ele>82.8</ele></trkpt>
   <trkpt lat="38.79925" lon="-9.41933"><ele>83.4</ele></trkpt>
   <trkpt lat="38.79918" lon="-9.41891"><ele>83.8</ele></trkpt>
   <trkpt lat="38.79911" lon="-9.41850"><ele>84.2</ele></trkpt>
   <trkpt lat="38.79910" lon="-9.41806"><ele>85.0</ele></trkpt>
   <trkpt lat="38.79921" lon="-9.41768"><ele>85.8</ele></trkpt>
   <trkpt lat="38.79927" lon="-9.41750"><ele>86.2</ele></trkpt>
   <trkpt lat="38.79945" lon="-9.41729"><ele>86.8</ele></trkpt>
   <trkpt lat="38.79977" lon="-9.41713"><ele>87.2</ele></trkpt>
   <trkpt lat="38.79993" lon="-9.41704"><ele>87.2</ele></trkpt>
   <trkpt lat="38.80008" lon="-9.41673"><ele>87.8</ele></trkpt>
   <trkpt lat="38.80010" lon="-9.41639"><ele>88.0</ele></trkpt>
   <trkpt lat="38.79989" lon="-9.41607"><ele>88.8</ele></trkpt>
   <trkpt lat="38.79970" lon="-9.41578"><ele>90.4</ele></trkpt>
   <trkpt lat="38.79966" lon="-9.41571"><ele>90.6</ele></trkpt>
   <trkpt lat="38.79964" lon="-9.41540"><ele>92.0</ele></trkpt>
   <trkpt lat="38.79969" lon="-9.41496"><ele>93.2</ele></trkpt>
   <trkpt lat="38.79972" lon="-9.41454"><ele>94.4</ele></trkpt>
   <trkpt lat="38.79975" lon="-9.41413"><ele>94.8</ele></trkpt>
   <trkpt lat="38.79977" lon="-9.41389"><ele>94.6</ele></trkpt>
   <trkpt lat="38.79987" lon="-9.41350"><ele>94.0</ele></trkpt>
   <trkpt lat="38.80001" lon="-9.41312"><ele>93.2</ele></trkpt>
   <trkpt lat="38.80011" lon="-9.41280"><ele>92.8</ele></trkpt>
   <trkpt lat="38.80010" lon="-9.41235"><ele>92.6</ele></trkpt>
   <trkpt lat="38.80007" lon="-9.41212"><ele>92.8</ele></trkpt>
   <trkpt lat="38.80011" lon="-9.41174"><ele>92.8</ele></trkpt>
   <trkpt lat="38.80014" lon="-9.41135"><ele>93.0</ele></trkpt>
   <trkpt lat="38.80018" lon="-9.41111"><ele>93.0</ele></trkpt>
   <trkpt lat="38.80028" lon="-9.41070"><ele>92.8</ele></trkpt>
   <trkpt lat="38.80039" lon="-9.41034"><ele>91.8</ele></trkpt>
   <trkpt lat="38.80050" lon="-9.40995"><ele>90.6</ele></trkpt>
   <trkpt lat="38.80062" lon="-9.40955"><ele>89.4</ele></trkpt>
   <trkpt lat="38.80070" lon="-9.40925"><ele>88.2</ele></trkpt>
   <trkpt lat="38.80077" lon="-9.40900"><ele>87.8</ele></trkpt>
   <trkpt lat="38.80093" lon="-9.40863"><ele>87.2</ele></trkpt>
   <trkpt lat="38.80109" lon="-9.40825"><ele>86.8</ele></trkpt>
   <trkpt lat="38.80125" lon="-9.40789"><ele>86.8</ele></trkpt>
   <trkpt lat="38.80142" lon="-9.40749"><ele>86.4</ele></trkpt>
   <trkpt lat="38.80159" lon="-9.40713"><ele>86.0</ele></trkpt>
   <trkpt lat="38.80168" lon="-9.40694"><ele>86.0</ele></trkpt>
   <trkpt lat="38.80149" lon="-9.40676"><ele>83.6</ele></trkpt>
   <trkpt lat="38.80165" lon="-9.40689"><ele>83.6</ele></trkpt>
   <trkpt lat="38.80175" lon="-9.40688"><ele>83.8</ele></trkpt>
   <trkpt lat="38.80194" lon="-9.40654"><ele>85.2</ele></trkpt>
   <trkpt lat="38.80214" lon="-9.40620"><ele>85.4</ele></trkpt>
   <trkpt lat="38.80233" lon="-9.40585"><ele>86.0</ele></trkpt>
   <trkpt lat="38.80225" lon="-9.40561"><ele>86.6</ele></trkpt>
   <trkpt lat="38.80203" lon="-9.40534"><ele>86.8</ele></trkpt>
   <trkpt lat="38.80198" lon="-9.40516"><ele>86.8</ele></trkpt>
   <trkpt lat="38.80201" lon="-9.40492"><ele>87.0</ele></trkpt>
   <trkpt lat="38.80214" lon="-9.40455"><ele>87.8</ele></trkpt>
   <trkpt lat="38.80225" lon="-9.40415"><ele>89.0</ele></trkpt>
   <trkpt lat="38.80239" lon="-9.40374"><ele>90.4</ele></trkpt>
   <trkpt lat="38.80252" lon="-9.40337"><ele>91.4</ele></trkpt>
   <trkpt lat="38.80265" lon="-9.40298"><ele>92.6</ele></trkpt>
   <trkpt lat="38.80279" lon="-9.40256"><ele>94.2</ele></trkpt>
   <trkpt lat="38.80292" lon="-9.40217"><ele>94.8</ele></trkpt>
   <trkpt lat="38.80306" lon="-9.40179"><ele>95.8</ele></trkpt>
   <trkpt lat="38.80317" lon="-9.40141"><ele>96.8</ele></trkpt>
   <trkpt lat="38.80330" lon="-9.40100"><ele>98.4</ele></trkpt>
   <trkpt lat="38.80344" lon="-9.40061"><ele>100.2</ele></trkpt>
   <trkpt lat="38.80349" lon="-9.40048"><ele>100.6</ele></trkpt>
   <trkpt lat="38.80359" lon="-9.40006"><ele>102.0</ele></trkpt>
   <trkpt lat="38.80357" lon="-9.39962"><ele>103.8</ele></trkpt>
   <trkpt lat="38.80353" lon="-9.39917"><ele>105.6</ele></trkpt>
   <trkpt lat="38.80351" lon="-9.39898"><ele>106.2</ele></trkpt>
   <trkpt lat="38.80344" lon="-9.39858"><ele>107.8</ele></trkpt>
   <trkpt lat="38.80333" lon="-9.39826"><ele>109.0</ele></trkpt>
   <trkpt lat="38.80311" lon="-9.39790"><ele>109.8</ele></trkpt>
   <trkpt lat="38.80290" lon="-9.39756"><ele>110.6</ele></trkpt>
   <trkpt lat="38.80285" lon="-9.39747"><ele>110.8</ele></trkpt>
   <trkpt lat="38.80269" lon="-9.39708"><ele>111.4</ele></trkpt>
   <trkpt lat="38.80260" lon="-9.39668"><ele>111.6</ele></trkpt>
   <trkpt lat="38.80256" lon="-9.39656"><ele>111.8</ele></trkpt>
   <trkpt lat="38.80239" lon="-9.39621"><ele>112.0</ele></trkpt>
   <trkpt lat="38.80226" lon="-9.39603"><ele>112.0</ele></trkpt>
   <trkpt lat="38.80199" lon="-9.39578"><ele>112.0</ele></trkpt>
   <trkpt lat="38.80184" lon="-9.39564"><ele>112.4</ele></trkpt>
   <trkpt lat="38.80175" lon="-9.39551"><ele>112.6</ele></trkpt>
   <trkpt lat="38.80173" lon="-9.39539"><ele>112.8</ele></trkpt>
   <trkpt lat="38.80175" lon="-9.39526"><ele>112.8</ele></trkpt>
   <trkpt lat="38.80185" lon="-9.39510"><ele>113.0</ele></trkpt>
   <trkpt lat="38.80198" lon="-9.39503"><ele>113.0</ele></trkpt>
   <trkpt lat="38.80208" lon="-9.39504"><ele>113.2</ele></trkpt>
   <trkpt lat="38.80221" lon="-9.39512"><ele>113.6</ele></trkpt>
   <trkpt lat="38.80244" lon="-9.39539"><ele>114.8</ele></trkpt>
   <trkpt lat="38.80250" lon="-9.39547"><ele>115.0</ele></trkpt>
   <trkpt lat="38.80275" lon="-9.39571"><ele>116.0</ele></trkpt>
   <trkpt lat="38.80300" lon="-9.39595"><ele>117.4</ele></trkpt>
   <trkpt lat="38.80325" lon="-9.39620"><ele>118.6</ele></trkpt>
   <trkpt lat="38.80353" lon="-9.39627"><ele>119.8</ele></trkpt>
   <trkpt lat="38.80375" lon="-9.39618"><ele>121.4</ele></trkpt>
   <trkpt lat="38.80394" lon="-9.39579"><ele>123.2</ele></trkpt>
   <trkpt lat="38.80404" lon="-9.39538"><ele>125.0</ele></trkpt>
   <trkpt lat="38.80411" lon="-9.39495"><ele>126.8</ele></trkpt>
   <trkpt lat="38.80412" lon="-9.39490"><ele>126.8</ele></trkpt>
   <trkpt lat="38.80412" lon="-9.39448"><ele>129.0</ele></trkpt>
   <trkpt lat="38.80411" lon="-9.39403"><ele>131.0</ele></trkpt>
   <trkpt lat="38.80409" lon="-9.39361"><ele>132.2</ele></trkpt>
   <trkpt lat="38.80408" lon="-9.39316"><ele>134.0</ele></trkpt>
   <trkpt lat="38.80408" lon="-9.39280"><ele>135.6</ele></trkpt>
   <trkpt lat="38.80418" lon="-9.39237"><ele>137.6</ele></trkpt>
   <trkpt lat="38.80428" lon="-9.39204"><ele>138.6</ele></trkpt>
   <trkpt lat="38.80443" lon="-9.39186"><ele>139.8</ele></trkpt>
   <trkpt lat="38.80459" lon="-9.39184"><ele>141.0</ele></trkpt>
   <trkpt lat="38.80484" lon="-9.39209"><ele>142.2</ele></trkpt>
   <trkpt lat="38.80508" lon="-9.39237"><ele>144.0</ele></trkpt>
   <trkpt lat="38.80522" lon="-9.39253"><ele>145.4</ele></trkpt>
   <trkpt lat="38.80542" lon="-9.39264"><ele>146.2</ele></trkpt>
   <trkpt lat="38.80574" lon="-9.39254"><ele>148.6</ele></trkpt>
   <trkpt lat="38.80606" lon="-9.39243"><ele>150.2</ele></trkpt>
   <trkpt lat="38.80633" lon="-9.39232"><ele>151.6</ele></trkpt>
   <trkpt lat="38.80659" lon="-9.39204"><ele>153.8</ele></trkpt>
   <trkpt lat="38.80671" lon="-9.39187"><ele>154.8</ele></trkpt>
   <trkpt lat="38.80688" lon="-9.39150"><ele>156.6</ele></trkpt>
   <trkpt lat="38.80697" lon="-9.39131"><ele>157.4</ele></trkpt>
   <trkpt lat="38.80702" lon="-9.39108"><ele>158.8</ele></trkpt>
   <trkpt lat="38.80703" lon="-9.39063"><ele>160.4</ele></trkpt>
   <trkpt lat="38.80704" lon="-9.39035"><ele>161.4</ele></trkpt>
   <trkpt lat="38.80694" lon="-9.38993"><ele>163.0</ele></trkpt>
   <trkpt lat="38.80681" lon="-9.38955"><ele>164.6</ele></trkpt>
   <trkpt lat="38.80673" lon="-9.38929"><ele>165.8</ele></trkpt>
   <trkpt lat="38.80658" lon="-9.38893"><ele>167.6</ele></trkpt>
   <trkpt lat="38.80653" lon="-9.38886"><ele>167.8</ele></trkpt>
   <trkpt lat="38.80631" lon="-9.38873"><ele>168.8</ele></trkpt>
   <trkpt lat="38.80608" lon="-9.38868"><ele>170.2</ele></trkpt>
   <trkpt lat="38.80575" lon="-9.38881"><ele>171.4</ele></trkpt>
   <trkpt lat="38.80567" lon="-9.38885"><ele>171.8</ele></trkpt>
   <trkpt lat="38.80542" lon="-9.38887"><ele>172.8</ele></trkpt>
   <trkpt lat="38.80514" lon="-9.38868"><ele>173.8</ele></trkpt>
   <trkpt lat="38.80486" lon="-9.38847"><ele>175.0</ele></trkpt>
   <trkpt lat="38.80461" lon="-9.38818"><ele>176.8</ele></trkpt>
   <trkpt lat="38.80462" lon="-9.38795"><ele>177.8</ele></trkpt>
   <trkpt lat="38.80473" lon="-9.38781"><ele>178.6</ele></trkpt>
   <trkpt lat="38.80488" lon="-9.38781"><ele>179.0</ele></trkpt>
   <trkpt lat="38.80517" lon="-9.38799"><ele>180.4</ele></trkpt>
   <trkpt lat="38.80535" lon="-9.38791"><ele>181.4</ele></trkpt>
   <trkpt lat="38.80543" lon="-9.38780"><ele>182.6</ele></trkpt>
   <trkpt lat="38.80555" lon="-9.38737"><ele>184.0</ele></trkpt>
   <trkpt lat="38.80566" lon="-9.38697"><ele>186.0</ele></trkpt>
   <trkpt lat="38.80572" lon="-9.38677"><ele>187.0</ele></trkpt>
   <trkpt lat="38.80575" lon="-9.38634"><ele>189.0</ele></trkpt>
   <trkpt lat="38.80575" lon="-9.38611"><ele>189.8</ele></trkpt>
   <trkpt lat="38.80567" lon="-9.38569"><ele>191.6</ele></trkpt>
   <trkpt lat="38.80552" lon="-9.38529"><ele>193.8</ele></trkpt>
   <trkpt lat="38.80539" lon="-9.38501"><ele>195.4</ele></trkpt>
   <trkpt lat="38.80510" lon="-9.38482"><ele>196.8</ele></trkpt>
   <trkpt lat="38.80479" lon="-9.38463"><ele>198.6</ele></trkpt>
   <trkpt lat="38.80448" lon="-9.38444"><ele>200.6</ele></trkpt>
   <trkpt lat="38.80439" lon="-9.38438"><ele>201.2</ele></trkpt>
   <trkpt lat="38.80415" lon="-9.38409"><ele>202.6</ele></trkpt>
   <trkpt lat="38.80404" lon="-9.38391"><ele>203.2</ele></trkpt>
   <trkpt lat="38.80409" lon="-9.38365"><ele>204.6</ele></trkpt>
   <trkpt lat="38.80435" lon="-9.38334"><ele>207.0</ele></trkpt>
   <trkpt lat="38.80444" lon="-9.38293"><ele>208.2</ele></trkpt>
   <trkpt lat="38.80448" lon="-9.38278"><ele>208.8</ele></trkpt>
   <trkpt lat="38.80450" lon="-9.38242"><ele>210.6</ele></trkpt>
   <trkpt lat="38.80437" lon="-9.38219"><ele>212.0</ele></trkpt>
   <trkpt lat="38.80412" lon="-9.38192"><ele>212.8</ele></trkpt>
   <trkpt lat="38.80392" lon="-9.38172"><ele>214.0</ele></trkpt>
   <trkpt lat="38.80367" lon="-9.38167"><ele>215.0</ele></trkpt>
   <trkpt lat="38.80353" lon="-9.38154"><ele>216.2</ele></trkpt>
   <trkpt lat="38.80320" lon="-9.38165"><ele>217.6</ele></trkpt>
   <trkpt lat="38.80286" lon="-9.38172"><ele>219.8</ele></trkpt>
   <trkpt lat="38.80268" lon="-9.38177"><ele>220.6</ele></trkpt>
   <trkpt lat="38.80252" lon="-9.38173"><ele>221.6</ele></trkpt>
   <trkpt lat="38.80225" lon="-9.38202"><ele>222.8</ele></trkpt>
   <trkpt lat="38.80219" lon="-9.38208"><ele>222.8</ele></trkpt>
   <trkpt lat="38.80199" lon="-9.38241"><ele>224.2</ele></trkpt>
   <trkpt lat="38.80177" lon="-9.38276"><ele>225.4</ele></trkpt>
   <trkpt lat="38.80167" lon="-9.38292"><ele>225.6</ele></trkpt>
   <trkpt lat="38.80152" lon="-9.38298"><ele>226.2</ele></trkpt>
   <trkpt lat="38.80137" lon="-9.38280"><ele>227.2</ele></trkpt>
   <trkpt lat="38.80127" lon="-9.38282"><ele>228.4</ele></trkpt>
   <trkpt lat="38.80096" lon="-9.38268"><ele>230.2</ele></trkpt>
   <trkpt lat="38.80073" lon="-9.38259"><ele>231.4</ele></trkpt>
   <trkpt lat="38.80041" lon="-9.38242"><ele>233.4</ele></trkpt>
   <trkpt lat="38.80009" lon="-9.38228"><ele>235.8</ele></trkpt>
   <trkpt lat="38.79982" lon="-9.38213"><ele>236.8</ele></trkpt>
   <trkpt lat="38.79968" lon="-9.38199"><ele>238.2</ele></trkpt>
   <trkpt lat="38.79947" lon="-9.38162"><ele>239.2</ele></trkpt>
   <trkpt lat="38.79914" lon="-9.38146"><ele>241.4</ele></trkpt>
   <trkpt lat="38.79881" lon="-9.38138"><ele>243.6</ele></trkpt>
   <trkpt lat="38.79847" lon="-9.38132"><ele>245.0</ele></trkpt>
   <trkpt lat="38.79832" lon="-9.38128"><ele>246.0</ele></trkpt>
   <trkpt lat="38.79819" lon="-9.38118"><ele>247.0</ele></trkpt>
   <trkpt lat="38.79795" lon="-9.38091"><ele>249.0</ele></trkpt>
   <trkpt lat="38.79794" lon="-9.38061"><ele>250.4</ele></trkpt>
   <trkpt lat="38.79783" lon="-9.38021"><ele>251.4</ele></trkpt>
   <trkpt lat="38.79780" lon="-9.38012"><ele>251.6</ele></trkpt>
   <trkpt lat="38.79769" lon="-9.37994"><ele>252.6</ele></trkpt>
   <trkpt lat="38.79745" lon="-9.37980"><ele>255.0</ele></trkpt>
   <trkpt lat="38.79718" lon="-9.37982"><ele>256.4</ele></trkpt>
   <trkpt lat="38.79687" lon="-9.37974"><ele>258.4</ele></trkpt>
   <trkpt lat="38.79673" lon="-9.37973"><ele>258.6</ele></trkpt>
   <trkpt lat="38.79644" lon="-9.37952"><ele>260.0</ele></trkpt>
   <trkpt lat="38.79637" lon="-9.37946"><ele>260.4</ele></trkpt>
   <trkpt lat="38.79623" lon="-9.37914"><ele>262.0</ele></trkpt>
   <trkpt lat="38.79621" lon="-9.37871"><ele>263.6</ele></trkpt>
   <trkpt lat="38.79621" lon="-9.37831"><ele>265.2</ele></trkpt>
   <trkpt lat="38.79619" lon="-9.37823"><ele>265.4</ele></trkpt>
   <trkpt lat="38.79597" lon="-9.37788"><ele>267.4</ele></trkpt>
   <trkpt lat="38.79592" lon="-9.37780"><ele>268.0</ele></trkpt>
   <trkpt lat="38.79583" lon="-9.37751"><ele>269.0</ele></trkpt>
   <trkpt lat="38.79582" lon="-9.37707"><ele>270.6</ele></trkpt>
   <trkpt lat="38.79579" lon="-9.37662"><ele>272.8</ele></trkpt>
   <trkpt lat="38.79579" lon="-9.37643"><ele>273.4</ele></trkpt>
   <trkpt lat="38.79574" lon="-9.37599"><ele>275.0</ele></trkpt>
   <trkpt lat="38.79571" lon="-9.37588"><ele>276.0</ele></trkpt>
   <trkpt lat="38.79550" lon="-9.37554"><ele>277.6</ele></trkpt>
   <trkpt lat="38.79528" lon="-9.37523"><ele>279.8</ele></trkpt>
   <trkpt lat="38.79506" lon="-9.37487"><ele>281.8</ele></trkpt>
   <trkpt lat="38.79483" lon="-9.37454"><ele>284.0</ele></trkpt>
   <trkpt lat="38.79481" lon="-9.37450"><ele>284.0</ele></trkpt>
   <trkpt lat="38.79458" lon="-9.37430"><ele>285.4</ele></trkpt>
   <trkpt lat="38.79425" lon="-9.37421"><ele>287.6</ele></trkpt>
   <trkpt lat="38.79390" lon="-9.37415"><ele>289.4</ele></trkpt>
   <trkpt lat="38.79373" lon="-9.37411"><ele>290.2</ele></trkpt>
   <trkpt lat="38.79341" lon="-9.37398"><ele>291.8</ele></trkpt>
   <trkpt lat="38.79316" lon="-9.37390"><ele>293.6</ele></trkpt>
   <trkpt lat="38.79285" lon="-9.37370"><ele>295.6</ele></trkpt>
   <trkpt lat="38.79255" lon="-9.37349"><ele>297.6</ele></trkpt>
   <trkpt lat="38.79242" lon="-9.37346"><ele>297.8</ele></trkpt>
   <trkpt lat="38.79221" lon="-9.37352"><ele>298.2</ele></trkpt>
   <trkpt lat="38.79192" lon="-9.37374"><ele>298.6</ele></trkpt>
   <trkpt lat="38.79175" lon="-9.37386"><ele>298.8</ele></trkpt>
   <trkpt lat="38.79144" lon="-9.37395"><ele>299.0</ele></trkpt>
   <trkpt lat="38.79134" lon="-9.37398"><ele>299.0</ele></trkpt>
   <trkpt lat="38.79130" lon="-9.37397"><ele>299.2</ele></trkpt>
   <trkpt lat="38.79098" lon="-9.37380"><ele>298.6</ele></trkpt>
   <trkpt lat="38.79086" lon="-9.37375"><ele>298.8</ele></trkpt>
   <trkpt lat="38.79051" lon="-9.37375"><ele>298.2</ele></trkpt>
   <trkpt lat="38.79021" lon="-9.37374"><ele>297.4</ele></trkpt>
   <trkpt lat="38.78999" lon="-9.37376"><ele>296.6</ele></trkpt>
   <trkpt lat="38.78985" lon="-9.37378"><ele>296.0</ele></trkpt>
   <trkpt lat="38.78958" lon="-9.37392"><ele>294.2</ele></trkpt>
   <trkpt lat="38.78937" lon="-9.37410"><ele>292.0</ele></trkpt>
   <trkpt lat="38.78907" lon="-9.37434"><ele>288.6</ele></trkpt>
   <trkpt lat="38.78898" lon="-9.37440"><ele>287.2</ele></trkpt>
   <trkpt lat="38.78872" lon="-9.37448"><ele>281.8</ele></trkpt>
   <trkpt lat="38.78857" lon="-9.37438"><ele>280.2</ele></trkpt>
   <trkpt lat="38.78832" lon="-9.37408"><ele>278.2</ele></trkpt>
   <trkpt lat="38.78808" lon="-9.37383"><ele>277.4</ele></trkpt>
   <trkpt lat="38.78781" lon="-9.37362"><ele>276.6</ele></trkpt>
   <trkpt lat="38.78766" lon="-9.37351"><ele>276.0</ele></trkpt>
   <trkpt lat="38.78736" lon="-9.37341"><ele>274.8</ele></trkpt>
   <trkpt lat="38.78701" lon="-9.37347"><ele>272.8</ele></trkpt>
   <trkpt lat="38.78671" lon="-9.37365"><ele>271.8</ele></trkpt>
   <trkpt lat="38.78643" lon="-9.37383"><ele>271.6</ele></trkpt>
   <trkpt lat="38.78614" lon="-9.37401"><ele>271.4</ele></trkpt>
   <trkpt lat="38.78582" lon="-9.37421"><ele>270.4</ele></trkpt>
   <trkpt lat="38.78562" lon="-9.37434"><ele>270.2</ele></trkpt>
   <trkpt lat="38.78532" lon="-9.37453"><ele>269.6</ele></trkpt>
   <trkpt lat="38.78502" lon="-9.37473"><ele>268.8</ele></trkpt>
   <trkpt lat="38.78472" lon="-9.37491"><ele>268.2</ele></trkpt>
   <trkpt lat="38.78451" lon="-9.37505"><ele>268.0</ele></trkpt>
   <trkpt lat="38.78421" lon="-9.37522"><ele>267.2</ele></trkpt>
   <trkpt lat="38.78393" lon="-9.37539"><ele>266.8</ele></trkpt>
   <trkpt lat="38.78365" lon="-9.37554"><ele>265.8</ele></trkpt>
   <trkpt lat="38.78338" lon="-9.37569"><ele>265.2</ele></trkpt>
   <trkpt lat="38.78311" lon="-9.37585"><ele>264.8</ele></trkpt>
   <trkpt lat="38.78282" lon="-9.37601"><ele>263.6</ele></trkpt>
   <trkpt lat="38.78253" lon="-9.37616"><ele>263.2</ele></trkpt>
   <trkpt lat="38.78226" lon="-9.37633"><ele>262.4</ele></trkpt>
   <trkpt lat="38.78211" lon="-9.37640"><ele>262.0</ele></trkpt>
   <trkpt lat="38.78188" lon="-9.37662"><ele>261.2</ele></trkpt>
   <trkpt lat="38.78158" lon="-9.37670"><ele>259.8</ele></trkpt>
   <trkpt lat="38.78128" lon="-9.37685"><ele>258.8</ele></trkpt>
   <trkpt lat="38.78113" lon="-9.37693"><ele>258.2</ele></trkpt>
   <trkpt lat="38.78084" lon="-9.37709"><ele>257.2</ele></trkpt>
   <trkpt lat="38.78054" lon="-9.37726"><ele>256.6</ele></trkpt>
   <trkpt lat="38.78022" lon="-9.37743"><ele>255.6</ele></trkpt>
   <trkpt lat="38.77990" lon="-9.37761"><ele>255.4</ele></trkpt>
   <trkpt lat="38.77958" lon="-9.37779"><ele>255.0</ele></trkpt>
   <trkpt lat="38.77932" lon="-9.37793"><ele>254.4</ele></trkpt>
   <trkpt lat="38.77907" lon="-9.37805"><ele>253.4</ele></trkpt>
   <trkpt lat="38.77882" lon="-9.37820"><ele>252.2</ele></trkpt>
   <trkpt lat="38.77850" lon="-9.37837"><ele>251.6</ele></trkpt>
   <trkpt lat="38.77822" lon="-9.37853"><ele>250.8</ele></trkpt>
   <trkpt lat="38.77797" lon="-9.37867"><ele>250.4</ele></trkpt>
   <trkpt lat="38.77772" lon="-9.37880"><ele>249.4</ele></trkpt>
   <trkpt lat="38.77746" lon="-9.37895"><ele>248.2</ele></trkpt>
   <trkpt lat="38.77719" lon="-9.37910"><ele>246.8</ele></trkpt>
   <trkpt lat="38.77692" lon="-9.37924"><ele>245.8</ele></trkpt>
   <trkpt lat="38.77665" lon="-9.37939"><ele>244.6</ele></trkpt>
   <trkpt lat="38.77637" lon="-9.37954"><ele>243.6</ele></trkpt>
   <trkpt lat="38.77605" lon="-9.37972"><ele>241.8</ele></trkpt>
   <trkpt lat="38.77578" lon="-9.37987"><ele>241.0</ele></trkpt>
   <trkpt lat="38.77547" lon="-9.38003"><ele>240.2</ele></trkpt>
   <trkpt lat="38.77517" lon="-9.38020"><ele>239.2</ele></trkpt>
   <trkpt lat="38.77487" lon="-9.38036"><ele>238.6</ele></trkpt>
   <trkpt lat="38.77458" lon="-9.38052"><ele>238.2</ele></trkpt>
   <trkpt lat="38.77430" lon="-9.38067"><ele>237.4</ele></trkpt>
   <trkpt lat="38.77401" lon="-9.38083"><ele>236.6</ele></trkpt>
   <trkpt lat="38.77382" lon="-9.38092"><ele>236.2</ele></trkpt>
   <trkpt lat="38.77354" lon="-9.38109"><ele>236.0</ele></trkpt>
   <trkpt lat="38.77338" lon="-9.38124"><ele>236.0</ele></trkpt>
   <trkpt lat="38.77308" lon="-9.38134"><ele>235.6</ele></trkpt>
   <trkpt lat="38.77293" lon="-9.38142"><ele>235.2</ele></trkpt>
   <trkpt lat="38.77263" lon="-9.38161"><ele>233.2</ele></trkpt>
   <trkpt lat="38.77239" lon="-9.38175"><ele>232.0</ele></trkpt>
   <trkpt lat="38.77214" lon="-9.38190"><ele>231.6</ele></trkpt>
   <trkpt lat="38.77188" lon="-9.38206"><ele>230.4</ele></trkpt>
   <trkpt lat="38.77166" lon="-9.38220"><ele>229.6</ele></trkpt>
   <trkpt lat="38.77135" lon="-9.38240"><ele>228.4</ele></trkpt>
   <trkpt lat="38.77110" lon="-9.38257"><ele>227.0</ele></trkpt>
   <trkpt lat="38.77084" lon="-9.38274"><ele>226.0</ele></trkpt>
   <trkpt lat="38.77058" lon="-9.38292"><ele>224.6</ele></trkpt>
   <trkpt lat="38.77049" lon="-9.38298"><ele>224.0</ele></trkpt>
   <trkpt lat="38.77023" lon="-9.38317"><ele>222.4</ele></trkpt>
   <trkpt lat="38.76994" lon="-9.38336"><ele>221.6</ele></trkpt>
   <trkpt lat="38.76969" lon="-9.38355"><ele>220.2</ele></trkpt>
   <trkpt lat="38.76940" lon="-9.38377"><ele>218.8</ele></trkpt>
   <trkpt lat="38.76914" lon="-9.38397"><ele>217.8</ele></trkpt>
   <trkpt lat="38.76888" lon="-9.38416"><ele>216.6</ele></trkpt>
   <trkpt lat="38.76863" lon="-9.38436"><ele>215.0</ele></trkpt>
   <trkpt lat="38.76836" lon="-9.38456"><ele>213.8</ele></trkpt>
   <trkpt lat="38.76809" lon="-9.38477"><ele>213.2</ele></trkpt>
   <trkpt lat="38.76787" lon="-9.38491"><ele>212.4</ele></trkpt>
   <trkpt lat="38.76774" lon="-9.38500"><ele>212.0</ele></trkpt>
   <trkpt lat="38.76746" lon="-9.38515"><ele>211.4</ele></trkpt>
   <trkpt lat="38.76719" lon="-9.38528"><ele>211.0</ele></trkpt>
   <trkpt lat="38.76701" lon="-9.38537"><ele>210.4</ele></trkpt>
   <trkpt lat="38.76671" lon="-9.38548"><ele>209.2</ele></trkpt>
   <trkpt lat="38.76659" lon="-9.38552"><ele>209.0</ele></trkpt>
   <trkpt lat="38.76628" lon="-9.38559"><ele>208.4</ele></trkpt>
   <trkpt lat="38.76598" lon="-9.38564"><ele>207.4</ele></trkpt>
   <trkpt lat="38.76566" lon="-9.38570"><ele>206.8</ele></trkpt>
   <trkpt lat="38.76532" lon="-9.38576"><ele>206.2</ele></trkpt>
   <trkpt lat="38.76502" lon="-9.38581"><ele>205.8</ele></trkpt>
   <trkpt lat="38.76487" lon="-9.38591"><ele>205.6</ele></trkpt>
   <trkpt lat="38.76484" lon="-9.38606"><ele>205.4</ele></trkpt>
   <trkpt lat="38.76487" lon="-9.38632"><ele>205.2</ele></trkpt>
   <trkpt lat="38.76510" lon="-9.38661"><ele>204.2</ele></trkpt>
   <trkpt lat="38.76534" lon="-9.38691"><ele>202.0</ele></trkpt>
   <trkpt lat="38.76552" lon="-9.38714"><ele>200.8</ele></trkpt>
   <trkpt lat="38.76563" lon="-9.38714"><ele>198.8</ele></trkpt>
   <trkpt lat="38.76561" lon="-9.38726"><ele>198.6</ele></trkpt>
   <trkpt lat="38.76566" lon="-9.38742"><ele>198.0</ele></trkpt>
   <trkpt lat="38.76581" lon="-9.38775"><ele>197.4</ele></trkpt>
   <trkpt lat="38.76595" lon="-9.38808"><ele>196.8</ele></trkpt>
   <trkpt lat="38.76611" lon="-9.38845"><ele>195.8</ele></trkpt>
   <trkpt lat="38.76625" lon="-9.38879"><ele>195.4</ele></trkpt>
   <trkpt lat="38.76643" lon="-9.38918"><ele>195.8</ele></trkpt>
   <trkpt lat="38.76660" lon="-9.38956"><ele>197.2</ele></trkpt>
   <trkpt lat="38.76675" lon="-9.38995"><ele>198.4</ele></trkpt>
   <trkpt lat="38.76692" lon="-9.39029"><ele>199.4</ele></trkpt>
   <trkpt lat="38.76705" lon="-9.39058"><ele>200.4</ele></trkpt>
   <trkpt lat="38.76718" lon="-9.39082"><ele>201.0</ele></trkpt>
   <trkpt lat="38.76741" lon="-9.39109"><ele>202.2</ele></trkpt>
   <trkpt lat="38.76765" lon="-9.39136"><ele>203.0</ele></trkpt>
   <trkpt lat="38.76784" lon="-9.39160"><ele>203.6</ele></trkpt>
   <trkpt lat="38.76801" lon="-9.39191"><ele>204.8</ele></trkpt>
   <trkpt lat="38.76808" lon="-9.39209"><ele>205.0</ele></trkpt>
   <trkpt lat="38.76820" lon="-9.39251"><ele>206.6</ele></trkpt>
   <trkpt lat="38.76826" lon="-9.39275"><ele>208.0</ele></trkpt>
   <trkpt lat="38.76828" lon="-9.39303"><ele>209.8</ele></trkpt>
   <trkpt lat="38.76820" lon="-9.39345"><ele>212.4</ele></trkpt>
   <trkpt lat="38.76811" lon="-9.39385"><ele>214.4</ele></trkpt>
   <trkpt lat="38.76809" lon="-9.39397"><ele>214.6</ele></trkpt>
   <trkpt lat="38.76808" lon="-9.39443"><ele>214.8</ele></trkpt>
   <trkpt lat="38.76807" lon="-9.39489"><ele>214.6</ele></trkpt>
   <trkpt lat="38.76805" lon="-9.39513"><ele>214.6</ele></trkpt>
   <trkpt lat="38.76798" lon="-9.39536"><ele>214.6</ele></trkpt>
   <trkpt lat="38.76778" lon="-9.39574"><ele>214.2</ele></trkpt>
   <trkpt lat="38.76760" lon="-9.39611"><ele>213.8</ele></trkpt>
   <trkpt lat="38.76744" lon="-9.39641"><ele>213.0</ele></trkpt>
   <trkpt lat="38.76730" lon="-9.39670"><ele>211.0</ele></trkpt>
   <trkpt lat="38.76709" lon="-9.39707"><ele>208.8</ele></trkpt>
   <trkpt lat="38.76684" lon="-9.39734"><ele>207.2</ele></trkpt>
   <trkpt lat="38.76657" lon="-9.39759"><ele>205.0</ele></trkpt>
   <trkpt lat="38.76630" lon="-9.39784"><ele>202.4</ele></trkpt>
   <trkpt lat="38.76605" lon="-9.39807"><ele>200.8</ele></trkpt>
   <trkpt lat="38.76581" lon="-9.39829"><ele>199.6</ele></trkpt>
   <trkpt lat="38.76566" lon="-9.39842"><ele>198.8</ele></trkpt>
   <trkpt lat="38.76538" lon="-9.39870"><ele>197.8</ele></trkpt>
   <trkpt lat="38.76526" lon="-9.39886"><ele>197.4</ele></trkpt>
   <trkpt lat="38.76509" lon="-9.39921"><ele>197.0</ele></trkpt>
   <trkpt lat="38.76494" lon="-9.39954"><ele>196.8</ele></trkpt>
   <trkpt lat="38.76487" lon="-9.39970"><ele>196.8</ele></trkpt>
   <trkpt lat="38.76478" lon="-9.40009"><ele>197.8</ele></trkpt>
   <trkpt lat="38.76469" lon="-9.40051"><ele>198.6</ele></trkpt>
   <trkpt lat="38.76459" lon="-9.40095"><ele>201.6</ele></trkpt>
   <trkpt lat="38.76450" lon="-9.40136"><ele>202.2</ele></trkpt>
   <trkpt lat="38.76444" lon="-9.40148"><ele>202.4</ele></trkpt>
   <trkpt lat="38.76435" lon="-9.40162"><ele>202.8</ele></trkpt>
   <trkpt lat="38.76406" lon="-9.40188"><ele>204.2</ele></trkpt>
   <trkpt lat="38.76380" lon="-9.40215"><ele>206.0</ele></trkpt>
   <trkpt lat="38.76353" lon="-9.40242"><ele>207.0</ele></trkpt>
   <trkpt lat="38.76349" lon="-9.40246"><ele>207.2</ele></trkpt>
   <trkpt lat="38.76328" lon="-9.40278"><ele>208.6</ele></trkpt>
   <trkpt lat="38.76307" lon="-9.40310"><ele>209.6</ele></trkpt>
   <trkpt lat="38.76304" lon="-9.40315"><ele>209.8</ele></trkpt>
   <trkpt lat="38.76281" lon="-9.40342"><ele>210.6</ele></trkpt>
   <trkpt lat="38.76258" lon="-9.40368"><ele>211.0</ele></trkpt>
   <trkpt lat="38.76249" lon="-9.40380"><ele>211.0</ele></trkpt>
   <trkpt lat="38.76239" lon="-9.40404"><ele>211.0</ele></trkpt>
   <trkpt lat="38.76231" lon="-9.40444"><ele>210.2</ele></trkpt>
   <trkpt lat="38.76224" lon="-9.40483"><ele>209.6</ele></trkpt>
   <trkpt lat="38.76222" lon="-9.40492"><ele>209.4</ele></trkpt>
   <trkpt lat="38.76210" lon="-9.40517"><ele>209.2</ele></trkpt>
   <trkpt lat="38.76187" lon="-9.40552"><ele>208.6</ele></trkpt>
   <trkpt lat="38.76167" lon="-9.40582"><ele>208.6</ele></trkpt>
   <trkpt lat="38.76146" lon="-9.40613"><ele>208.2</ele></trkpt>
   <trkpt lat="38.76125" lon="-9.40646"><ele>207.8</ele></trkpt>
   <trkpt lat="38.76106" lon="-9.40676"><ele>207.4</ele></trkpt>
   <trkpt lat="38.76089" lon="-9.40705"><ele>206.8</ele></trkpt>
   <trkpt lat="38.76083" lon="-9.40714"><ele>206.6</ele></trkpt>
   <trkpt lat="38.76065" lon="-9.40750"><ele>205.8</ele></trkpt>
   <trkpt lat="38.76046" lon="-9.40789"><ele>205.2</ele></trkpt>
   <trkpt lat="38.76031" lon="-9.40819"><ele>204.6</ele></trkpt>
   <trkpt lat="38.76019" lon="-9.40842"><ele>204.0</ele></trkpt>
   <trkpt lat="38.75998" lon="-9.40877"><ele>203.0</ele></trkpt>
   <trkpt lat="38.75976" lon="-9.40913"><ele>199.8</ele></trkpt>
   <trkpt lat="38.75968" lon="-9.40925"><ele>198.8</ele></trkpt>
   <trkpt lat="38.75956" lon="-9.40952"><ele>197.6</ele></trkpt>
   <trkpt lat="38.75951" lon="-9.40984"><ele>196.0</ele></trkpt>
   <trkpt lat="38.75949" lon="-9.41000"><ele>195.0</ele></trkpt>
   <trkpt lat="38.75948" lon="-9.41034"><ele>191.0</ele></trkpt>
   <trkpt lat="38.75950" lon="-9.41052"><ele>189.8</ele></trkpt>
   <trkpt lat="38.75958" lon="-9.41086"><ele>187.8</ele></trkpt>
   <trkpt lat="38.75964" lon="-9.41103"><ele>186.6</ele></trkpt>
   <trkpt lat="38.75979" lon="-9.41134"><ele>184.2</ele></trkpt>
   <trkpt lat="38.75992" lon="-9.41163"><ele>181.4</ele></trkpt>
   <trkpt lat="38.75996" lon="-9.41177"><ele>179.6</ele></trkpt>
   <trkpt lat="38.75994" lon="-9.41207"><ele>175.8</ele></trkpt>
   <trkpt lat="38.75989" lon="-9.41221"><ele>175.2</ele></trkpt>
   <trkpt lat="38.75972" lon="-9.41242"><ele>171.6</ele></trkpt>
   <trkpt lat="38.75950" lon="-9.41252"><ele>169.2</ele></trkpt>
   <trkpt lat="38.75925" lon="-9.41259"><ele>166.6</ele></trkpt>
   <trkpt lat="38.75902" lon="-9.41271"><ele>164.8</ele></trkpt>
   <trkpt lat="38.75881" lon="-9.41287"><ele>163.2</ele></trkpt>
   <trkpt lat="38.75854" lon="-9.41315"><ele>161.4</ele></trkpt>
   <trkpt lat="38.75847" lon="-9.41330"><ele>160.8</ele></trkpt>
   <trkpt lat="38.75841" lon="-9.41363"><ele>158.6</ele></trkpt>
   <trkpt lat="38.75836" lon="-9.41398"><ele>157.4</ele></trkpt>
   <trkpt lat="38.75826" lon="-9.41439"><ele>155.0</ele></trkpt>
   <trkpt lat="38.75816" lon="-9.41480"><ele>152.8</ele></trkpt>
   <trkpt lat="38.75813" lon="-9.41494"><ele>152.4</ele></trkpt>
   <trkpt lat="38.75808" lon="-9.41536"><ele>150.2</ele></trkpt>
   <trkpt lat="38.75807" lon="-9.41564"><ele>148.6</ele></trkpt>
   <trkpt lat="38.75807" lon="-9.41604"><ele>146.8</ele></trkpt>
   <trkpt lat="38.75806" lon="-9.41642"><ele>145.8</ele></trkpt>
   <trkpt lat="38.75807" lon="-9.41664"><ele>145.2</ele></trkpt>
   <trkpt lat="38.75816" lon="-9.41703"><ele>145.0</ele></trkpt>
   <trkpt lat="38.75831" lon="-9.41742"><ele>145.2</ele></trkpt>
   <trkpt lat="38.75844" lon="-9.41780"><ele>145.6</ele></trkpt>
   <trkpt lat="38.75857" lon="-9.41814"><ele>145.6</ele></trkpt>
   <trkpt lat="38.75873" lon="-9.41854"><ele>145.0</ele></trkpt>
   <trkpt lat="38.75876" lon="-9.41865"><ele>144.2</ele></trkpt>
   <trkpt lat="38.75882" lon="-9.41900"><ele>143.0</ele></trkpt>
   <trkpt lat="38.75886" lon="-9.41922"><ele>142.4</ele></trkpt>
   <trkpt lat="38.75888" lon="-9.41967"><ele>138.4</ele></trkpt>
   <trkpt lat="38.75882" lon="-9.41998"><ele>137.4</ele></trkpt>
   <trkpt lat="38.75866" lon="-9.42035"><ele>136.6</ele></trkpt>
   <trkpt lat="38.75849" lon="-9.42074"><ele>137.0</ele></trkpt>
   <trkpt lat="38.75832" lon="-9.42114"><ele>140.2</ele></trkpt>
   <trkpt lat="38.75815" lon="-9.42154"><ele>142.6</ele></trkpt>
   <trkpt lat="38.75813" lon="-9.42157"><ele>143.2</ele></trkpt>
   <trkpt lat="38.75800" lon="-9.42197"><ele>146.8</ele></trkpt>
   <trkpt lat="38.75790" lon="-9.42233"><ele>150.0</ele></trkpt>
   <trkpt lat="38.75786" lon="-9.42276"><ele>154.0</ele></trkpt>
   <trkpt lat="38.75791" lon="-9.42319"><ele>158.0</ele></trkpt>
   <trkpt lat="38.75791" lon="-9.42345"><ele>161.0</ele></trkpt>
   <trkpt lat="38.75784" lon="-9.42368"><ele>162.8</ele></trkpt>
   <trkpt lat="38.75760" lon="-9.42400"><ele>166.6</ele></trkpt>
   <trkpt lat="38.75744" lon="-9.42426"><ele>169.2</ele></trkpt>
   <trkpt lat="38.75742" lon="-9.42462"><ele>172.0</ele></trkpt>
   <trkpt lat="38.75747" lon="-9.42505"><ele>174.0</ele></trkpt>
   <trkpt lat="38.75748" lon="-9.42509"><ele>174.0</ele></trkpt>
   <trkpt lat="38.75745" lon="-9.42525"><ele>174.4</ele></trkpt>
   <trkpt lat="38.75736" lon="-9.42546"><ele>174.8</ele></trkpt>
   <trkpt lat="38.75723" lon="-9.42560"><ele>175.2</ele></trkpt>
   <trkpt lat="38.75694" lon="-9.42582"><ele>175.6</ele></trkpt>
   <trkpt lat="38.75665" lon="-9.42604"><ele>176.6</ele></trkpt>
   <trkpt lat="38.75636" lon="-9.42627"><ele>179.6</ele></trkpt>
   <trkpt lat="38.75625" lon="-9.42637"><ele>181.0</ele></trkpt>
   <trkpt lat="38.75601" lon="-9.42666"><ele>184.4</ele></trkpt>
   <trkpt lat="38.75578" lon="-9.42699"><ele>188.0</ele></trkpt>
   <trkpt lat="38.75572" lon="-9.42705"><ele>189.2</ele></trkpt>
   <trkpt lat="38.75550" lon="-9.42712"><ele>191.8</ele></trkpt>
   <trkpt lat="38.75544" lon="-9.42708"><ele>192.2</ele></trkpt>
   <trkpt lat="38.75518" lon="-9.42734"><ele>191.8</ele></trkpt>
   <trkpt lat="38.75491" lon="-9.42763"><ele>191.0</ele></trkpt>
   <trkpt lat="38.75474" lon="-9.42778"><ele>189.8</ele></trkpt>
   <trkpt lat="38.75449" lon="-9.42798"><ele>186.2</ele></trkpt>
   <trkpt lat="38.75419" lon="-9.42818"><ele>185.2</ele></trkpt>
   <trkpt lat="38.75391" lon="-9.42837"><ele>184.2</ele></trkpt>
   <trkpt lat="38.75385" lon="-9.42842"><ele>183.8</ele></trkpt>
   <trkpt lat="38.75373" lon="-9.42865"><ele>182.6</ele></trkpt>
   <trkpt lat="38.75360" lon="-9.42907"><ele>180.2</ele></trkpt>
   <trkpt lat="38.75348" lon="-9.42947"><ele>178.6</ele></trkpt>
   <trkpt lat="38.75333" lon="-9.42984"><ele>178.0</ele></trkpt>
   <trkpt lat="38.75330" lon="-9.42991"><ele>177.8</ele></trkpt>
   <trkpt lat="38.75307" lon="-9.43013"><ele>176.8</ele></trkpt>
   <trkpt lat="38.75281" lon="-9.43036"><ele>175.2</ele></trkpt>
   <trkpt lat="38.75259" lon="-9.43065"><ele>174.4</ele></trkpt>
   <trkpt lat="38.75233" lon="-9.43090"><ele>173.6</ele></trkpt>
   <trkpt lat="38.75226" lon="-9.43096"><ele>173.0</ele></trkpt>
   <trkpt lat="38.75196" lon="-9.43118"><ele>171.8</ele></trkpt>
   <trkpt lat="38.75165" lon="-9.43140"><ele>170.0</ele></trkpt>
   <trkpt lat="38.75151" lon="-9.43153"><ele>168.0</ele></trkpt>
   <trkpt lat="38.75131" lon="-9.43163"><ele>166.6</ele></trkpt>
   <trkpt lat="38.75097" lon="-9.43167"><ele>166.8</ele></trkpt>
   <trkpt lat="38.75064" lon="-9.43176"><ele>167.2</ele></trkpt>
   <trkpt lat="38.75032" lon="-9.43184"><ele>167.0</ele></trkpt>
   <trkpt lat="38.74998" lon="-9.43188"><ele>165.8</ele></trkpt>
   <trkpt lat="38.74964" lon="-9.43191"><ele>165.0</ele></trkpt>
   <trkpt lat="38.74930" lon="-9.43191"><ele>164.2</ele></trkpt>
   <trkpt lat="38.74897" lon="-9.43195"><ele>161.2</ele></trkpt>
   <trkpt lat="38.74893" lon="-9.43195"><ele>159.6</ele></trkpt>
   <trkpt lat="38.74866" lon="-9.43218"><ele>159.4</ele></trkpt>
   <trkpt lat="38.74842" lon="-9.43236"><ele>160.2</ele></trkpt>
   <trkpt lat="38.74809" lon="-9.43244"><ele>162.2</ele></trkpt>
   <trkpt lat="38.74790" lon="-9.43248"><ele>163.0</ele></trkpt>
   <trkpt lat="38.74773" lon="-9.43267"><ele>164.2</ele></trkpt>
   <trkpt lat="38.74757" lon="-9.43305"><ele>165.6</ele></trkpt>
   <trkpt lat="38.74742" lon="-9.43346"><ele>167.0</ele></trkpt>
   <trkpt lat="38.74741" lon="-9.43351"><ele>167.0</ele></trkpt>
   <trkpt lat="38.74744" lon="-9.43373"><ele>168.2</ele></trkpt>
   <trkpt lat="38.74750" lon="-9.43384"><ele>168.8</ele></trkpt>
   <trkpt lat="38.74773" lon="-9.43414"><ele>170.8</ele></trkpt>
   <trkpt lat="38.74789" lon="-9.43430"><ele>171.6</ele></trkpt>
   <trkpt lat="38.74821" lon="-9.43448"><ele>173.2</ele></trkpt>
   <trkpt lat="38.74852" lon="-9.43466"><ele>174.8</ele></trkpt>
   <trkpt lat="38.74883" lon="-9.43484"><ele>177.0</ele></trkpt>
   <trkpt lat="38.74893" lon="-9.43489"><ele>177.6</ele></trkpt>
   <trkpt lat="38.74921" lon="-9.43513"><ele>179.8</ele></trkpt>
   <trkpt lat="38.74924" lon="-9.43516"><ele>180.0</ele></trkpt>
   <trkpt lat="38.74941" lon="-9.43554"><ele>181.6</ele></trkpt>
   <trkpt lat="38.74956" lon="-9.43592"><ele>184.0</ele></trkpt>
   <trkpt lat="38.74970" lon="-9.43623"><ele>185.4</ele></trkpt>
   <trkpt lat="38.74993" lon="-9.43654"><ele>186.8</ele></trkpt>
   <trkpt lat="38.75016" lon="-9.43684"><ele>188.8</ele></trkpt>
   <trkpt lat="38.75038" lon="-9.43715"><ele>188.6</ele></trkpt>
   <trkpt lat="38.75062" lon="-9.43749"><ele>188.6</ele></trkpt>
   <trkpt lat="38.75085" lon="-9.43778"><ele>186.6</ele></trkpt>
   <trkpt lat="38.75108" lon="-9.43809"><ele>186.2</ele></trkpt>
   <trkpt lat="38.75123" lon="-9.43833"><ele>185.6</ele></trkpt>
   <trkpt lat="38.75130" lon="-9.43878"><ele>184.2</ele></trkpt>
   <trkpt lat="38.75131" lon="-9.43910"><ele>184.0</ele></trkpt>
   <trkpt lat="38.75131" lon="-9.43945"><ele>183.4</ele></trkpt>
   <trkpt lat="38.75131" lon="-9.43981"><ele>181.8</ele></trkpt>
   <trkpt lat="38.75131" lon="-9.44017"><ele>179.4</ele></trkpt>
   <trkpt lat="38.75131" lon="-9.44054"><ele>177.8</ele></trkpt>
   <trkpt lat="38.75131" lon="-9.44092"><ele>176.6</ele></trkpt>
   <trkpt lat="38.75131" lon="-9.44130"><ele>174.8</ele></trkpt>
   <trkpt lat="38.75131" lon="-9.44169"><ele>173.4</ele></trkpt>
   <trkpt lat="38.75132" lon="-9.44209"><ele>172.6</ele></trkpt>
   <trkpt lat="38.75132" lon="-9.44243"><ele>171.0</ele></trkpt>
   <trkpt lat="38.75133" lon="-9.44287"><ele>168.6</ele></trkpt>
   <trkpt lat="38.75133" lon="-9.44333"><ele>166.4</ele></trkpt>
   <trkpt lat="38.75134" lon="-9.44375"><ele>165.8</ele></trkpt>
   <trkpt lat="38.75134" lon="-9.44414"><ele>166.0</ele></trkpt>
   <trkpt lat="38.75133" lon="-9.44452"><ele>166.0</ele></trkpt>
   <trkpt lat="38.75140" lon="-9.44496"><ele>166.8</ele></trkpt>
   <trkpt lat="38.75141" lon="-9.44505"><ele>166.8</ele></trkpt>
   <trkpt lat="38.75150" lon="-9.44546"><ele>167.4</ele></trkpt>
   <trkpt lat="38.75157" lon="-9.44584"><ele>168.2</ele></trkpt>
   <trkpt lat="38.75165" lon="-9.44621"><ele>168.6</ele></trkpt>
   <trkpt lat="38.75176" lon="-9.44664"><ele>169.0</ele></trkpt>
   <trkpt lat="38.75184" lon="-9.44706"><ele>169.6</ele></trkpt>
   <trkpt lat="38.75194" lon="-9.44745"><ele>170.8</ele></trkpt>
   <trkpt lat="38.75196" lon="-9.44754"><ele>171.2</ele></trkpt>
   <trkpt lat="38.75213" lon="-9.44775"><ele>171.2</ele></trkpt>
   <trkpt lat="38.75241" lon="-9.44786"><ele>171.2</ele></trkpt>
   <trkpt lat="38.75276" lon="-9.44796"><ele>168.6</ele></trkpt>
   <trkpt lat="38.75293" lon="-9.44806"><ele>167.6</ele></trkpt>
   <trkpt lat="38.75305" lon="-9.44830"><ele>166.4</ele></trkpt>
   <trkpt lat="38.75303" lon="-9.44847"><ele>164.6</ele></trkpt>
   <trkpt lat="38.75295" lon="-9.44854"><ele>162.2</ele></trkpt>
   <trkpt lat="38.75263" lon="-9.44848"><ele>160.4</ele></trkpt>
   <trkpt lat="38.75249" lon="-9.44849"><ele>160.0</ele></trkpt>
   <trkpt lat="38.75224" lon="-9.44859"><ele>159.2</ele></trkpt>
   <trkpt lat="38.75193" lon="-9.44873"><ele>159.0</ele></trkpt>
   <trkpt lat="38.75163" lon="-9.44886"><ele>157.8</ele></trkpt>
   <trkpt lat="38.75129" lon="-9.44901"><ele>156.4</ele></trkpt>
   <trkpt lat="38.75120" lon="-9.44905"><ele>156.2</ele></trkpt>
   <trkpt lat="38.75091" lon="-9.44915"><ele>155.2</ele></trkpt>
   <trkpt lat="38.75059" lon="-9.44922"><ele>154.4</ele></trkpt>
   <trkpt lat="38.75025" lon="-9.44925"><ele>152.8</ele></trkpt>
   <trkpt lat="38.74992" lon="-9.44926"><ele>151.8</ele></trkpt>
   <trkpt lat="38.74959" lon="-9.44928"><ele>150.6</ele></trkpt>
   <trkpt lat="38.74926" lon="-9.44929"><ele>148.8</ele></trkpt>
   <trkpt lat="38.74892" lon="-9.44930"><ele>147.4</ele></trkpt>
   <trkpt lat="38.74858" lon="-9.44933"><ele>146.4</ele></trkpt>
   <trkpt lat="38.74847" lon="-9.44935"><ele>146.0</ele></trkpt>
   <trkpt lat="38.74814" lon="-9.44944"><ele>145.0</ele></trkpt>
   <trkpt lat="38.74781" lon="-9.44953"><ele>142.8</ele></trkpt>
   <trkpt lat="38.74747" lon="-9.44963"><ele>140.6</ele></trkpt>
   <trkpt lat="38.74715" lon="-9.44972"><ele>139.2</ele></trkpt>
   <trkpt lat="38.74683" lon="-9.44981"><ele>137.2</ele></trkpt>
   <trkpt lat="38.74650" lon="-9.44991"><ele>135.4</ele></trkpt>
   <trkpt lat="38.74617" lon="-9.45000"><ele>133.6</ele></trkpt>
   <trkpt lat="38.74593" lon="-9.45007"><ele>132.6</ele></trkpt>
   <trkpt lat="38.74569" lon="-9.45014"><ele>131.8</ele></trkpt>
   <trkpt lat="38.74534" lon="-9.45024"><ele>130.0</ele></trkpt>
   <trkpt lat="38.74510" lon="-9.45031"><ele>128.4</ele></trkpt>
   <trkpt lat="38.74487" lon="-9.45037"><ele>126.8</ele></trkpt>
   <trkpt lat="38.74453" lon="-9.45048"><ele>125.0</ele></trkpt>
   <trkpt lat="38.74431" lon="-9.45058"><ele>124.0</ele></trkpt>
   <trkpt lat="38.74402" lon="-9.45079"><ele>122.8</ele></trkpt>
   <trkpt lat="38.74373" lon="-9.45100"><ele>121.0</ele></trkpt>
   <trkpt lat="38.74354" lon="-9.45112"><ele>119.8</ele></trkpt>
   <trkpt lat="38.74322" lon="-9.45123"><ele>118.2</ele></trkpt>
   <trkpt lat="38.74294" lon="-9.45129"><ele>116.8</ele></trkpt>
   <trkpt lat="38.74283" lon="-9.45133"><ele>116.2</ele></trkpt>
   <trkpt lat="38.74258" lon="-9.45147"><ele>114.8</ele></trkpt>
   <trkpt lat="38.74229" lon="-9.45166"><ele>113.6</ele></trkpt>
   <trkpt lat="38.74220" lon="-9.45171"><ele>113.2</ele></trkpt>
   <trkpt lat="38.74191" lon="-9.45174"><ele>112.2</ele></trkpt>
   <trkpt lat="38.74164" lon="-9.45163"><ele>111.2</ele></trkpt>
   <trkpt lat="38.74138" lon="-9.45148"><ele>109.6</ele></trkpt>
   <trkpt lat="38.74114" lon="-9.45127"><ele>108.6</ele></trkpt>
   <trkpt lat="38.74092" lon="-9.45104"><ele>107.6</ele></trkpt>
   <trkpt lat="38.74071" lon="-9.45082"><ele>106.0</ele></trkpt>
   <trkpt lat="38.74050" lon="-9.45059"><ele>105.2</ele></trkpt>
   <trkpt lat="38.74021" lon="-9.45036"><ele>104.6</ele></trkpt>
   <trkpt lat="38.74014" lon="-9.45031"><ele>104.4</ele></trkpt>
   <trkpt lat="38.73992" lon="-9.45020"><ele>103.6</ele></trkpt>
   <trkpt lat="38.73959" lon="-9.45011"><ele>104.2</ele></trkpt>
   <trkpt lat="38.73925" lon="-9.45004"><ele>105.0</ele></trkpt>
   <trkpt lat="38.73891" lon="-9.44996"><ele>106.0</ele></trkpt>
   <trkpt lat="38.73866" lon="-9.44985"><ele>107.2</ele></trkpt>
   <trkpt lat="38.73835" lon="-9.44963"><ele>108.6</ele></trkpt>
   <trkpt lat="38.73806" lon="-9.44937"><ele>110.4</ele></trkpt>
   <trkpt lat="38.73779" lon="-9.44914"><ele>111.0</ele></trkpt>
   <trkpt lat="38.73767" lon="-9.44905"><ele>111.4</ele></trkpt>
   <trkpt lat="38.73736" lon="-9.44883"><ele>111.6</ele></trkpt>
   <trkpt lat="38.73707" lon="-9.44865"><ele>111.6</ele></trkpt>
   <trkpt lat="38.73678" lon="-9.44844"><ele>111.6</ele></trkpt>
   <trkpt lat="38.73648" lon="-9.44825"><ele>111.8</ele></trkpt>
   <trkpt lat="38.73643" lon="-9.44822"><ele>112.0</ele></trkpt>
   <trkpt lat="38.73610" lon="-9.44811"><ele>112.2</ele></trkpt>
   <trkpt lat="38.73606" lon="-9.44810"><ele>112.4</ele></trkpt>
   <trkpt lat="38.73575" lon="-9.44806"><ele>112.4</ele></trkpt>
   <trkpt lat="38.73545" lon="-9.44802"><ele>112.6</ele></trkpt>
   <trkpt lat="38.73513" lon="-9.44794"><ele>112.8</ele></trkpt>
   <trkpt lat="38.73479" lon="-9.44781"><ele>112.8</ele></trkpt>
   <trkpt lat="38.73449" lon="-9.44769"><ele>112.6</ele></trkpt>
   <trkpt lat="38.73417" lon="-9.44757"><ele>111.8</ele></trkpt>
   <trkpt lat="38.73384" lon="-9.44744"><ele>110.8</ele></trkpt>
   <trkpt lat="38.73352" lon="-9.44730"><ele>109.6</ele></trkpt>
   <trkpt lat="38.73329" lon="-9.44718"><ele>108.8</ele></trkpt>
   <trkpt lat="38.73302" lon="-9.44696"><ele>107.4</ele></trkpt>
   <trkpt lat="38.73291" lon="-9.44684"><ele>107.2</ele></trkpt>
   <trkpt lat="38.73270" lon="-9.44656"><ele>106.6</ele></trkpt>
   <trkpt lat="38.73250" lon="-9.44627"><ele>106.0</ele></trkpt>
   <trkpt lat="38.73229" lon="-9.44599"><ele>105.2</ele></trkpt>
   <trkpt lat="38.73208" lon="-9.44571"><ele>104.4</ele></trkpt>
   <trkpt lat="38.73202" lon="-9.44563"><ele>104.4</ele></trkpt>
   <trkpt lat="38.73173" lon="-9.44539"><ele>105.2</ele></trkpt>
   <trkpt lat="38.73165" lon="-9.44534"><ele>105.4</ele></trkpt>
   <trkpt lat="38.73131" lon="-9.44523"><ele>107.2</ele></trkpt>
   <trkpt lat="38.73108" lon="-9.44516"><ele>108.0</ele></trkpt>
   <trkpt lat="38.73075" lon="-9.44513"><ele>109.8</ele></trkpt>
   <trkpt lat="38.73057" lon="-9.44514"><ele>110.6</ele></trkpt>
   <trkpt lat="38.73038" lon="-9.44500"><ele>111.2</ele></trkpt>
   <trkpt lat="38.73005" lon="-9.44488"><ele>112.2</ele></trkpt>
   <trkpt lat="38.72978" lon="-9.44480"><ele>112.4</ele></trkpt>
   <trkpt lat="38.72950" lon="-9.44466"><ele>111.8</ele></trkpt>
   <trkpt lat="38.72918" lon="-9.44450"><ele>110.8</ele></trkpt>
   <trkpt lat="38.72886" lon="-9.44434"><ele>109.8</ele></trkpt>
   <trkpt lat="38.72861" lon="-9.44421"><ele>108.6</ele></trkpt>
   <trkpt lat="38.72833" lon="-9.44407"><ele>107.2</ele></trkpt>
   <trkpt lat="38.72805" lon="-9.44393"><ele>104.6</ele></trkpt>
   <trkpt lat="38.72778" lon="-9.44379"><ele>103.2</ele></trkpt>
   <trkpt lat="38.72753" lon="-9.44367"><ele>102.6</ele></trkpt>
   <trkpt lat="38.72729" lon="-9.44362"><ele>102.0</ele></trkpt>
   <trkpt lat="38.72700" lon="-9.44364"><ele>101.8</ele></trkpt>
   <trkpt lat="38.72665" lon="-9.44365"><ele>102.2</ele></trkpt>
   <trkpt lat="38.72634" lon="-9.44357"><ele>103.0</ele></trkpt>
   <trkpt lat="38.72601" lon="-9.44349"><ele>103.4</ele></trkpt>
   <trkpt lat="38.72589" lon="-9.44347"><ele>103.4</ele></trkpt>
   <trkpt lat="38.72559" lon="-9.44352"><ele>102.8</ele></trkpt>
   <trkpt lat="38.72535" lon="-9.44334"><ele>102.4</ele></trkpt>
   <trkpt lat="38.72502" lon="-9.44322"><ele>102.0</ele></trkpt>
   <trkpt lat="38.72470" lon="-9.44314"><ele>101.8</ele></trkpt>
   <trkpt lat="38.72438" lon="-9.44311"><ele>101.4</ele></trkpt>
   <trkpt lat="38.72431" lon="-9.44310"><ele>101.4</ele></trkpt>
   <trkpt lat="38.72404" lon="-9.44289"><ele>101.2</ele></trkpt>
   <trkpt lat="38.72373" lon="-9.44272"><ele>100.8</ele></trkpt>
   <trkpt lat="38.72347" lon="-9.44255"><ele>100.6</ele></trkpt>
   <trkpt lat="38.72340" lon="-9.44251"><ele>100.4</ele></trkpt>
   <trkpt lat="38.72313" lon="-9.44237"><ele>99.6</ele></trkpt>
   <trkpt lat="38.72285" lon="-9.44224"><ele>98.8</ele></trkpt>
   <trkpt lat="38.72252" lon="-9.44206"><ele>97.6</ele></trkpt>
   <trkpt lat="38.72232" lon="-9.44197"><ele>97.4</ele></trkpt>
   <trkpt lat="38.72198" lon="-9.44190"><ele>97.2</ele></trkpt>
   <trkpt lat="38.72165" lon="-9.44189"><ele>97.6</ele></trkpt>
   <trkpt lat="38.72133" lon="-9.44190"><ele>97.6</ele></trkpt>
   <trkpt lat="38.72098" lon="-9.44190"><ele>98.2</ele></trkpt>
   <trkpt lat="38.72063" lon="-9.44184"><ele>99.2</ele></trkpt>
   <trkpt lat="38.72058" lon="-9.44183"><ele>99.4</ele></trkpt>
   <trkpt lat="38.72025" lon="-9.44174"><ele>99.8</ele></trkpt>
   <trkpt lat="38.71995" lon="-9.44163"><ele>100.2</ele></trkpt>
   <trkpt lat="38.71963" lon="-9.44155"><ele>101.4</ele></trkpt>
   <trkpt lat="38.71928" lon="-9.44146"><ele>101.4</ele></trkpt>
   <trkpt lat="38.71922" lon="-9.44144"><ele>101.4</ele></trkpt>
   <trkpt lat="38.71896" lon="-9.44146"><ele>101.0</ele></trkpt>
   <trkpt lat="38.71868" lon="-9.44133"><ele>100.4</ele></trkpt>
   <trkpt lat="38.71860" lon="-9.44130"><ele>100.2</ele></trkpt>
   <trkpt lat="38.71827" lon="-9.44122"><ele>99.0</ele></trkpt>
   <trkpt lat="38.71792" lon="-9.44112"><ele>97.4</ele></trkpt>
   <trkpt lat="38.71764" lon="-9.44105"><ele>96.4</ele></trkpt>
   <trkpt lat="38.71737" lon="-9.44093"><ele>95.4</ele></trkpt>
   <trkpt lat="38.71707" lon="-9.44069"><ele>93.6</ele></trkpt>
   <trkpt lat="38.71683" lon="-9.44038"><ele>92.2</ele></trkpt>
   <trkpt lat="38.71661" lon="-9.44008"><ele>91.0</ele></trkpt>
   <trkpt lat="38.71642" lon="-9.43991"><ele>90.2</ele></trkpt>
   <trkpt lat="38.71621" lon="-9.43985"><ele>89.6</ele></trkpt>
   <trkpt lat="38.71596" lon="-9.43966"><ele>88.2</ele></trkpt>
   <trkpt lat="38.71565" lon="-9.43947"><ele>87.2</ele></trkpt>
   <trkpt lat="38.71537" lon="-9.43932"><ele>87.0</ele></trkpt>
   <trkpt lat="38.71510" lon="-9.43918"><ele>87.4</ele></trkpt>
   <trkpt lat="38.71483" lon="-9.43904"><ele>87.4</ele></trkpt>
   <trkpt lat="38.71455" lon="-9.43889"><ele>87.2</ele></trkpt>
   <trkpt lat="38.71427" lon="-9.43875"><ele>86.6</ele></trkpt>
   <trkpt lat="38.71399" lon="-9.43859"><ele>86.0</ele></trkpt>
   <trkpt lat="38.71367" lon="-9.43843"><ele>84.8</ele></trkpt>
   <trkpt lat="38.71334" lon="-9.43826"><ele>83.8</ele></trkpt>
   <trkpt lat="38.71307" lon="-9.43811"><ele>83.6</ele></trkpt>
   <trkpt lat="38.71274" lon="-9.43793"><ele>83.2</ele></trkpt>
   <trkpt lat="38.71243" lon="-9.43777"><ele>83.0</ele></trkpt>
   <trkpt lat="38.71211" lon="-9.43760"><ele>82.8</ele></trkpt>
   <trkpt lat="38.71180" lon="-9.43744"><ele>82.0</ele></trkpt>
   <trkpt lat="38.71154" lon="-9.43722"><ele>82.0</ele></trkpt>
   <trkpt lat="38.71128" lon="-9.43700"><ele>82.4</ele></trkpt>
   <trkpt lat="38.71103" lon="-9.43677"><ele>83.0</ele></trkpt>
   <trkpt lat="38.71078" lon="-9.43656"><ele>83.2</ele></trkpt>
   <trkpt lat="38.71053" lon="-9.43633"><ele>83.0</ele></trkpt>
   <trkpt lat="38.71030" lon="-9.43613"><ele>83.2</ele></trkpt>
   <trkpt lat="38.71004" lon="-9.43591"><ele>83.6</ele></trkpt>
   <trkpt lat="38.70976" lon="-9.43568"><ele>84.0</ele></trkpt>
   <trkpt lat="38.70948" lon="-9.43543"><ele>84.8</ele></trkpt>
   <trkpt lat="38.70923" lon="-9.43520"><ele>85.2</ele></trkpt>
   <trkpt lat="38.70897" lon="-9.43498"><ele>85.4</ele></trkpt>
   <trkpt lat="38.70869" lon="-9.43475"><ele>84.8</ele></trkpt>
   <trkpt lat="38.70844" lon="-9.43453"><ele>84.2</ele></trkpt>
   <trkpt lat="38.70819" lon="-9.43430"><ele>83.8</ele></trkpt>
   <trkpt lat="38.70790" lon="-9.43405"><ele>83.2</ele></trkpt>
   <trkpt lat="38.70765" lon="-9.43387"><ele>82.6</ele></trkpt>
   <trkpt lat="38.70739" lon="-9.43363"><ele>82.0</ele></trkpt>
   <trkpt lat="38.70711" lon="-9.43336"><ele>80.8</ele></trkpt>
   <trkpt lat="38.70682" lon="-9.43318"><ele>80.2</ele></trkpt>
   <trkpt lat="38.70660" lon="-9.43292"><ele>80.0</ele></trkpt>
   <trkpt lat="38.70629" lon="-9.43269"><ele>79.6</ele></trkpt>
   <trkpt lat="38.70603" lon="-9.43247"><ele>80.2</ele></trkpt>
   <trkpt lat="38.70575" lon="-9.43224"><ele>80.8</ele></trkpt>
   <trkpt lat="38.70549" lon="-9.43202"><ele>81.6</ele></trkpt>
   <trkpt lat="38.70544" lon="-9.43198"><ele>81.8</ele></trkpt>
   <trkpt lat="38.70522" lon="-9.43170"><ele>82.8</ele></trkpt>
   <trkpt lat="38.70502" lon="-9.43140"><ele>82.8</ele></trkpt>
   <trkpt lat="38.70486" lon="-9.43124"><ele>82.8</ele></trkpt>
   <trkpt lat="38.70457" lon="-9.43115"><ele>82.0</ele></trkpt>
   <trkpt lat="38.70426" lon="-9.43111"><ele>80.4</ele></trkpt>
   <trkpt lat="38.70392" lon="-9.43108"><ele>79.2</ele></trkpt>
   <trkpt lat="38.70361" lon="-9.43106"><ele>76.6</ele></trkpt>
   <trkpt lat="38.70333" lon="-9.43103"><ele>75.6</ele></trkpt>
   <trkpt lat="38.70300" lon="-9.43097"><ele>73.8</ele></trkpt>
   <trkpt lat="38.70292" lon="-9.43095"><ele>73.2</ele></trkpt>
   <trkpt lat="38.70261" lon="-9.43081"><ele>71.2</ele></trkpt>
   <trkpt lat="38.70232" lon="-9.43060"><ele>69.8</ele></trkpt>
   <trkpt lat="38.70205" lon="-9.43036"><ele>68.4</ele></trkpt>
   <trkpt lat="38.70193" lon="-9.43026"><ele>67.6</ele></trkpt>
   <trkpt lat="38.70161" lon="-9.43029"><ele>66.0</ele></trkpt>
   <trkpt lat="38.70151" lon="-9.43023"><ele>65.2</ele></trkpt>
   <trkpt lat="38.70140" lon="-9.42986"><ele>62.6</ele></trkpt>
   <trkpt lat="38.70130" lon="-9.42947"><ele>62.2</ele></trkpt>
   <trkpt lat="38.70115" lon="-9.42910"><ele>61.2</ele></trkpt>
   <trkpt lat="38.70105" lon="-9.42878"><ele>60.6</ele></trkpt>
   <trkpt lat="38.70089" lon="-9.42839"><ele>59.8</ele></trkpt>
   <trkpt lat="38.70073" lon="-9.42803"><ele>59.6</ele></trkpt>
   <trkpt lat="38.70058" lon="-9.42770"><ele>59.4</ele></trkpt>
   <trkpt lat="38.70044" lon="-9.42737"><ele>59.0</ele></trkpt>
   <trkpt lat="38.70041" lon="-9.42729"><ele>59.0</ele></trkpt>
   <trkpt lat="38.70021" lon="-9.42702"><ele>58.6</ele></trkpt>
   <trkpt lat="38.70010" lon="-9.42690"><ele>58.2</ele></trkpt>
   <trkpt lat="38.69979" lon="-9.42671"><ele>57.2</ele></trkpt>
   <trkpt lat="38.69968" lon="-9.42666"><ele>56.8</ele></trkpt>
   <trkpt lat="38.69965" lon="-9.42653"><ele>56.0</ele></trkpt>
   <trkpt lat="38.69990" lon="-9.42628"><ele>55.0</ele></trkpt>
   <trkpt lat="38.70014" lon="-9.42598"><ele>55.4</ele></trkpt>
   <trkpt lat="38.70029" lon="-9.42579"><ele>56.0</ele></trkpt>
   <trkpt lat="38.70049" lon="-9.42548"><ele>56.2</ele></trkpt>
   <trkpt lat="38.70059" lon="-9.42526"><ele>56.0</ele></trkpt>
   <trkpt lat="38.70083" lon="-9.42499"><ele>55.2</ele></trkpt>
   <trkpt lat="38.70087" lon="-9.42493"><ele>55.0</ele></trkpt>
   <trkpt lat="38.70104" lon="-9.42460"><ele>54.4</ele></trkpt>
   <trkpt lat="38.70108" lon="-9.42451"><ele>53.8</ele></trkpt>
   <trkpt lat="38.70119" lon="-9.42420"><ele>53.2</ele></trkpt>
   <trkpt lat="38.70130" lon="-9.42382"><ele>51.6</ele></trkpt>
   <trkpt lat="38.70137" lon="-9.42340"><ele>49.6</ele></trkpt>
   <trkpt lat="38.70139" lon="-9.42325"><ele>49.2</ele></trkpt>
   <trkpt lat="38.70140" lon="-9.42280"><ele>46.4</ele></trkpt>
   <trkpt lat="38.70140" lon="-9.42265"><ele>45.2</ele></trkpt>
   <trkpt lat="38.70136" lon="-9.42234"><ele>43.6</ele></trkpt>
   <trkpt lat="38.70131" lon="-9.42203"><ele>42.0</ele></trkpt>
   <trkpt lat="38.70126" lon="-9.42177"><ele>40.2</ele></trkpt>
   <trkpt lat="38.70128" lon="-9.42153"><ele>39.4</ele></trkpt>
   <trkpt lat="38.70143" lon="-9.42125"><ele>37.4</ele></trkpt>
   <trkpt lat="38.70158" lon="-9.42110"><ele>36.0</ele></trkpt>
   <trkpt lat="38.70183" lon="-9.42092"><ele>33.6</ele></trkpt>
   <trkpt lat="38.70212" lon="-9.42072"><ele>31.8</ele></trkpt>
   <trkpt lat="38.70217" lon="-9.42066"><ele>31.8</ele></trkpt>
   <trkpt lat="38.70218" lon="-9.42050"><ele>31.6</ele></trkpt>
   <trkpt lat="38.70206" lon="-9.42014"><ele>31.8</ele></trkpt>
   <trkpt lat="38.70192" lon="-9.41987"><ele>32.0</ele></trkpt>
   <trkpt lat="38.70184" lon="-9.41981"><ele>32.2</ele></trkpt>
   <trkpt lat="38.70169" lon="-9.41993"><ele>32.4</ele></trkpt>
   <trkpt lat="38.70161" lon="-9.42012"><ele>32.4</ele></trkpt>
   <trkpt lat="38.70136" lon="-9.42028"><ele>32.4</ele></trkpt>
   <trkpt lat="38.70113" lon="-9.42062"><ele>32.8</ele></trkpt>
   <trkpt lat="38.70096" lon="-9.42081"><ele>32.8</ele></trkpt>
   <trkpt lat="38.70094" lon="-9.42096"><ele>33.0</ele></trkpt>
   <trkpt lat="38.70069" lon="-9.42071"><ele>32.4</ele></trkpt>
   <trkpt lat="38.70040" lon="-9.42045"><ele>31.4</ele></trkpt>
   <trkpt lat="38.70034" lon="-9.42033"><ele>31.0</ele></trkpt>
   <trkpt lat="38.70035" lon="-9.42023"><ele>31.0</ele></trkpt>
   <trkpt lat="38.70041" lon="-9.42014"><ele>30.8</ele></trkpt>
   <trkpt lat="38.70066" lon="-9.42001"><ele>30.6</ele></trkpt>
   <trkpt lat="38.70078" lon="-9.41988"><ele>31.0</ele></trkpt>
   <trkpt lat="38.70091" lon="-9.41960"><ele>32.0</ele></trkpt>
   <trkpt lat="38.70091" lon="-9.41946"><ele>32.8</ele></trkpt>
   <trkpt lat="38.70103" lon="-9.41908"><ele>33.4</ele></trkpt>
   <trkpt lat="38.70099" lon="-9.41896"><ele>33.6</ele></trkpt>
   <trkpt lat="38.70065" lon="-9.41886"><ele>35.0</ele></trkpt>
   <trkpt lat="38.70052" lon="-9.41882"><ele>35.0</ele></trkpt>
   <trkpt lat="38.70049" lon="-9.41876"><ele>34.8</ele></trkpt>
   <trkpt lat="38.70054" lon="-9.41864"><ele>35.0</ele></trkpt>
   <trkpt lat="38.70052" lon="-9.41851"><ele>35.0</ele></trkpt>
   <trkpt lat="38.70045" lon="-9.41838"><ele>35.2</ele></trkpt>
  </trkseg>
 </trk>
</gpx>
