<?xml version="1.0" encoding="UTF-8"?>
<gpx version="1.1" creator="Wind Cycling" xmlns="http://www.topografix.com/GPX/1/1">
 <trk>
  <name>Lisboa-Alverca</name>
  <trkseg>
   <trkpt lat="38.73595" lon="-9.13696"><ele>101.2</ele></trkpt>
   <trkpt lat="38.73610" lon="-9.13700"><ele>105.4</ele></trkpt>
   <trkpt lat="38.73637" lon="-9.13675"><ele>105.2</ele></trkpt>
   <trkpt lat="38.73657" lon="-9.13659"><ele>105.2</ele></trkpt>
   <trkpt lat="38.73685" lon="-9.13645"><ele>105.2</ele></trkpt>
   <trkpt lat="38.73704" lon="-9.13640"><ele>105.4</ele></trkpt>
   <trkpt lat="38.73738" lon="-9.13645"><ele>105.4</ele></trkpt>
   <trkpt lat="38.73770" lon="-9.13649"><ele>105.8</ele></trkpt>
   <trkpt lat="38.73803" lon="-9.13656"><ele>106.4</ele></trkpt>
   <trkpt lat="38.73834" lon="-9.13667"><ele>106.0</ele></trkpt>
   <trkpt lat="38.73852" lon="-9.13672"><ele>105.0</ele></trkpt>
   <trkpt lat="38.73860" lon="-9.13687"><ele>104.4</ele></trkpt>
   <trkpt lat="38.73894" lon="-9.13695"><ele>103.6</ele></trkpt>
   <trkpt lat="38.73927" lon="-9.13701"><ele>103.0</ele></trkpt>
   <trkpt lat="38.73959" lon="-9.13711"><ele>101.6</ele></trkpt>
   <trkpt lat="38.73982" lon="-9.13679"><ele>100.6</ele></trkpt>
   <trkpt lat="38.73991" lon="-9.13667"><ele>100.4</ele></trkpt>
   <trkpt lat="38.74012" lon="-9.13665"><ele>100.2</ele></trkpt>
   <trkpt lat="38.74043" lon="-9.13685"><ele>100.4</ele></trkpt>
   <trkpt lat="38.74071" lon="-9.13702"><ele>100.8</ele></trkpt>
   <trkpt lat="38.74092" lon="-9.13714"><ele>101.2</ele></trkpt>
   <trkpt lat="38.74121" lon="-9.13740"><ele>101.4</ele></trkpt>
   <trkpt lat="38.74149" lon="-9.13762"><ele>102.0</ele></trkpt>
   <trkpt lat="38.74154" lon="-9.13769"><ele>102.2</ele></trkpt>
   <trkpt lat="38.74184" lon="-9.13789"><ele>102.8</ele></trkpt>
   <trkpt lat="38.74197" lon="-9.13799"><ele>103.0</ele></trkpt>
   <trkpt lat="38.74231" lon="-9.13812"><ele>103.6</ele></trkpt>
   <trkpt lat="38.74250" lon="-9.13819"><ele>104.0</ele></trkpt>
   <trkpt lat="38.74282" lon="-9.13839"><ele>104.8</ele></trkpt>
   <trkpt lat="38.74313" lon="-9.13856"><ele>105.4</ele></trkpt>
   <trkpt lat="38.74342" lon="-9.13873"><ele>105.8</ele></trkpt>
   <trkpt lat="38.74374" lon="-9.13891"><ele>105.8</ele></trkpt>
   <trkpt lat="38.74406" lon="-9.13906"><ele>106.0</ele></trkpt>
   <trkpt lat="38.74437" lon="-9.13922"><ele>106.2</ele></trkpt>
   <trkpt lat="38.74469" lon="-9.13941"><ele>106.8</ele></trkpt>
   <trkpt lat="38.74476" lon="-9.13946"><ele>106.8</ele></trkpt>
   <trkpt lat="38.74506" lon="-9.13961"><ele>106.6</ele></trkpt>
   <trkpt lat="38.74537" lon="-9.13973"><ele>106.6</ele></trkpt>
   <trkpt lat="38.74569" lon="-9.13989"><ele>106.8</ele></trkpt>
   <trkpt lat="38.74601" lon="-9.14005"><ele>106.8</ele></trkpt>
   <trkpt lat="38.74628" lon="-9.14017"><ele>107.0</ele></trkpt>
   <trkpt lat="38.74657" lon="-9.14036"><ele>107.4</ele></trkpt>
   <trkpt lat="38.74666" lon="-9.14044"><ele>107.4</ele></trkpt>
   <trkpt lat="38.74685" lon="-9.14046"><ele>107.4</ele></trkpt>
   <trkpt lat="38.74714" lon="-9.14066"><ele>107.8</ele></trkpt>
   <trkpt lat="38.74722" lon="-9.14072"><ele>108.0</ele></trkpt>
   <trkpt lat="38.74754" lon="-9.14090"><ele>109.0</ele></trkpt>
   <trkpt lat="38.74784" lon="-9.14105"><ele>110.2</ele></trkpt>
   <trkpt lat="38.74815" lon="-9.14122"><ele>111.0</ele></trkpt>
   <trkpt lat="38.74824" lon="-9.14127"><ele>111.2</ele></trkpt>
   <trkpt lat="38.74856" lon="-9.14142"><ele>112.0</ele></trkpt>
   <trkpt lat="38.74886" lon="-9.14154"><ele>112.6</ele></trkpt>
   <trkpt lat="38.74916" lon="-9.14166"><ele>112.8</ele></trkpt>
   <trkpt lat="38.74947" lon="-9.14184"><ele>113.2</ele></trkpt>
   <trkpt lat="38.74977" lon="-9.14197"><ele>113.2</ele></trkpt>
   <trkpt lat="38.74996" lon="-9.14204"><ele>112.8</ele></trkpt>
   <trkpt lat="38.75023" lon="-9.14222"><ele>112.4</ele></trkpt>
   <trkpt lat="38.75052" lon="-9.14240"><ele>112.0</ele></trkpt>
   <trkpt lat="38.75080" lon="-9.14258"><ele>111.6</ele></trkpt>
   <trkpt lat="38.75112" lon="-9.14278"><ele>110.0</ele></trkpt>
   <trkpt lat="38.75144" lon="-9.14297"><ele>108.6</ele></trkpt>
   <trkpt lat="38.75171" lon="-9.14312"><ele>108.2</ele></trkpt>
   <trkpt lat="38.75196" lon="-9.14328"><ele>107.8</ele></trkpt>
   <trkpt lat="38.75227" lon="-9.14343"><ele>107.2</ele></trkpt>
   <trkpt lat="38.75245" lon="-9.14352"><ele>106.6</ele></trkpt>
   <trkpt lat="38.75276" lon="-9.14363"><ele>105.4</ele></trkpt>
   <trkpt lat="38.75309" lon="-9.14372"><ele>104.0</ele></trkpt>
   <trkpt lat="38.75320" lon="-9.14377"><ele>103.8</ele></trkpt>
   <trkpt lat="38.75348" lon="-9.14398"><ele>104.0</ele></trkpt>
   <trkpt lat="38.75378" lon="-9.14422"><ele>104.4</ele></trkpt>
   <trkpt lat="38.75398" lon="-9.14435"><ele>104.4</ele></trkpt>
   <trkpt lat="38.75428" lon="-9.14450"><ele>104.8</ele></trkpt>
   <trkpt lat="38.75461" lon="-9.14467"><ele>105.8</ele></trkpt>
   <trkpt lat="38.75465" lon="-9.14469"><ele>106.0</ele></trkpt>
   <trkpt lat="38.75496" lon="-9.14488"><ele>107.2</ele></trkpt>
   <trkpt lat="38.75517" lon="-9.14503"><ele>108.0</ele></trkpt>
   <trkpt lat="38.75550" lon="-9.14520"><ele>109.0</ele></trkpt>
   <trkpt lat="38.75581" lon="-9.14536"><ele>109.2</ele></trkpt>
   <trkpt lat="38.75612" lon="-9.14552"><ele>110.2</ele></trkpt>
   <trkpt lat="38.75642" lon="-9.14566"><ele>110.4</ele></trkpt>
   <trkpt lat="38.75653" lon="-9.14570"><ele>110.4</ele></trkpt>
   <trkpt lat="38.75662" lon="-9.14570"><ele>110.4</ele></trkpt>
   <trkpt lat="38.75675" lon="-9.14550"><ele>110.4</ele></trkpt>
   <trkpt lat="38.75687" lon="-9.14514"><ele>110.8</ele></trkpt>
   <trkpt lat="38.75700" lon="-9.14478"><ele>110.8</ele></trkpt>
   <trkpt lat="38.75713" lon="-9.14441"><ele>111.2</ele></trkpt>
   <trkpt lat="38.75725" lon="-9.14404"><ele>111.4</ele></trkpt>
   <trkpt lat="38.75729" lon="-9.14392"><ele>111.6</ele></trkpt>
   <trkpt lat="38.75739" lon="-9.14352"><ele>111.6</ele></trkpt>
   <trkpt lat="38.75741" lon="-9.14339"><ele>111.6</ele></trkpt>
   <trkpt lat="38.75754" lon="-9.14300"><ele>111.6</ele></trkpt>
   <trkpt lat="38.75767" lon="-9.14262"><ele>112.0</ele></trkpt>
   <trkpt lat="38.75771" lon="-9.14249"><ele>112.2</ele></trkpt>
   <trkpt lat="38.75795" lon="-9.14216"><ele>112.4</ele></trkpt>
   <trkpt lat="38.75809" lon="-9.14177"><ele>112.6</ele></trkpt>
   <trkpt lat="38.75821" lon="-9.14138"><ele>113.0</ele></trkpt>
   <trkpt lat="38.75834" lon="-9.14101"><ele>113.4</ele></trkpt>
   <trkpt lat="38.75846" lon="-9.14062"><ele>113.8</ele></trkpt>
   <trkpt lat="38.75858" lon="-9.14028"><ele>113.8</ele></trkpt>
   <trkpt lat="38.75868" lon="-9.13988"><ele>114.4</ele></trkpt>
   <trkpt lat="38.75880" lon="-9.13950"><ele>114.8</ele></trkpt>
   <trkpt lat="38.75893" lon="-9.13912"><ele>115.4</ele></trkpt>
   <trkpt lat="38.75904" lon="-9.13877"><ele>116.0</ele></trkpt>
   <trkpt lat="38.75905" lon="-9.13862"><ele>116.2</ele></trkpt>
   <trkpt lat="38.75900" lon="-9.13851"><ele>116.6</ele></trkpt>
   <trkpt lat="38.75906" lon="-9.13827"><ele>117.6</ele></trkpt>
   <trkpt lat="38.75923" lon="-9.13789"><ele>119.2</ele></trkpt>
   <trkpt lat="38.75926" lon="-9.13786"><ele>119.2</ele></trkpt>
   <trkpt lat="38.75934" lon="-9.13754"><ele>120.0</ele></trkpt>
   <trkpt lat="38.75933" lon="-9.13717"><ele>121.2</ele></trkpt>
   <trkpt lat="38.75948" lon="-9.13677"><ele>123.8</ele></trkpt>
   <trkpt lat="38.75953" lon="-9.13665"><ele>124.4</ele></trkpt>
   <trkpt lat="38.75964" lon="-9.13623"><ele>124.4</ele></trkpt>
   <trkpt lat="38.75967" lon="-9.13608"><ele>124.6</ele></trkpt>
   <trkpt lat="38.75982" lon="-9.13568"><ele>125.2</ele></trkpt>
   <trkpt lat="38.75997" lon="-9.13527"><ele>126.2</ele></trkpt>
   <trkpt lat="38.76009" lon="-9.13490"><ele>126.2</ele></trkpt>
   <trkpt lat="38.76018" lon="-9.13467"><ele>126.0</ele></trkpt>
   <trkpt lat="38.76030" lon="-9.13424"><ele>126.0</ele></trkpt>
   <trkpt lat="38.76044" lon="-9.13383"><ele>125.8</ele></trkpt>
   <trkpt lat="38.76056" lon="-9.13345"><ele>125.4</ele></trkpt>
   <trkpt lat="38.76067" lon="-9.13311"><ele>124.4</ele></trkpt>
   <trkpt lat="38.76079" lon="-9.13273"><ele>123.6</ele></trkpt>
   <trkpt lat="38.76091" lon="-9.13234"><ele>122.2</ele></trkpt>
   <trkpt lat="38.76097" lon="-9.13215"><ele>121.2</ele></trkpt>
   <trkpt lat="38.76113" lon="-9.13177"><ele>120.6</ele></trkpt>
   <trkpt lat="38.76129" lon="-9.13142"><ele>119.8</ele></trkpt>
   <trkpt lat="38.76139" lon="-9.13125"><ele>119.4</ele></trkpt>
   <trkpt lat="38.76159" lon="-9.13095"><ele>118.0</ele></trkpt>
   <trkpt lat="38.76185" lon="-9.13066"><ele>115.2</ele></trkpt>
   <trkpt lat="38.76208" lon="-9.13033"><ele>112.8</ele></trkpt>
   <trkpt lat="38.76198" lon="-9.13035"><ele>113.8</ele></trkpt>
   <trkpt lat="38.76190" lon="-9.13014"><ele>114.8</ele></trkpt>
   <trkpt lat="38.76185" lon="-9.12973"><ele>116.4</ele></trkpt>
   <trkpt lat="38.76183" lon="-9.12965"><ele>117.0</ele></trkpt>
   <trkpt lat="38.76184" lon="-9.12920"><ele>117.4</ele></trkpt>
   <trkpt lat="38.76183" lon="-9.12898"><ele>117.0</ele></trkpt>
   <trkpt lat="38.76162" lon="-9.12861"><ele>115.6</ele></trkpt>
   <trkpt lat="38.76158" lon="-9.12842"><ele>115.4</ele></trkpt>
   <trkpt lat="38.76167" lon="-9.12801"><ele>116.0</ele></trkpt>
   <trkpt lat="38.76168" lon="-9.12796"><ele>116.0</ele></trkpt>
   <trkpt lat="38.76188" lon="-9.12758"><ele>118.8</ele></trkpt>
   <trkpt lat="38.76197" lon="-9.12737"><ele>119.8</ele></trkpt>
   <trkpt lat="38.76201" lon="-9.12696"><ele>121.4</ele></trkpt>
   <trkpt lat="38.76198" lon="-9.12684"><ele>121.4</ele></trkpt>
   <trkpt lat="38.76178" lon="-9.12657"><ele>121.8</ele></trkpt>
   <trkpt lat="38.76167" lon="-9.12650"><ele>122.0</ele></trkpt>
   <trkpt lat="38.76132" lon="-9.12642"><ele>124.2</ele></trkpt>
   <trkpt lat="38.76103" lon="-9.12635"><ele>125.8</ele></trkpt>
   <trkpt lat="38.76078" lon="-9.12617"><ele>127.6</ele></trkpt>
   <trkpt lat="38.76070" lon="-9.12603"><ele>128.2</ele></trkpt>
   <trkpt lat="38.76072" lon="-9.12572"><ele>129.4</ele></trkpt>
   <trkpt lat="38.76092" lon="-9.12553"><ele>131.4</ele></trkpt>
   <trkpt lat="38.76107" lon="-9.12527"><ele>132.6</ele></trkpt>
   <trkpt lat="38.76116" lon="-9.12483"><ele>133.2</ele></trkpt>
   <trkpt lat="38.76118" lon="-9.12475"><ele>133.4</ele></trkpt>
   <trkpt lat="38.76124" lon="-9.12435"><ele>133.0</ele></trkpt>
   <trkpt lat="38.76129" lon="-9.12399"><ele>132.6</ele></trkpt>
   <trkpt lat="38.76130" lon="-9.12356"><ele>132.2</ele></trkpt>
   <trkpt lat="38.76130" lon="-9.12331"><ele>132.0</ele></trkpt>
   <trkpt lat="38.76123" lon="-9.12290"><ele>131.2</ele></trkpt>
   <trkpt lat="38.76119" lon="-9.12270"><ele>131.0</ele></trkpt>
   <trkpt lat="38.76103" lon="-9.12232"><ele>130.6</ele></trkpt>
   <trkpt lat="38.76097" lon="-9.12218"><ele>130.4</ele></trkpt>
   <trkpt lat="38.76074" lon="-9.12183"><ele>129.8</ele></trkpt>
   <trkpt lat="38.76072" lon="-9.12176"><ele>129.6</ele></trkpt>
   <trkpt lat="38.76082" lon="-9.12147"><ele>129.0</ele></trkpt>
   <trkpt lat="38.76102" lon="-9.12144"><ele>128.4</ele></trkpt>
   <trkpt lat="38.76104" lon="-9.12139"><ele>128.2</ele></trkpt>
   <trkpt lat="38.76080" lon="-9.12105"><ele>126.6</ele></trkpt>
   <trkpt lat="38.76076" lon="-9.12070"><ele>126.0</ele></trkpt>
   <trkpt lat="38.76084" lon="-9.12046"><ele>125.6</ele></trkpt>
   <trkpt lat="38.76106" lon="-9.12026"><ele>124.4</ele></trkpt>
   <trkpt lat="38.76109" lon="-9.12018"><ele>124.2</ele></trkpt>
   <trkpt lat="38.76094" lon="-9.11978"><ele>123.2</ele></trkpt>
   <trkpt lat="38.76082" lon="-9.11939"><ele>122.4</ele></trkpt>
   <trkpt lat="38.76070" lon="-9.11900"><ele>121.6</ele></trkpt>
   <trkpt lat="38.76059" lon="-9.11866"><ele>120.4</ele></trkpt>
   <trkpt lat="38.76047" lon="-9.11830"><ele>118.4</ele></trkpt>
   <trkpt lat="38.76035" lon="-9.11792"><ele>117.4</ele></trkpt>
   <trkpt lat="38.76022" lon="-9.11752"><ele>116.4</ele></trkpt>
   <trkpt lat="38.76018" lon="-9.11742"><ele>116.0</ele></trkpt>
   <trkpt lat="38.76007" lon="-9.11701"><ele>114.6</ele></trkpt>
   <trkpt lat="38.75995" lon="-9.11661"><ele>113.2</ele></trkpt>
   <trkpt lat="38.75983" lon="-9.11622"><ele>112.6</ele></trkpt>
   <trkpt lat="38.75972" lon="-9.11583"><ele>111.0</ele></trkpt>
   <trkpt lat="38.75961" lon="-9.11545"><ele>109.8</ele></trkpt>
   <trkpt lat="38.75949" lon="-9.11506"><ele>107.8</ele></trkpt>
   <trkpt lat="38.75937" lon="-9.11467"><ele>106.6</ele></trkpt>
   <trkpt lat="38.75925" lon="-9.11428"><ele>105.6</ele></trkpt>
   <trkpt lat="38.75912" lon="-9.11389"><ele>104.6</ele></trkpt>
   <trkpt lat="38.75902" lon="-9.11345"><ele>103.0</ele></trkpt>
   <trkpt lat="38.75889" lon="-9.11303"><ele>102.2</ele></trkpt>
   <trkpt lat="38.75877" lon="-9.11263"><ele>100.6</ele></trkpt>
   <trkpt lat="38.75870" lon="-9.11245"><ele>99.6</ele></trkpt>
   <trkpt lat="38.75864" lon="-9.11209"><ele>97.4</ele></trkpt>
   <trkpt lat="38.75851" lon="-9.11170"><ele>95.8</ele></trkpt>
   <trkpt lat="38.75849" lon="-9.11162"><ele>95.4</ele></trkpt>
   <trkpt lat="38.75850" lon="-9.11142"><ele>94.0</ele></trkpt>
   <trkpt lat="38.75833" lon="-9.11111"><ele>93.4</ele></trkpt>
   <trkpt lat="38.75827" lon="-9.11097"><ele>93.0</ele></trkpt>
   <trkpt lat="38.75814" lon="-9.11055"><ele>92.2</ele></trkpt>
   <trkpt lat="38.75803" lon="-9.11020"><ele>91.2</ele></trkpt>
   <trkpt lat="38.75789" lon="-9.10984"><ele>90.6</ele></trkpt>
   <trkpt lat="38.75783" lon="-9.10966"><ele>90.0</ele></trkpt>
   <trkpt lat="38.75772" lon="-9.10927"><ele>88.8</ele></trkpt>
   <trkpt lat="38.75762" lon="-9.10888"><ele>87.4</ele></trkpt>
   <trkpt lat="38.75754" lon="-9.10853"><ele>86.2</ele></trkpt>
   <trkpt lat="38.75741" lon="-9.10820"><ele>84.8</ele></trkpt>
   <trkpt lat="38.75735" lon="-9.10802"><ele>83.4</ele></trkpt>
   <trkpt lat="38.75725" lon="-9.10768"><ele>82.8</ele></trkpt>
   <trkpt lat="38.75713" lon="-9.10726"><ele>81.4</ele></trkpt>
   <trkpt lat="38.75700" lon="-9.10684"><ele>80.2</ele></trkpt>
   <trkpt lat="38.75688" lon="-9.10642"><ele>79.2</ele></trkpt>
   <trkpt lat="38.75675" lon="-9.10600"><ele>77.8</ele></trkpt>
   <trkpt lat="38.75662" lon="-9.10558"><ele>76.8</ele></trkpt>
   <trkpt lat="38.75650" lon="-9.10516"><ele>75.8</ele></trkpt>
   <trkpt lat="38.75639" lon="-9.10482"><ele>74.4</ele></trkpt>
   <trkpt lat="38.75629" lon="-9.10442"><ele>73.2</ele></trkpt>
   <trkpt lat="38.75618" lon="-9.10404"><ele>72.2</ele></trkpt>
   <trkpt lat="38.75607" lon="-9.10368"><ele>71.0</ele></trkpt>
   <trkpt lat="38.75600" lon="-9.10337"><ele>69.4</ele></trkpt>
   <trkpt lat="38.75589" lon="-9.10310"><ele>67.8</ele></trkpt>
   <trkpt lat="38.75590" lon="-9.10284"><ele>67.6</ele></trkpt>
   <trkpt lat="38.75572" lon="-9.10250"><ele>67.2</ele></trkpt>
   <trkpt lat="38.75559" lon="-9.10215"><ele>66.4</ele></trkpt>
   <trkpt lat="38.75548" lon="-9.10177"><ele>65.4</ele></trkpt>
   <trkpt lat="38.75536" lon="-9.10136"><ele>64.2</ele></trkpt>
   <trkpt lat="38.75523" lon="-9.10094"><ele>61.8</ele></trkpt>
   <trkpt lat="38.75514" lon="-9.10056"><ele>60.4</ele></trkpt>
   <trkpt lat="38.75503" lon="-9.10018"><ele>59.4</ele></trkpt>
   <trkpt lat="38.75501" lon="-9.10000"><ele>58.8</ele></trkpt>
   <trkpt lat="38.75505" lon="-9.09986"><ele>57.6</ele></trkpt>
   <trkpt lat="38.75531" lon="-9.09959"><ele>55.2</ele></trkpt>
   <trkpt lat="38.75541" lon="-9.09946"><ele>54.4</ele></trkpt>
   <trkpt lat="38.75571" lon="-9.09922"><ele>52.2</ele></trkpt>
   <trkpt lat="38.75589" lon="-9.09908"><ele>50.0</ele></trkpt>
   <trkpt lat="38.75597" lon="-9.09896"><ele>49.2</ele></trkpt>
   <trkpt lat="38.75581" lon="-9.09862"><ele>47.2</ele></trkpt>
   <trkpt lat="38.75564" lon="-9.09826"><ele>45.6</ele></trkpt>
   <trkpt lat="38.75545" lon="-9.09788"><ele>43.8</ele></trkpt>
   <trkpt lat="38.75529" lon="-9.09751"><ele>41.4</ele></trkpt>
   <trkpt lat="38.75519" lon="-9.09731"><ele>39.2</ele></trkpt>
   <trkpt lat="38.75510" lon="-9.09705"><ele>37.0</ele></trkpt>
   <trkpt lat="38.75511" lon="-9.09694"><ele>36.4</ele></trkpt>
   <trkpt lat="38.75544" lon="-9.09694"><ele>34.0</ele></trkpt>
   <trkpt lat="38.75567" lon="-9.09695"><ele>33.8</ele></trkpt>
   <trkpt lat="38.75600" lon="-9.09689"><ele>33.6</ele></trkpt>
   <trkpt lat="38.75635" lon="-9.09684"><ele>33.6</ele></trkpt>
   <trkpt lat="38.75666" lon="-9.09679"><ele>33.6</ele></trkpt>
   <trkpt lat="38.75688" lon="-9.09675"><ele>33.6</ele></trkpt>
   <trkpt lat="38.75720" lon="-9.09666"><ele>33.2</ele></trkpt>
   <trkpt lat="38.75730" lon="-9.09663"><ele>33.2</ele></trkpt>
   <trkpt lat="38.75749" lon="-9.09666"><ele>33.2</ele></trkpt>
   <trkpt lat="38.75765" lon="-9.09662"><ele>33.2</ele></trkpt>
   <trkpt lat="38.75791" lon="-9.09651"><ele>33.0</ele></trkpt>
   <trkpt lat="38.75794" lon="-9.09631"><ele>32.6</ele></trkpt>
   <trkpt lat="38.75825" lon="-9.09625"><ele>32.6</ele></trkpt>
   <trkpt lat="38.75846" lon="-9.09601"><ele>32.8</ele></trkpt>
   <trkpt lat="38.75862" lon="-9.09591"><ele>33.0</ele></trkpt>
   <trkpt lat="38.75880" lon="-9.09601"><ele>32.8</ele></trkpt>
   <trkpt lat="38.75900" lon="-9.09628"><ele>32.6</ele></trkpt>
   <trkpt lat="38.75912" lon="-9.09631"><ele>32.6</ele></trkpt>
   <trkpt lat="38.75946" lon="-9.09627"><ele>32.6</ele></trkpt>
   <trkpt lat="38.75979" lon="-9.09623"><ele>32.6</ele></trkpt>
   <trkpt lat="38.76012" lon="-9.09620"><ele>32.6</ele></trkpt>
   <trkpt lat="38.76046" lon="-9.09617"><ele>32.2</ele></trkpt>
   <trkpt lat="38.76080" lon="-9.09613"><ele>31.6</ele></trkpt>
   <trkpt lat="38.76111" lon="-9.09611"><ele>31.4</ele></trkpt>
   <trkpt lat="38.76141" lon="-9.09609"><ele>31.2</ele></trkpt>
   <trkpt lat="38.76161" lon="-9.09603"><ele>30.4</ele></trkpt>
   <trkpt lat="38.76196" lon="-9.09611"><ele>29.8</ele></trkpt>
   <trkpt lat="38.76205" lon="-9.09611"><ele>30.0</ele></trkpt>
   <trkpt lat="38.76237" lon="-9.09606"><ele>30.0</ele></trkpt>
   <trkpt lat="38.76266" lon="-9.09604"><ele>30.2</ele></trkpt>
   <trkpt lat="38.76299" lon="-9.09602"><ele>30.0</ele></trkpt>
   <trkpt lat="38.76334" lon="-9.09598"><ele>30.0</ele></trkpt>
   <trkpt lat="38.76369" lon="-9.09595"><ele>29.8</ele></trkpt>
   <trkpt lat="38.76399" lon="-9.09592"><ele>29.8</ele></trkpt>
   <trkpt lat="38.76430" lon="-9.09590"><ele>30.0</ele></trkpt>
   <trkpt lat="38.76462" lon="-9.09586"><ele>30.2</ele></trkpt>
   <trkpt lat="38.76496" lon="-9.09584"><ele>30.2</ele></trkpt>
   <trkpt lat="38.76523" lon="-9.09580"><ele>30.0</ele></trkpt>
   <trkpt lat="38.76558" lon="-9.09578"><ele>30.0</ele></trkpt>
   <trkpt lat="38.76592" lon="-9.09576"><ele>30.0</ele></trkpt>
   <trkpt lat="38.76622" lon="-9.09573"><ele>30.0</ele></trkpt>
   <trkpt lat="38.76652" lon="-9.09571"><ele>30.0</ele></trkpt>
   <trkpt lat="38.76683" lon="-9.09568"><ele>29.8</ele></trkpt>
   <trkpt lat="38.76718" lon="-9.09565"><ele>29.8</ele></trkpt>
   <trkpt lat="38.76752" lon="-9.09563"><ele>30.0</ele></trkpt>
   <trkpt lat="38.76786" lon="-9.09560"><ele>30.2</ele></trkpt>
   <trkpt lat="38.76816" lon="-9.09558"><ele>30.0</ele></trkpt>
   <trkpt lat="38.76846" lon="-9.09556"><ele>30.0</ele></trkpt>
   <trkpt lat="38.76876" lon="-9.09553"><ele>30.0</ele></trkpt>
   <trkpt lat="38.76911" lon="-9.09549"><ele>30.2</ele></trkpt>
   <trkpt lat="38.76946" lon="-9.09547"><ele>30.4</ele></trkpt>
   <trkpt lat="38.76951" lon="-9.09547"><ele>30.4</ele></trkpt>
   <trkpt lat="38.76982" lon="-9.09542"><ele>30.6</ele></trkpt>
   <trkpt lat="38.77014" lon="-9.09540"><ele>30.8</ele></trkpt>
   <trkpt lat="38.77044" lon="-9.09536"><ele>31.0</ele></trkpt>
   <trkpt lat="38.77074" lon="-9.09532"><ele>31.2</ele></trkpt>
   <trkpt lat="38.77109" lon="-9.09529"><ele>31.8</ele></trkpt>
   <trkpt lat="38.77125" lon="-9.09527"><ele>31.8</ele></trkpt>
   <trkpt lat="38.77158" lon="-9.09526"><ele>32.0</ele></trkpt>
   <trkpt lat="38.77191" lon="-9.09524"><ele>32.4</ele></trkpt>
   <trkpt lat="38.77225" lon="-9.09520"><ele>32.6</ele></trkpt>
   <trkpt lat="38.77260" lon="-9.09516"><ele>32.8</ele></trkpt>
   <trkpt lat="38.77295" lon="-9.09514"><ele>33.6</ele></trkpt>
   <trkpt lat="38.77325" lon="-9.09512"><ele>33.6</ele></trkpt>
   <trkpt lat="38.77355" lon="-9.09511"><ele>34.0</ele></trkpt>
   <trkpt lat="38.77390" lon="-9.09509"><ele>34.2</ele></trkpt>
   <trkpt lat="38.77424" lon="-9.09508"><ele>34.4</ele></trkpt>
   <trkpt lat="38.77459" lon="-9.09504"><ele>34.4</ele></trkpt>
   <trkpt lat="38.77465" lon="-9.09504"><ele>34.4</ele></trkpt>
   <trkpt lat="38.77488" lon="-9.09489"><ele>34.2</ele></trkpt>
   <trkpt lat="38.77520" lon="-9.09504"><ele>34.4</ele></trkpt>
   <trkpt lat="38.77537" lon="-9.09509"><ele>34.4</ele></trkpt>
   <trkpt lat="38.77569" lon="-9.09507"><ele>34.6</ele></trkpt>
   <trkpt lat="38.77601" lon="-9.09505"><ele>34.4</ele></trkpt>
   <trkpt lat="38.77634" lon="-9.09502"><ele>34.2</ele></trkpt>
   <trkpt lat="38.77667" lon="-9.09499"><ele>34.0</ele></trkpt>
   <trkpt lat="38.77701" lon="-9.09496"><ele>34.0</ele></trkpt>
   <trkpt lat="38.77732" lon="-9.09493"><ele>34.0</ele></trkpt>
   <trkpt lat="38.77764" lon="-9.09491"><ele>34.0</ele></trkpt>
   <trkpt lat="38.77777" lon="-9.09491"><ele>34.0</ele></trkpt>
   <trkpt lat="38.77809" lon="-9.09497"><ele>34.0</ele></trkpt>
   <trkpt lat="38.77815" lon="-9.09499"><ele>34.2</ele></trkpt>
   <trkpt lat="38.77845" lon="-9.09514"><ele>34.4</ele></trkpt>
   <trkpt lat="38.77851" lon="-9.09516"><ele>34.4</ele></trkpt>
   <trkpt lat="38.77880" lon="-9.09533"><ele>34.6</ele></trkpt>
   <trkpt lat="38.77909" lon="-9.09552"><ele>35.0</ele></trkpt>
   <trkpt lat="38.77938" lon="-9.09569"><ele>35.2</ele></trkpt>
   <trkpt lat="38.77967" lon="-9.09585"><ele>35.4</ele></trkpt>
   <trkpt lat="38.77996" lon="-9.09600"><ele>35.4</ele></trkpt>
   <trkpt lat="38.78027" lon="-9.09619"><ele>35.2</ele></trkpt>
   <trkpt lat="38.78058" lon="-9.09636"><ele>35.2</ele></trkpt>
   <trkpt lat="38.78088" lon="-9.09654"><ele>35.2</ele></trkpt>
   <trkpt lat="38.78119" lon="-9.09672"><ele>35.4</ele></trkpt>
   <trkpt lat="38.78134" lon="-9.09683"><ele>35.6</ele></trkpt>
   <trkpt lat="38.78166" lon="-9.09680"><ele>35.4</ele></trkpt>
   <trkpt lat="38.78172" lon="-9.09682"><ele>35.2</ele></trkpt>
   <trkpt lat="38.78194" lon="-9.09708"><ele>35.0</ele></trkpt>
   <trkpt lat="38.78213" lon="-9.09727"><ele>35.0</ele></trkpt>
   <trkpt lat="38.78241" lon="-9.09743"><ele>35.2</ele></trkpt>
   <trkpt lat="38.78268" lon="-9.09759"><ele>35.6</ele></trkpt>
   <trkpt lat="38.78296" lon="-9.09776"><ele>35.4</ele></trkpt>
   <trkpt lat="38.78324" lon="-9.09793"><ele>35.0</ele></trkpt>
   <trkpt lat="38.78353" lon="-9.09810"><ele>34.6</ele></trkpt>
   <trkpt lat="38.78381" lon="-9.09827"><ele>34.4</ele></trkpt>
   <trkpt lat="38.78410" lon="-9.09844"><ele>34.8</ele></trkpt>
   <trkpt lat="38.78441" lon="-9.09863"><ele>35.2</ele></trkpt>
   <trkpt lat="38.78473" lon="-9.09883"><ele>35.6</ele></trkpt>
   <trkpt lat="38.78495" lon="-9.09893"><ele>35.6</ele></trkpt>
   <trkpt lat="38.78525" lon="-9.09912"><ele>35.6</ele></trkpt>
   <trkpt lat="38.78555" lon="-9.09933"><ele>35.2</ele></trkpt>
   <trkpt lat="38.78563" lon="-9.09938"><ele>35.2</ele></trkpt>
   <trkpt lat="38.78585" lon="-9.09937"><ele>35.2</ele></trkpt>
   <trkpt lat="38.78616" lon="-9.09956"><ele>35.2</ele></trkpt>
   <trkpt lat="38.78635" lon="-9.09964"><ele>35.4</ele></trkpt>
   <trkpt lat="38.78650" lon="-9.09981"><ele>35.4</ele></trkpt>
   <trkpt lat="38.78683" lon="-9.09989"><ele>35.6</ele></trkpt>
   <trkpt lat="38.78712" lon="-9.09994"><ele>35.6</ele></trkpt>
   <trkpt lat="38.78743" lon="-9.09998"><ele>35.6</ele></trkpt>
   <trkpt lat="38.78774" lon="-9.09999"><ele>35.2</ele></trkpt>
   <trkpt lat="38.78793" lon="-9.10000"><ele>35.2</ele></trkpt>
   <trkpt lat="38.78826" lon="-9.10000"><ele>34.8</ele></trkpt>
   <trkpt lat="38.78858" lon="-9.09998"><ele>34.8</ele></trkpt>
   <trkpt lat="38.78864" lon="-9.09998"><ele>34.6</ele></trkpt>
   <trkpt lat="38.78897" lon="-9.09994"><ele>34.4</ele></trkpt>
   <trkpt lat="38.78930" lon="-9.09991"><ele>34.2</ele></trkpt>
   <trkpt lat="38.78963" lon="-9.09987"><ele>34.0</ele></trkpt>
   <trkpt lat="38.78983" lon="-9.09984"><ele>34.0</ele></trkpt>
   <trkpt lat="38.79015" lon="-9.09975"><ele>34.2</ele></trkpt>
   <trkpt lat="38.79048" lon="-9.09967"><ele>34.0</ele></trkpt>
   <trkpt lat="38.79080" lon="-9.09959"><ele>33.6</ele></trkpt>
   <trkpt lat="38.79110" lon="-9.09952"><ele>33.6</ele></trkpt>
   <trkpt lat="38.79142" lon="-9.09946"><ele>33.4</ele></trkpt>
   <trkpt lat="38.79174" lon="-9.09940"><ele>33.4</ele></trkpt>
   <trkpt lat="38.79206" lon="-9.09934"><ele>33.2</ele></trkpt>
   <trkpt lat="38.79237" lon="-9.09926"><ele>33.0</ele></trkpt>
   <trkpt lat="38.79270" lon="-9.09919"><ele>33.0</ele></trkpt>
   <trkpt lat="38.79302" lon="-9.09911"><ele>33.0</ele></trkpt>
   <trkpt lat="38.79334" lon="-9.09905"><ele>33.0</ele></trkpt>
   <trkpt lat="38.79366" lon="-9.09896"><ele>32.6</ele></trkpt>
   <trkpt lat="38.79398" lon="-9.09890"><ele>32.4</ele></trkpt>
   <trkpt lat="38.79429" lon="-9.09882"><ele>32.2</ele></trkpt>
   <trkpt lat="38.79464" lon="-9.09874"><ele>32.0</ele></trkpt>
   <trkpt lat="38.79482" lon="-9.09870"><ele>31.8</ele></trkpt>
   <trkpt lat="38.79516" lon="-9.09859"><ele>31.6</ele></trkpt>
   <trkpt lat="38.79541" lon="-9.09848"><ele>31.4</ele></trkpt>
   <trkpt lat="38.79548" lon="-9.09839"><ele>31.2</ele></trkpt>
   <trkpt lat="38.79552" lon="-9.09813"><ele>30.8</ele></trkpt>
   <trkpt lat="38.79561" lon="-9.09806"><ele>30.6</ele></trkpt>
   <trkpt lat="38.79572" lon="-9.09807"><ele>30.6</ele></trkpt>
   <trkpt lat="38.79584" lon="-9.09819"><ele>30.6</ele></trkpt>
   <trkpt lat="38.79591" lon="-9.09817"><ele>30.4</ele></trkpt>
   <trkpt lat="38.79599" lon="-9.09780"><ele>30.0</ele></trkpt>
   <trkpt lat="38.79604" lon="-9.09736"><ele>30.0</ele></trkpt>
   <trkpt lat="38.79607" lon="-9.09695"><ele>29.6</ele></trkpt>
   <trkpt lat="38.79612" lon="-9.09652"><ele>29.4</ele></trkpt>
   <trkpt lat="38.79614" lon="-9.09637"><ele>29.6</ele></trkpt>
   <trkpt lat="38.79613" lon="-9.09596"><ele>29.6</ele></trkpt>
   <trkpt lat="38.79612" lon="-9.09555"><ele>29.6</ele></trkpt>
   <trkpt lat="38.79610" lon="-9.09513"><ele>29.4</ele></trkpt>
   <trkpt lat="38.79607" lon="-9.09469"><ele>29.4</ele></trkpt>
   <trkpt lat="38.79606" lon="-9.09428"><ele>29.4</ele></trkpt>
   <trkpt lat="38.79604" lon="-9.09387"><ele>29.6</ele></trkpt>
   <trkpt lat="38.79601" lon="-9.09344"><ele>30.2</ele></trkpt>
   <trkpt lat="38.79600" lon="-9.09307"><ele>31.4</ele></trkpt>
   <trkpt lat="38.79624" lon="-9.09294"><ele>33.2</ele></trkpt>
   <trkpt lat="38.79657" lon="-9.09285"><ele>34.6</ele></trkpt>
   <trkpt lat="38.79689" lon="-9.09279"><ele>35.0</ele></trkpt>
   <trkpt lat="38.79720" lon="-9.09270"><ele>35.0</ele></trkpt>
   <trkpt lat="38.79753" lon="-9.09261"><ele>33.8</ele></trkpt>
   <trkpt lat="38.79782" lon="-9.09250"><ele>31.6</ele></trkpt>
   <trkpt lat="38.79787" lon="-9.09207"><ele>30.0</ele></trkpt>
   <trkpt lat="38.79787" lon="-9.09168"><ele>29.6</ele></trkpt>
   <trkpt lat="38.79791" lon="-9.09152"><ele>29.8</ele></trkpt>
   <trkpt lat="38.79807" lon="-9.09119"><ele>29.8</ele></trkpt>
   <trkpt lat="38.79811" lon="-9.09113"><ele>29.8</ele></trkpt>
   <trkpt lat="38.79838" lon="-9.09094"><ele>30.2</ele></trkpt>
   <trkpt lat="38.79869" lon="-9.09091"><ele>30.6</ele></trkpt>
   <trkpt lat="38.79898" lon="-9.09092"><ele>31.0</ele></trkpt>
   <trkpt lat="38.79927" lon="-9.09091"><ele>30.8</ele></trkpt>
   <trkpt lat="38.79940" lon="-9.09090"><ele>30.8</ele></trkpt>
   <trkpt lat="38.79971" lon="-9.09084"><ele>30.4</ele></trkpt>
   <trkpt lat="38.79977" lon="-9.09083"><ele>30.4</ele></trkpt>
   <trkpt lat="38.80007" lon="-9.09071"><ele>30.4</ele></trkpt>
   <trkpt lat="38.80041" lon="-9.09061"><ele>30.6</ele></trkpt>
   <trkpt lat="38.80052" lon="-9.09057"><ele>30.6</ele></trkpt>
   <trkpt lat="38.80082" lon="-9.09054"><ele>31.6</ele></trkpt>
   <trkpt lat="38.80104" lon="-9.09056"><ele>32.2</ele></trkpt>
   <trkpt lat="38.80136" lon="-9.09066"><ele>32.2</ele></trkpt>
   <trkpt lat="38.80168" lon="-9.09078"><ele>31.4</ele></trkpt>
   <trkpt lat="38.80181" lon="-9.09081"><ele>31.0</ele></trkpt>
   <trkpt lat="38.80211" lon="-9.09084"><ele>30.4</ele></trkpt>
   <trkpt lat="38.80239" lon="-9.09082"><ele>30.6</ele></trkpt>
   <trkpt lat="38.80273" lon="-9.09072"><ele>30.8</ele></trkpt>
   <trkpt lat="38.80290" lon="-9.09064"><ele>30.8</ele></trkpt>
   <trkpt lat="38.80316" lon="-9.09041"><ele>30.4</ele></trkpt>
   <trkpt lat="38.80339" lon="-9.09016"><ele>30.6</ele></trkpt>
   <trkpt lat="38.80347" lon="-9.09006"><ele>30.6</ele></trkpt>
   <trkpt lat="38.80367" lon="-9.08997"><ele>30.8</ele></trkpt>
   <trkpt lat="38.80377" lon="-9.08996"><ele>30.8</ele></trkpt>
   <trkpt lat="38.80398" lon="-9.09005"><ele>31.4</ele></trkpt>
   <trkpt lat="38.80419" lon="-9.09023"><ele>31.6</ele></trkpt>
   <trkpt lat="38.80443" lon="-9.09035"><ele>31.4</ele></trkpt>
   <trkpt lat="38.80474" lon="-9.09036"><ele>30.8</ele></trkpt>
   <trkpt lat="38.80492" lon="-9.09030"><ele>30.8</ele></trkpt>
   <trkpt lat="38.80523" lon="-9.09009"><ele>30.6</ele></trkpt>
   <trkpt lat="38.80529" lon="-9.09006"><ele>30.6</ele></trkpt>
   <trkpt lat="38.80562" lon="-9.08995"><ele>30.6</ele></trkpt>
   <trkpt lat="38.80596" lon="-9.08986"><ele>30.4</ele></trkpt>
   <trkpt lat="38.80618" lon="-9.08978"><ele>30.2</ele></trkpt>
   <trkpt lat="38.80651" lon="-9.08960"><ele>30.0</ele></trkpt>
   <trkpt lat="38.80678" lon="-9.08941"><ele>30.0</ele></trkpt>
   <trkpt lat="38.80693" lon="-9.08932"><ele>30.0</ele></trkpt>
   <trkpt lat="38.80725" lon="-9.08921"><ele>30.6</ele></trkpt>
   <trkpt lat="38.80757" lon="-9.08916"><ele>31.8</ele></trkpt>
   <trkpt lat="38.80768" lon="-9.08916"><ele>32.0</ele></trkpt>
   <trkpt lat="38.80800" lon="-9.08921"><ele>31.8</ele></trkpt>
   <trkpt lat="38.80831" lon="-9.08928"><ele>31.4</ele></trkpt>
   <trkpt lat="38.80844" lon="-9.08928"><ele>31.2</ele></trkpt>
   <trkpt lat="38.80868" lon="-9.08922"><ele>30.6</ele></trkpt>
   <trkpt lat="38.80894" lon="-9.08904"><ele>30.2</ele></trkpt>
   <trkpt lat="38.80905" lon="-9.08898"><ele>30.2</ele></trkpt>
   <trkpt lat="38.80929" lon="-9.08890"><ele>30.0</ele></trkpt>
   <trkpt lat="38.80963" lon="-9.08884"><ele>29.8</ele></trkpt>
   <trkpt lat="38.80996" lon="-9.08887"><ele>29.8</ele></trkpt>
   <trkpt lat="38.81013" lon="-9.08886"><ele>30.0</ele></trkpt>
   <trkpt lat="38.81043" lon="-9.08872"><ele>30.0</ele></trkpt>
   <trkpt lat="38.81072" lon="-9.08858"><ele>30.0</ele></trkpt>
   <trkpt lat="38.81089" lon="-9.08851"><ele>30.0</ele></trkpt>
   <trkpt lat="38.81119" lon="-9.08851"><ele>30.0</ele></trkpt>
   <trkpt lat="38.81153" lon="-9.08844"><ele>30.0</ele></trkpt>
   <trkpt lat="38.81185" lon="-9.08828"><ele>30.0</ele></trkpt>
   <trkpt lat="38.81215" lon="-9.08808"><ele>30.2</ele></trkpt>
   <trkpt lat="38.81249" lon="-9.08804"><ele>31.0</ele></trkpt>
   <trkpt lat="38.81279" lon="-9.08813"><ele>31.4</ele></trkpt>
   <trkpt lat="38.81310" lon="-9.08812"><ele>31.2</ele></trkpt>
   <trkpt lat="38.81339" lon="-9.08798"><ele>31.0</ele></trkpt>
   <trkpt lat="38.81364" lon="-9.08775"><ele>30.8</ele></trkpt>
   <trkpt lat="38.81380" lon="-9.08766"><ele>30.8</ele></trkpt>
   <trkpt lat="38.81414" lon="-9.08764"><ele>30.6</ele></trkpt>
   <trkpt lat="38.81440" lon="-9.08764"><ele>30.6</ele></trkpt>
   <trkpt lat="38.81470" lon="-9.08756"><ele>30.4</ele></trkpt>
   <trkpt lat="38.81476" lon="-9.08754"><ele>30.4</ele></trkpt>
   <trkpt lat="38.81505" lon="-9.08735"><ele>30.8</ele></trkpt>
   <trkpt lat="38.81532" lon="-9.08712"><ele>31.0</ele></trkpt>
   <trkpt lat="38.81550" lon="-9.08700"><ele>30.8</ele></trkpt>
   <trkpt lat="38.81582" lon="-9.08684"><ele>30.6</ele></trkpt>
   <trkpt lat="38.81603" lon="-9.08675"><ele>31.2</ele></trkpt>
   <trkpt lat="38.81635" lon="-9.08669"><ele>31.6</ele></trkpt>
   <trkpt lat="38.81646" lon="-9.08667"><ele>31.6</ele></trkpt>
   <trkpt lat="38.81676" lon="-9.08668"><ele>31.6</ele></trkpt>
   <trkpt lat="38.81711" lon="-9.08664"><ele>31.4</ele></trkpt>
   <trkpt lat="38.81742" lon="-9.08650"><ele>31.6</ele></trkpt>
   <trkpt lat="38.81763" lon="-9.08640"><ele>31.6</ele></trkpt>
   <trkpt lat="38.81797" lon="-9.08635"><ele>31.6</ele></trkpt>
   <trkpt lat="38.81821" lon="-9.08628"><ele>31.4</ele></trkpt>
   <trkpt lat="38.81850" lon="-9.08611"><ele>31.4</ele></trkpt>
   <trkpt lat="38.81880" lon="-9.08596"><ele>31.4</ele></trkpt>
   <trkpt lat="38.81891" lon="-9.08591"><ele>31.6</ele></trkpt>
   <trkpt lat="38.81922" lon="-9.08584"><ele>31.4</ele></trkpt>
   <trkpt lat="38.81953" lon="-9.08579"><ele>31.0</ele></trkpt>
   <trkpt lat="38.81958" lon="-9.08578"><ele>30.8</ele></trkpt>
   <trkpt lat="38.81981" lon="-9.08568"><ele>30.8</ele></trkpt>
   <trkpt lat="38.82011" lon="-9.08545"><ele>31.2</ele></trkpt>
   <trkpt lat="38.82035" lon="-9.08528"><ele>31.8</ele></trkpt>
   <trkpt lat="38.82068" lon="-9.08522"><ele>32.2</ele></trkpt>
   <trkpt lat="38.82094" lon="-9.08515"><ele>31.8</ele></trkpt>
   <trkpt lat="38.82124" lon="-9.08501"><ele>30.8</ele></trkpt>
   <trkpt lat="38.82136" lon="-9.08495"><ele>31.0</ele></trkpt>
   <trkpt lat="38.82162" lon="-9.08474"><ele>30.8</ele></trkpt>
   <trkpt lat="38.82189" lon="-9.08451"><ele>31.0</ele></trkpt>
   <trkpt lat="38.82194" lon="-9.08447"><ele>31.0</ele></trkpt>
   <trkpt lat="38.82223" lon="-9.08431"><ele>30.8</ele></trkpt>
   <trkpt lat="38.82254" lon="-9.08422"><ele>31.0</ele></trkpt>
   <trkpt lat="38.82288" lon="-9.08413"><ele>31.2</ele></trkpt>
   <trkpt lat="38.82301" lon="-9.08408"><ele>31.6</ele></trkpt>
   <trkpt lat="38.82327" lon="-9.08390"><ele>32.0</ele></trkpt>
   <trkpt lat="38.82349" lon="-9.08366"><ele>32.4</ele></trkpt>
   <trkpt lat="38.82374" lon="-9.08338"><ele>32.4</ele></trkpt>
   <trkpt lat="38.82397" lon="-9.08317"><ele>32.6</ele></trkpt>
   <trkpt lat="38.82431" lon="-9.08307"><ele>33.0</ele></trkpt>
   <trkpt lat="38.82465" lon="-9.08301"><ele>32.8</ele></trkpt>
   <trkpt lat="38.82492" lon="-9.08291"><ele>32.6</ele></trkpt>
   <trkpt lat="38.82517" lon="-9.08278"><ele>32.2</ele></trkpt>
   <trkpt lat="38.82546" lon="-9.08258"><ele>32.4</ele></trkpt>
   <trkpt lat="38.82574" lon="-9.08238"><ele>32.4</ele></trkpt>
   <trkpt lat="38.82603" lon="-9.08216"><ele>32.6</ele></trkpt>
   <trkpt lat="38.82620" lon="-9.08201"><ele>32.2</ele></trkpt>
   <trkpt lat="38.82650" lon="-9.08182"><ele>31.8</ele></trkpt>
   <trkpt lat="38.82678" lon="-9.08165"><ele>31.6</ele></trkpt>
   <trkpt lat="38.82689" lon="-9.08159"><ele>31.4</ele></trkpt>
   <trkpt lat="38.82707" lon="-9.08139"><ele>31.2</ele></trkpt>
   <trkpt lat="38.82722" lon="-9.08104"><ele>31.2</ele></trkpt>
   <trkpt lat="38.82725" lon="-9.08097"><ele>31.2</ele></trkpt>
   <trkpt lat="38.82744" lon="-9.08078"><ele>31.2</ele></trkpt>
   <trkpt lat="38.82764" lon="-9.08067"><ele>31.4</ele></trkpt>
   <trkpt lat="38.82799" lon="-9.08066"><ele>33.0</ele></trkpt>
   <trkpt lat="38.82813" lon="-9.08064"><ele>33.2</ele></trkpt>
   <trkpt lat="38.82833" lon="-9.08053"><ele>34.2</ele></trkpt>
   <trkpt lat="38.82861" lon="-9.08025"><ele>36.2</ele></trkpt>
   <trkpt lat="38.82885" lon="-9.07998"><ele>36.8</ele></trkpt>
   <trkpt lat="38.82899" lon="-9.07984"><ele>36.8</ele></trkpt>
   <trkpt lat="38.82920" lon="-9.07948"><ele>36.4</ele></trkpt>
   <trkpt lat="38.82940" lon="-9.07910"><ele>36.2</ele></trkpt>
   <trkpt lat="38.82945" lon="-9.07904"><ele>35.8</ele></trkpt>
   <trkpt lat="38.82969" lon="-9.07887"><ele>34.6</ele></trkpt>
   <trkpt lat="38.83003" lon="-9.07880"><ele>32.8</ele></trkpt>
   <trkpt lat="38.83034" lon="-9.07870"><ele>32.0</ele></trkpt>
   <trkpt lat="38.83041" lon="-9.07867"><ele>32.0</ele></trkpt>
   <trkpt lat="38.83067" lon="-9.07848"><ele>31.6</ele></trkpt>
   <trkpt lat="38.83078" lon="-9.07839"><ele>31.6</ele></trkpt>
   <trkpt lat="38.83102" lon="-9.07815"><ele>31.2</ele></trkpt>
   <trkpt lat="38.83112" lon="-9.07803"><ele>31.2</ele></trkpt>
   <trkpt lat="38.83131" lon="-9.07767"><ele>31.2</ele></trkpt>
   <trkpt lat="38.83138" lon="-9.07753"><ele>31.2</ele></trkpt>
   <trkpt lat="38.83163" lon="-9.07726"><ele>31.6</ele></trkpt>
   <trkpt lat="38.83172" lon="-9.07717"><ele>31.6</ele></trkpt>
   <trkpt lat="38.83200" lon="-9.07700"><ele>31.4</ele></trkpt>
   <trkpt lat="38.83218" lon="-9.07693"><ele>31.6</ele></trkpt>
   <trkpt lat="38.83249" lon="-9.07691"><ele>31.4</ele></trkpt>
   <trkpt lat="38.83275" lon="-9.07685"><ele>31.2</ele></trkpt>
   <trkpt lat="38.83298" lon="-9.07670"><ele>31.4</ele></trkpt>
   <trkpt lat="38.83325" lon="-9.07641"><ele>31.6</ele></trkpt>
   <trkpt lat="38.83346" lon="-9.07625"><ele>31.6</ele></trkpt>
   <trkpt lat="38.83374" lon="-9.07611"><ele>31.6</ele></trkpt>
   <trkpt lat="38.83381" lon="-9.07608"><ele>31.6</ele></trkpt>
   <trkpt lat="38.83414" lon="-9.07601"><ele>31.6</ele></trkpt>
   <trkpt lat="38.83425" lon="-9.07598"><ele>31.6</ele></trkpt>
   <trkpt lat="38.83456" lon="-9.07582"><ele>31.6</ele></trkpt>
   <trkpt lat="38.83483" lon="-9.07564"><ele>31.2</ele></trkpt>
   <trkpt lat="38.83513" lon="-9.07541"><ele>31.6</ele></trkpt>
   <trkpt lat="38.83533" lon="-9.07525"><ele>31.8</ele></trkpt>
   <trkpt lat="38.83560" lon="-9.07497"><ele>31.6</ele></trkpt>
   <trkpt lat="38.83585" lon="-9.07468"><ele>31.6</ele></trkpt>
   <trkpt lat="38.83589" lon="-9.07464"><ele>31.4</ele></trkpt>
   <trkpt lat="38.83616" lon="-9.07442"><ele>32.0</ele></trkpt>
   <trkpt lat="38.83625" lon="-9.07436"><ele>32.0</ele></trkpt>
   <trkpt lat="38.83654" lon="-9.07424"><ele>32.2</ele></trkpt>
   <trkpt lat="38.83689" lon="-9.07416"><ele>32.4</ele></trkpt>
   <trkpt lat="38.83695" lon="-9.07415"><ele>32.4</ele></trkpt>
   <trkpt lat="38.83730" lon="-9.07419"><ele>32.2</ele></trkpt>
   <trkpt lat="38.83764" lon="-9.07428"><ele>32.0</ele></trkpt>
   <trkpt lat="38.83784" lon="-9.07432"><ele>31.8</ele></trkpt>
   <trkpt lat="38.83818" lon="-9.07431"><ele>31.8</ele></trkpt>
   <trkpt lat="38.83852" lon="-9.07419"><ele>31.2</ele></trkpt>
   <trkpt lat="38.83871" lon="-9.07410"><ele>31.0</ele></trkpt>
   <trkpt lat="38.83898" lon="-9.07387"><ele>30.8</ele></trkpt>
   <trkpt lat="38.83913" lon="-9.07378"><ele>31.0</ele></trkpt>
   <trkpt lat="38.83942" lon="-9.07365"><ele>31.4</ele></trkpt>
   <trkpt lat="38.83972" lon="-9.07355"><ele>31.8</ele></trkpt>
   <trkpt lat="38.83978" lon="-9.07353"><ele>32.0</ele></trkpt>
   <trkpt lat="38.84008" lon="-9.07347"><ele>31.8</ele></trkpt>
   <trkpt lat="38.84039" lon="-9.07342"><ele>31.6</ele></trkpt>
   <trkpt lat="38.84070" lon="-9.07339"><ele>31.6</ele></trkpt>
   <trkpt lat="38.84105" lon="-9.07334"><ele>31.4</ele></trkpt>
   <trkpt lat="38.84114" lon="-9.07334"><ele>31.4</ele></trkpt>
   <trkpt lat="38.84144" lon="-9.07320"><ele>31.4</ele></trkpt>
   <trkpt lat="38.84161" lon="-9.07313"><ele>31.4</ele></trkpt>
   <trkpt lat="38.84191" lon="-9.07317"><ele>32.0</ele></trkpt>
   <trkpt lat="38.84223" lon="-9.07329"><ele>32.0</ele></trkpt>
   <trkpt lat="38.84237" lon="-9.07329"><ele>32.0</ele></trkpt>
   <trkpt lat="38.84270" lon="-9.07316"><ele>31.8</ele></trkpt>
   <trkpt lat="38.84302" lon="-9.07299"><ele>32.0</ele></trkpt>
   <trkpt lat="38.84333" lon="-9.07279"><ele>32.2</ele></trkpt>
   <trkpt lat="38.84345" lon="-9.07271"><ele>32.2</ele></trkpt>
   <trkpt lat="38.84373" lon="-9.07248"><ele>32.2</ele></trkpt>
   <trkpt lat="38.84402" lon="-9.07221"><ele>32.4</ele></trkpt>
   <trkpt lat="38.84420" lon="-9.07222"><ele>32.4</ele></trkpt>
   <trkpt lat="38.84448" lon="-9.07194"><ele>32.0</ele></trkpt>
   <trkpt lat="38.84475" lon="-9.07169"><ele>31.8</ele></trkpt>
   <trkpt lat="38.84502" lon="-9.07144"><ele>31.8</ele></trkpt>
   <trkpt lat="38.84531" lon="-9.07118"><ele>31.8</ele></trkpt>
   <trkpt lat="38.84535" lon="-9.07114"><ele>31.8</ele></trkpt>
   <trkpt lat="38.84562" lon="-9.07094"><ele>31.6</ele></trkpt>
   <trkpt lat="38.84591" lon="-9.07071"><ele>31.4</ele></trkpt>
   <trkpt lat="38.84618" lon="-9.07051"><ele>31.4</ele></trkpt>
   <trkpt lat="38.84644" lon="-9.07030"><ele>31.4</ele></trkpt>
   <trkpt lat="38.84675" lon="-9.07011"><ele>31.6</ele></trkpt>
   <trkpt lat="38.84701" lon="-9.06991"><ele>31.6</ele></trkpt>
   <trkpt lat="38.84728" lon="-9.06971"><ele>31.6</ele></trkpt>
   <trkpt lat="38.84755" lon="-9.06954"><ele>31.6</ele></trkpt>
   <trkpt lat="38.84779" lon="-9.06936"><ele>31.6</ele></trkpt>
   <trkpt lat="38.84793" lon="-9.06927"><ele>31.6</ele></trkpt>
   <trkpt lat="38.84823" lon="-9.06916"><ele>31.4</ele></trkpt>
   <trkpt lat="38.84841" lon="-9.06910"><ele>31.4</ele></trkpt>
   <trkpt lat="38.84865" lon="-9.06883"><ele>31.0</ele></trkpt>
   <trkpt lat="38.84890" lon="-9.06856"><ele>31.0</ele></trkpt>
   <trkpt lat="38.84914" lon="-9.06830"><ele>31.0</ele></trkpt>
   <trkpt lat="38.84940" lon="-9.06805"><ele>31.6</ele></trkpt>
   <trkpt lat="38.84954" lon="-9.06790"><ele>32.2</ele></trkpt>
   <trkpt lat="38.84982" lon="-9.06770"><ele>31.8</ele></trkpt>
   <trkpt lat="38.85009" lon="-9.06749"><ele>31.6</ele></trkpt>
   <trkpt lat="38.85031" lon="-9.06731"><ele>31.6</ele></trkpt>
   <trkpt lat="38.85043" lon="-9.06728"><ele>31.6</ele></trkpt>
   <trkpt lat="38.85061" lon="-9.06741"><ele>31.4</ele></trkpt>
   <trkpt lat="38.85071" lon="-9.06739"><ele>31.4</ele></trkpt>
   <trkpt lat="38.85079" lon="-9.06730"><ele>31.4</ele></trkpt>
   <trkpt lat="38.85089" lon="-9.06703"><ele>31.4</ele></trkpt>
   <trkpt lat="38.85099" lon="-9.06692"><ele>31.4</ele></trkpt>
   <trkpt lat="38.85126" lon="-9.06672"><ele>31.6</ele></trkpt>
   <trkpt lat="38.85156" lon="-9.06648"><ele>32.2</ele></trkpt>
   <trkpt lat="38.85177" lon="-9.06633"><ele>32.4</ele></trkpt>
   <trkpt lat="38.85203" lon="-9.06610"><ele>32.0</ele></trkpt>
   <trkpt lat="38.85223" lon="-9.06591"><ele>32.0</ele></trkpt>
   <trkpt lat="38.85235" lon="-9.06584"><ele>32.0</ele></trkpt>
   <trkpt lat="38.85254" lon="-9.06583"><ele>31.8</ele></trkpt>
   <trkpt lat="38.85271" lon="-9.06571"><ele>31.6</ele></trkpt>
   <trkpt lat="38.85294" lon="-9.06542"><ele>31.4</ele></trkpt>
   <trkpt lat="38.85321" lon="-9.06520"><ele>31.4</ele></trkpt>
   <trkpt lat="38.85347" lon="-9.06498"><ele>31.6</ele></trkpt>
   <trkpt lat="38.85372" lon="-9.06476"><ele>32.0</ele></trkpt>
   <trkpt lat="38.85378" lon="-9.06471"><ele>31.8</ele></trkpt>
   <trkpt lat="38.85403" lon="-9.06438"><ele>31.8</ele></trkpt>
   <trkpt lat="38.85415" lon="-9.06422"><ele>31.8</ele></trkpt>
   <trkpt lat="38.85446" lon="-9.06408"><ele>31.4</ele></trkpt>
   <trkpt lat="38.85456" lon="-9.06403"><ele>31.4</ele></trkpt>
   <trkpt lat="38.85484" lon="-9.06376"><ele>31.2</ele></trkpt>
   <trkpt lat="38.85512" lon="-9.06352"><ele>31.0</ele></trkpt>
   <trkpt lat="38.85526" lon="-9.06340"><ele>31.0</ele></trkpt>
   <trkpt lat="38.85546" lon="-9.06308"><ele>31.2</ele></trkpt>
   <trkpt lat="38.85562" lon="-9.06287"><ele>31.6</ele></trkpt>
   <trkpt lat="38.85587" lon="-9.06263"><ele>31.6</ele></trkpt>
   <trkpt lat="38.85612" lon="-9.06240"><ele>31.8</ele></trkpt>
   <trkpt lat="38.85637" lon="-9.06217"><ele>31.6</ele></trkpt>
   <trkpt lat="38.85662" lon="-9.06193"><ele>31.6</ele></trkpt>
   <trkpt lat="38.85690" lon="-9.06168"><ele>31.8</ele></trkpt>
   <trkpt lat="38.85701" lon="-9.06158"><ele>32.0</ele></trkpt>
   <trkpt lat="38.85723" lon="-9.06128"><ele>32.2</ele></trkpt>
   <trkpt lat="38.85728" lon="-9.06122"><ele>32.0</ele></trkpt>
   <trkpt lat="38.85750" lon="-9.06112"><ele>31.8</ele></trkpt>
   <trkpt lat="38.85776" lon="-9.06081"><ele>31.6</ele></trkpt>
   <trkpt lat="38.85789" lon="-9.06070"><ele>31.2</ele></trkpt>
   <trkpt lat="38.85802" lon="-9.06066"><ele>31.0</ele></trkpt>
   <trkpt lat="38.85822" lon="-9.06101"><ele>31.2</ele></trkpt>
   <trkpt lat="38.85842" lon="-9.06134"><ele>31.8</ele></trkpt>
   <trkpt lat="38.85860" lon="-9.06160"><ele>32.2</ele></trkpt>
   <trkpt lat="38.85879" lon="-9.06169"><ele>32.4</ele></trkpt>
   <trkpt lat="38.85889" lon="-9.06165"><ele>32.6</ele></trkpt>
   <trkpt lat="38.85916" lon="-9.06139"><ele>32.8</ele></trkpt>
   <trkpt lat="38.85944" lon="-9.06115"><ele>32.6</ele></trkpt>
   <trkpt lat="38.85958" lon="-9.06104"><ele>32.8</ele></trkpt>
   <trkpt lat="38.85988" lon="-9.06085"><ele>33.0</ele></trkpt>
   <trkpt lat="38.86017" lon="-9.06069"><ele>33.0</ele></trkpt>
   <trkpt lat="38.86046" lon="-9.06051"><ele>33.2</ele></trkpt>
   <trkpt lat="38.86078" lon="-9.06037"><ele>33.6</ele></trkpt>
   <trkpt lat="38.86099" lon="-9.06024"><ele>34.0</ele></trkpt>
   <trkpt lat="38.86128" lon="-9.06003"><ele>34.6</ele></trkpt>
   <trkpt lat="38.86155" lon="-9.05977"><ele>34.8</ele></trkpt>
   <trkpt lat="38.86181" lon="-9.05959"><ele>35.0</ele></trkpt>
   <trkpt lat="38.86204" lon="-9.05935"><ele>35.2</ele></trkpt>
   <trkpt lat="38.86231" lon="-9.05906"><ele>35.2</ele></trkpt>
   <trkpt lat="38.86240" lon="-9.05897"><ele>35.2</ele></trkpt>
   <trkpt lat="38.86265" lon="-9.05864"><ele>35.0</ele></trkpt>
   <trkpt lat="38.86270" lon="-9.05858"><ele>35.0</ele></trkpt>
   <trkpt lat="38.86283" lon="-9.05821"><ele>35.0</ele></trkpt>
   <trkpt lat="38.86290" lon="-9.05806"><ele>34.8</ele></trkpt>
   <trkpt lat="38.86321" lon="-9.05784"><ele>34.0</ele></trkpt>
   <trkpt lat="38.86333" lon="-9.05774"><ele>33.8</ele></trkpt>
   <trkpt lat="38.86357" lon="-9.05751"><ele>33.0</ele></trkpt>
   <trkpt lat="38.86386" lon="-9.05725"><ele>32.4</ele></trkpt>
   <trkpt lat="38.86411" lon="-9.05696"><ele>32.2</ele></trkpt>
   <trkpt lat="38.86438" lon="-9.05671"><ele>32.2</ele></trkpt>
   <trkpt lat="38.86463" lon="-9.05647"><ele>32.0</ele></trkpt>
   <trkpt lat="38.86469" lon="-9.05641"><ele>32.0</ele></trkpt>
   <trkpt lat="38.86497" lon="-9.05619"><ele>32.4</ele></trkpt>
   <trkpt lat="38.86523" lon="-9.05597"><ele>32.8</ele></trkpt>
   <trkpt lat="38.86543" lon="-9.05581"><ele>33.0</ele></trkpt>
   <trkpt lat="38.86563" lon="-9.05555"><ele>33.4</ele></trkpt>
   <trkpt lat="38.86580" lon="-9.05522"><ele>33.2</ele></trkpt>
   <trkpt lat="38.86587" lon="-9.05498"><ele>32.4</ele></trkpt>
   <trkpt lat="38.86582" lon="-9.05466"><ele>32.0</ele></trkpt>
   <trkpt lat="38.86561" lon="-9.05436"><ele>32.2</ele></trkpt>
   <trkpt lat="38.86541" lon="-9.05403"><ele>32.4</ele></trkpt>
   <trkpt lat="38.86519" lon="-9.05371"><ele>32.2</ele></trkpt>
   <trkpt lat="38.86499" lon="-9.05345"><ele>32.0</ele></trkpt>
   <trkpt lat="38.86468" lon="-9.05325"><ele>31.8</ele></trkpt>
   <trkpt lat="38.86437" lon="-9.05302"><ele>31.8</ele></trkpt>
   <trkpt lat="38.86408" lon="-9.05282"><ele>32.2</ele></trkpt>
   <trkpt lat="38.86376" lon="-9.05262"><ele>32.4</ele></trkpt>
   <trkpt lat="38.86350" lon="-9.05244"><ele>32.2</ele></trkpt>
   <trkpt lat="38.86344" lon="-9.05240"><ele>32.0</ele></trkpt>
   <trkpt lat="38.86312" lon="-9.05222"><ele>31.8</ele></trkpt>
   <trkpt lat="38.86285" lon="-9.05205"><ele>32.0</ele></trkpt>
   <trkpt lat="38.86250" lon="-9.05197"><ele>32.2</ele></trkpt>
   <trkpt lat="38.86219" lon="-9.05177"><ele>32.2</ele></trkpt>
   <trkpt lat="38.86216" lon="-9.05168"><ele>32.2</ele></trkpt>
   <trkpt lat="38.86229" lon="-9.05135"><ele>32.4</ele></trkpt>
   <trkpt lat="38.86254" lon="-9.05114"><ele>32.2</ele></trkpt>
   <trkpt lat="38.86266" lon="-9.05077"><ele>32.0</ele></trkpt>
   <trkpt lat="38.86279" lon="-9.05038"><ele>31.8</ele></trkpt>
   <trkpt lat="38.86284" lon="-9.05024"><ele>31.8</ele></trkpt>
   <trkpt lat="38.86300" lon="-9.04983"><ele>32.0</ele></trkpt>
   <trkpt lat="38.86316" lon="-9.04942"><ele>32.4</ele></trkpt>
   <trkpt lat="38.86331" lon="-9.04903"><ele>32.6</ele></trkpt>
   <trkpt lat="38.86345" lon="-9.04866"><ele>32.6</ele></trkpt>
   <trkpt lat="38.86359" lon="-9.04828"><ele>32.8</ele></trkpt>
   <trkpt lat="38.86375" lon="-9.04790"><ele>32.8</ele></trkpt>
   <trkpt lat="38.86377" lon="-9.04784"><ele>32.8</ele></trkpt>
   <trkpt lat="38.86393" lon="-9.04748"><ele>32.8</ele></trkpt>
   <trkpt lat="38.86409" lon="-9.04712"><ele>32.8</ele></trkpt>
   <trkpt lat="38.86424" lon="-9.04676"><ele>32.8</ele></trkpt>
   <trkpt lat="38.86442" lon="-9.04639"><ele>33.0</ele></trkpt>
   <trkpt lat="38.86458" lon="-9.04604"><ele>33.2</ele></trkpt>
   <trkpt lat="38.86476" lon="-9.04566"><ele>33.2</ele></trkpt>
   <trkpt lat="38.86494" lon="-9.04527"><ele>33.0</ele></trkpt>
   <trkpt lat="38.86512" lon="-9.04494"><ele>33.0</ele></trkpt>
   <trkpt lat="38.86527" lon="-9.04459"><ele>32.8</ele></trkpt>
   <trkpt lat="38.86546" lon="-9.04420"><ele>33.0</ele></trkpt>
   <trkpt lat="38.86549" lon="-9.04413"><ele>32.8</ele></trkpt>
   <trkpt lat="38.86567" lon="-9.04398"><ele>33.0</ele></trkpt>
   <trkpt lat="38.86583" lon="-9.04358"><ele>33.2</ele></trkpt>
   <trkpt lat="38.86600" lon="-9.04321"><ele>33.6</ele></trkpt>
   <trkpt lat="38.86619" lon="-9.04287"><ele>33.4</ele></trkpt>
   <trkpt lat="38.86639" lon="-9.04251"><ele>33.4</ele></trkpt>
   <trkpt lat="38.86661" lon="-9.04215"><ele>33.8</ele></trkpt>
   <trkpt lat="38.86679" lon="-9.04183"><ele>33.4</ele></trkpt>
   <trkpt lat="38.86701" lon="-9.04149"><ele>33.2</ele></trkpt>
   <trkpt lat="38.86704" lon="-9.04143"><ele>33.0</ele></trkpt>
   <trkpt lat="38.86728" lon="-9.04109"><ele>33.2</ele></trkpt>
   <trkpt lat="38.86751" lon="-9.04075"><ele>33.2</ele></trkpt>
   <trkpt lat="38.86768" lon="-9.04051"><ele>33.0</ele></trkpt>
   <trkpt lat="38.86791" lon="-9.04023"><ele>33.0</ele></trkpt>
   <trkpt lat="38.86813" lon="-9.03994"><ele>33.0</ele></trkpt>
   <trkpt lat="38.86836" lon="-9.03965"><ele>33.0</ele></trkpt>
   <trkpt lat="38.86859" lon="-9.03936"><ele>33.0</ele></trkpt>
   <trkpt lat="38.86882" lon="-9.03907"><ele>33.0</ele></trkpt>
   <trkpt lat="38.86907" lon="-9.03879"><ele>33.2</ele></trkpt>
   <trkpt lat="38.86917" lon="-9.03868"><ele>33.2</ele></trkpt>
   <trkpt lat="38.86943" lon="-9.03843"><ele>33.2</ele></trkpt>
   <trkpt lat="38.86971" lon="-9.03819"><ele>33.0</ele></trkpt>
   <trkpt lat="38.86997" lon="-9.03795"><ele>33.0</ele></trkpt>
   <trkpt lat="38.87024" lon="-9.03773"><ele>33.0</ele></trkpt>
   <trkpt lat="38.87050" lon="-9.03750"><ele>33.0</ele></trkpt>
   <trkpt lat="38.87076" lon="-9.03728"><ele>33.0</ele></trkpt>
   <trkpt lat="38.87104" lon="-9.03703"><ele>32.8</ele></trkpt>
   <trkpt lat="38.87115" lon="-9.03694"><ele>32.8</ele></trkpt>
   <trkpt lat="38.87141" lon="-9.03673"><ele>33.4</ele></trkpt>
   <trkpt lat="38.87168" lon="-9.03652"><ele>33.6</ele></trkpt>
   <trkpt lat="38.87190" lon="-9.03636"><ele>33.8</ele></trkpt>
   <trkpt lat="38.87222" lon="-9.03619"><ele>34.0</ele></trkpt>
   <trkpt lat="38.87227" lon="-9.03616"><ele>34.0</ele></trkpt>
   <trkpt lat="38.87232" lon="-9.03611"><ele>34.0</ele></trkpt>
   <trkpt lat="38.87238" lon="-9.03584"><ele>34.2</ele></trkpt>
   <trkpt lat="38.87253" lon="-9.03564"><ele>34.0</ele></trkpt>
   <trkpt lat="38.87278" lon="-9.03537"><ele>33.8</ele></trkpt>
   <trkpt lat="38.87304" lon="-9.03514"><ele>33.8</ele></trkpt>
   <trkpt lat="38.87331" lon="-9.03490"><ele>33.6</ele></trkpt>
   <trkpt lat="38.87358" lon="-9.03466"><ele>33.4</ele></trkpt>
   <trkpt lat="38.87385" lon="-9.03441"><ele>33.4</ele></trkpt>
   <trkpt lat="38.87394" lon="-9.03434"><ele>33.6</ele></trkpt>
   <trkpt lat="38.87404" lon="-9.03433"><ele>33.6</ele></trkpt>
   <trkpt lat="38.87432" lon="-9.03454"><ele>33.6</ele></trkpt>
   <trkpt lat="38.87437" lon="-9.03456"><ele>33.6</ele></trkpt>
   <trkpt lat="38.87468" lon="-9.03458"><ele>34.2</ele></trkpt>
   <trkpt lat="38.87502" lon="-9.03458"><ele>34.2</ele></trkpt>
   <trkpt lat="38.87517" lon="-9.03458"><ele>34.2</ele></trkpt>
   <trkpt lat="38.87534" lon="-9.03448"><ele>34.2</ele></trkpt>
   <trkpt lat="38.87559" lon="-9.03417"><ele>33.8</ele></trkpt>
   <trkpt lat="38.87581" lon="-9.03389"><ele>33.4</ele></trkpt>
   <trkpt lat="38.87605" lon="-9.03362"><ele>33.4</ele></trkpt>
   <trkpt lat="38.87629" lon="-9.03333"><ele>33.8</ele></trkpt>
   <trkpt lat="38.87653" lon="-9.03305"><ele>34.2</ele></trkpt>
   <trkpt lat="38.87677" lon="-9.03276"><ele>34.2</ele></trkpt>
   <trkpt lat="38.87702" lon="-9.03246"><ele>34.0</ele></trkpt>
   <trkpt lat="38.87727" lon="-9.03215"><ele>34.2</ele></trkpt>
   <trkpt lat="38.87752" lon="-9.03185"><ele>34.0</ele></trkpt>
   <trkpt lat="38.87777" lon="-9.03157"><ele>33.6</ele></trkpt>
   <trkpt lat="38.87785" lon="-9.03147"><ele>33.6</ele></trkpt>
   <trkpt lat="38.87812" lon="-9.03120"><ele>33.8</ele></trkpt>
   <trkpt lat="38.87825" lon="-9.03108"><ele>33.8</ele></trkpt>
   <trkpt lat="38.87855" lon="-9.03090"><ele>34.0</ele></trkpt>
   <trkpt lat="38.87869" lon="-9.03070"><ele>34.0</ele></trkpt>
   <trkpt lat="38.87874" lon="-9.03040"><ele>34.0</ele></trkpt>
   <trkpt lat="38.87895" lon="-9.03008"><ele>33.4</ele></trkpt>
   <trkpt lat="38.87902" lon="-9.02999"><ele>33.4</ele></trkpt>
   <trkpt lat="38.87930" lon="-9.02972"><ele>33.4</ele></trkpt>
   <trkpt lat="38.87958" lon="-9.02946"><ele>35.0</ele></trkpt>
   <trkpt lat="38.87985" lon="-9.02919"><ele>34.4</ele></trkpt>
   <trkpt lat="38.88010" lon="-9.02894"><ele>33.8</ele></trkpt>
   <trkpt lat="38.88036" lon="-9.02870"><ele>33.8</ele></trkpt>
   <trkpt lat="38.88063" lon="-9.02844"><ele>33.6</ele></trkpt>
   <trkpt lat="38.88090" lon="-9.02821"><ele>33.4</ele></trkpt>
   <trkpt lat="38.88115" lon="-9.02793"><ele>33.4</ele></trkpt>
   <trkpt lat="38.88144" lon="-9.02766"><ele>33.6</ele></trkpt>
   <trkpt lat="38.88172" lon="-9.02739"><ele>33.6</ele></trkpt>
   <trkpt lat="38.88201" lon="-9.02712"><ele>33.8</ele></trkpt>
   <trkpt lat="38.88229" lon="-9.02685"><ele>33.6</ele></trkpt>
   <trkpt lat="38.88256" lon="-9.02659"><ele>33.6</ele></trkpt>
   <trkpt lat="38.88265" lon="-9.02650"><ele>33.6</ele></trkpt>
   <trkpt lat="38.88294" lon="-9.02625"><ele>34.0</ele></trkpt>
   <trkpt lat="38.88318" lon="-9.02605"><ele>33.8</ele></trkpt>
   <trkpt lat="38.88348" lon="-9.02589"><ele>33.4</ele></trkpt>
   <trkpt lat="38.88357" lon="-9.02582"><ele>33.4</ele></trkpt>
   <trkpt lat="38.88385" lon="-9.02557"><ele>33.6</ele></trkpt>
   <trkpt lat="38.88412" lon="-9.02529"><ele>33.6</ele></trkpt>
   <trkpt lat="38.88439" lon="-9.02504"><ele>33.6</ele></trkpt>
   <trkpt lat="38.88465" lon="-9.02478"><ele>33.8</ele></trkpt>
   <trkpt lat="38.88474" lon="-9.02470"><ele>33.8</ele></trkpt>
   <trkpt lat="38.88487" lon="-9.02448"><ele>33.8</ele></trkpt>
   <trkpt lat="38.88488" lon="-9.02407"><ele>33.8</ele></trkpt>
   <trkpt lat="38.88488" lon="-9.02393"><ele>33.8</ele></trkpt>
   <trkpt lat="38.88492" lon="-9.02374"><ele>33.6</ele></trkpt>
   <trkpt lat="38.88517" lon="-9.02342"><ele>33.6</ele></trkpt>
   <trkpt lat="38.88522" lon="-9.02337"><ele>33.6</ele></trkpt>
   <trkpt lat="38.88547" lon="-9.02323"><ele>33.0</ele></trkpt>
   <trkpt lat="38.88577" lon="-9.02325"><ele>32.6</ele></trkpt>
   <trkpt lat="38.88612" lon="-9.02315"><ele>33.0</ele></trkpt>
   <trkpt lat="38.88623" lon="-9.02312"><ele>33.4</ele></trkpt>
   <trkpt lat="38.88653" lon="-9.02294"><ele>33.8</ele></trkpt>
   <trkpt lat="38.88682" lon="-9.02274"><ele>34.0</ele></trkpt>
   <trkpt lat="38.88712" lon="-9.02255"><ele>33.8</ele></trkpt>
   <trkpt lat="38.88744" lon="-9.02237"><ele>33.8</ele></trkpt>
   <trkpt lat="38.88774" lon="-9.02220"><ele>33.8</ele></trkpt>
   <trkpt lat="38.88789" lon="-9.02210"><ele>33.8</ele></trkpt>
   <trkpt lat="38.88820" lon="-9.02202"><ele>34.0</ele></trkpt>
   <trkpt lat="38.88830" lon="-9.02199"><ele>34.0</ele></trkpt>
   <trkpt lat="38.88839" lon="-9.02192"><ele>34.2</ele></trkpt>
   <trkpt lat="38.88851" lon="-9.02171"><ele>34.2</ele></trkpt>
   <trkpt lat="38.88878" lon="-9.02149"><ele>34.2</ele></trkpt>
   <trkpt lat="38.88887" lon="-9.02142"><ele>34.2</ele></trkpt>
   <trkpt lat="38.88919" lon="-9.02121"><ele>34.4</ele></trkpt>
   <trkpt lat="38.88947" lon="-9.02103"><ele>34.6</ele></trkpt>
   <trkpt lat="38.88979" lon="-9.02083"><ele>34.2</ele></trkpt>
   <trkpt lat="38.89007" lon="-9.02064"><ele>34.2</ele></trkpt>
   <trkpt lat="38.89035" lon="-9.02045"><ele>33.8</ele></trkpt>
   <trkpt lat="38.89064" lon="-9.02026"><ele>33.8</ele></trkpt>
   <trkpt lat="38.89092" lon="-9.02008"><ele>33.8</ele></trkpt>
   <trkpt lat="38.89121" lon="-9.01989"><ele>33.8</ele></trkpt>
   <trkpt lat="38.89134" lon="-9.01980"><ele>33.8</ele></trkpt>
   <trkpt lat="38.89166" lon="-9.01966"><ele>33.8</ele></trkpt>
   <trkpt lat="38.89182" lon="-9.01959"><ele>33.8</ele></trkpt>
   <trkpt lat="38.89214" lon="-9.01953"><ele>33.6</ele></trkpt>
   <trkpt lat="38.89235" lon="-9.01950"><ele>33.8</ele></trkpt>
   <trkpt lat="38.89268" lon="-9.01951"><ele>34.2</ele></trkpt>
   <trkpt lat="38.89295" lon="-9.01933"><ele>34.0</ele></trkpt>
   <trkpt lat="38.89326" lon="-9.01932"><ele>33.8</ele></trkpt>
   <trkpt lat="38.89357" lon="-9.01929"><ele>33.8</ele></trkpt>
   <trkpt lat="38.89388" lon="-9.01926"><ele>33.8</ele></trkpt>
   <trkpt lat="38.89420" lon="-9.01922"><ele>34.0</ele></trkpt>
   <trkpt lat="38.89452" lon="-9.01920"><ele>34.4</ele></trkpt>
   <trkpt lat="38.89469" lon="-9.01919"><ele>34.4</ele></trkpt>
   <trkpt lat="38.89501" lon="-9.01919"><ele>34.8</ele></trkpt>
   <trkpt lat="38.89533" lon="-9.01920"><ele>34.8</ele></trkpt>
   <trkpt lat="38.89549" lon="-9.01923"><ele>34.8</ele></trkpt>
   <trkpt lat="38.89581" lon="-9.01934"><ele>35.0</ele></trkpt>
   <trkpt lat="38.89601" lon="-9.01946"><ele>35.2</ele></trkpt>
   <trkpt lat="38.89610" lon="-9.01964"><ele>35.0</ele></trkpt>
   <trkpt lat="38.89612" lon="-9.01995"><ele>35.2</ele></trkpt>
   <trkpt lat="38.89646" lon="-9.02008"><ele>34.8</ele></trkpt>
   <trkpt lat="38.89658" lon="-9.02013"><ele>34.8</ele></trkpt>
   <trkpt lat="38.89672" lon="-9.02055"><ele>34.2</ele></trkpt>
   <trkpt lat="38.89686" lon="-9.02095"><ele>33.6</ele></trkpt>
   <trkpt lat="38.89714" lon="-9.02079"><ele>33.4</ele></trkpt>
   <trkpt lat="38.89746" lon="-9.02063"><ele>34.6</ele></trkpt>
   <trkpt lat="38.89778" lon="-9.02046"><ele>34.8</ele></trkpt>
   <trkpt lat="38.89808" lon="-9.02030"><ele>34.6</ele></trkpt>
   <trkpt lat="38.89819" lon="-9.02022"><ele>35.0</ele></trkpt>
   <trkpt lat="38.89787" lon="-9.02020"><ele>35.4</ele></trkpt>
   <trkpt lat="38.89752" lon="-9.02014"><ele>35.6</ele></trkpt>
   <trkpt lat="38.89719" lon="-9.02007"><ele>35.4</ele></trkpt>
   <trkpt lat="38.89702" lon="-9.02005"><ele>35.2</ele></trkpt>
   <trkpt lat="38.89667" lon="-9.02008"><ele>35.2</ele></trkpt>
   <trkpt lat="38.89641" lon="-9.02007"><ele>35.2</ele></trkpt>
   <trkpt lat="38.89608" lon="-9.01991"><ele>36.0</ele></trkpt>
   <trkpt lat="38.89607" lon="-9.01964"><ele>36.2</ele></trkpt>
   <trkpt lat="38.89593" lon="-9.01941"><ele>36.4</ele></trkpt>
   <trkpt lat="38.89562" lon="-9.01927"><ele>35.6</ele></trkpt>
   <trkpt lat="38.89545" lon="-9.01921"><ele>35.6</ele></trkpt>
   <trkpt lat="38.89515" lon="-9.01919"><ele>35.8</ele></trkpt>
   <trkpt lat="38.89480" lon="-9.01920"><ele>35.6</ele></trkpt>
   <trkpt lat="38.89455" lon="-9.01920"><ele>35.6</ele></trkpt>
   <trkpt lat="38.89423" lon="-9.01922"><ele>35.8</ele></trkpt>
   <trkpt lat="38.89391" lon="-9.01925"><ele>36.0</ele></trkpt>
   <trkpt lat="38.89357" lon="-9.01929"><ele>36.0</ele></trkpt>
   <trkpt lat="38.89328" lon="-9.01932"><ele>35.8</ele></trkpt>
   <trkpt lat="38.89307" lon="-9.01932"><ele>35.8</ele></trkpt>
   <trkpt lat="38.89287" lon="-9.01937"><ele>35.8</ele></trkpt>
   <trkpt lat="38.89270" lon="-9.01950"><ele>35.8</ele></trkpt>
   <trkpt lat="38.89236" lon="-9.01952"><ele>35.6</ele></trkpt>
   <trkpt lat="38.89209" lon="-9.01954"><ele>35.4</ele></trkpt>
   <trkpt lat="38.89175" lon="-9.01966"><ele>35.6</ele></trkpt>
   <trkpt lat="38.89162" lon="-9.01971"><ele>35.6</ele></trkpt>
   <trkpt lat="38.89131" lon="-9.01987"><ele>35.6</ele></trkpt>
   <trkpt lat="38.89100" lon="-9.02004"><ele>35.6</ele></trkpt>
   <trkpt lat="38.89070" lon="-9.02024"><ele>35.6</ele></trkpt>
   <trkpt lat="38.89040" lon="-9.02044"><ele>35.6</ele></trkpt>
   <trkpt lat="38.89010" lon="-9.02064"><ele>35.8</ele></trkpt>
   <trkpt lat="38.88979" lon="-9.02084"><ele>35.6</ele></trkpt>
   <trkpt lat="38.88954" lon="-9.02101"><ele>35.8</ele></trkpt>
   <trkpt lat="38.88923" lon="-9.02121"><ele>35.6</ele></trkpt>
   <trkpt lat="38.88892" lon="-9.02142"><ele>36.0</ele></trkpt>
   <trkpt lat="38.88868" lon="-9.02157"><ele>36.4</ele></trkpt>
   <trkpt lat="38.88844" lon="-9.02183"><ele>36.6</ele></trkpt>
   <trkpt lat="38.88831" lon="-9.02200"><ele>36.8</ele></trkpt>
   <trkpt lat="38.88800" lon="-9.02207"><ele>36.4</ele></trkpt>
   <trkpt lat="38.88788" lon="-9.02213"><ele>36.0</ele></trkpt>
   <trkpt lat="38.88759" lon="-9.02229"><ele>36.0</ele></trkpt>
   <trkpt lat="38.88731" lon="-9.02247"><ele>36.0</ele></trkpt>
   <trkpt lat="38.88702" lon="-9.02264"><ele>36.6</ele></trkpt>
   <trkpt lat="38.88673" lon="-9.02282"><ele>36.0</ele></trkpt>
   <trkpt lat="38.88644" lon="-9.02300"><ele>36.2</ele></trkpt>
   <trkpt lat="38.88614" lon="-9.02316"><ele>36.4</ele></trkpt>
   <trkpt lat="38.88579" lon="-9.02325"><ele>36.6</ele></trkpt>
   <trkpt lat="38.88547" lon="-9.02325"><ele>36.6</ele></trkpt>
   <trkpt lat="38.88533" lon="-9.02331"><ele>36.6</ele></trkpt>
   <trkpt lat="38.88508" lon="-9.02350"><ele>36.4</ele></trkpt>
   <trkpt lat="38.88491" lon="-9.02375"><ele>36.4</ele></trkpt>
   <trkpt lat="38.88487" lon="-9.02397"><ele>36.4</ele></trkpt>
   <trkpt lat="38.88487" lon="-9.02443"><ele>36.4</ele></trkpt>
   <trkpt lat="38.88475" lon="-9.02469"><ele>36.2</ele></trkpt>
   <trkpt lat="38.88450" lon="-9.02493"><ele>36.0</ele></trkpt>
   <trkpt lat="38.88425" lon="-9.02518"><ele>35.8</ele></trkpt>
   <trkpt lat="38.88400" lon="-9.02542"><ele>36.0</ele></trkpt>
   <trkpt lat="38.88375" lon="-9.02565"><ele>36.0</ele></trkpt>
   <trkpt lat="38.88349" lon="-9.02589"><ele>35.8</ele></trkpt>
   <trkpt lat="38.88321" lon="-9.02606"><ele>35.8</ele></trkpt>
   <trkpt lat="38.88294" lon="-9.02628"><ele>36.0</ele></trkpt>
   <trkpt lat="38.88283" lon="-9.02636"><ele>35.8</ele></trkpt>
   <trkpt lat="38.88258" lon="-9.02660"><ele>35.8</ele></trkpt>
   <trkpt lat="38.88233" lon="-9.02683"><ele>36.0</ele></trkpt>
   <trkpt lat="38.88208" lon="-9.02706"><ele>35.8</ele></trkpt>
   <trkpt lat="38.88183" lon="-9.02730"><ele>35.8</ele></trkpt>
   <trkpt lat="38.88158" lon="-9.02753"><ele>36.2</ele></trkpt>
   <trkpt lat="38.88134" lon="-9.02776"><ele>36.2</ele></trkpt>
   <trkpt lat="38.88110" lon="-9.02799"><ele>36.2</ele></trkpt>
   <trkpt lat="38.88085" lon="-9.02824"><ele>36.2</ele></trkpt>
   <trkpt lat="38.88059" lon="-9.02847"><ele>36.2</ele></trkpt>
   <trkpt lat="38.88034" lon="-9.02871"><ele>36.4</ele></trkpt>
   <trkpt lat="38.88009" lon="-9.02895"><ele>36.4</ele></trkpt>
   <trkpt lat="38.87984" lon="-9.02919"><ele>36.4</ele></trkpt>
   <trkpt lat="38.87959" lon="-9.02943"><ele>36.4</ele></trkpt>
   <trkpt lat="38.87935" lon="-9.02967"><ele>36.2</ele></trkpt>
   <trkpt lat="38.87906" lon="-9.02994"><ele>36.6</ele></trkpt>
   <trkpt lat="38.87897" lon="-9.03003"><ele>36.6</ele></trkpt>
   <trkpt lat="38.87876" lon="-9.03036"><ele>36.6</ele></trkpt>
   <trkpt lat="38.87869" lon="-9.03046"><ele>36.8</ele></trkpt>
   <trkpt lat="38.87865" lon="-9.03077"><ele>37.0</ele></trkpt>
   <trkpt lat="38.87852" lon="-9.03092"><ele>37.2</ele></trkpt>
   <trkpt lat="38.87824" lon="-9.03107"><ele>36.8</ele></trkpt>
   <trkpt lat="38.87819" lon="-9.03111"><ele>36.8</ele></trkpt>
   <trkpt lat="38.87795" lon="-9.03136"><ele>36.2</ele></trkpt>
   <trkpt lat="38.87776" lon="-9.03156"><ele>36.2</ele></trkpt>
   <trkpt lat="38.87754" lon="-9.03183"><ele>36.2</ele></trkpt>
   <trkpt lat="38.87728" lon="-9.03213"><ele>36.2</ele></trkpt>
   <trkpt lat="38.87702" lon="-9.03243"><ele>36.6</ele></trkpt>
   <trkpt lat="38.87677" lon="-9.03275"><ele>37.0</ele></trkpt>
   <trkpt lat="38.87651" lon="-9.03305"><ele>36.6</ele></trkpt>
   <trkpt lat="38.87627" lon="-9.03334"><ele>36.8</ele></trkpt>
   <trkpt lat="38.87603" lon="-9.03363"><ele>37.0</ele></trkpt>
   <trkpt lat="38.87578" lon="-9.03392"><ele>37.2</ele></trkpt>
   <trkpt lat="38.87555" lon="-9.03421"><ele>37.2</ele></trkpt>
   <trkpt lat="38.87531" lon="-9.03450"><ele>36.6</ele></trkpt>
   <trkpt lat="38.87510" lon="-9.03458"><ele>36.4</ele></trkpt>
   <trkpt lat="38.87475" lon="-9.03458"><ele>36.8</ele></trkpt>
   <trkpt lat="38.87440" lon="-9.03457"><ele>36.4</ele></trkpt>
   <trkpt lat="38.87424" lon="-9.03453"><ele>36.4</ele></trkpt>
   <trkpt lat="38.87400" lon="-9.03433"><ele>36.2</ele></trkpt>
   <trkpt lat="38.87392" lon="-9.03435"><ele>36.4</ele></trkpt>
   <trkpt lat="38.87363" lon="-9.03461"><ele>36.0</ele></trkpt>
   <trkpt lat="38.87339" lon="-9.03484"><ele>36.0</ele></trkpt>
   <trkpt lat="38.87313" lon="-9.03507"><ele>36.4</ele></trkpt>
   <trkpt lat="38.87286" lon="-9.03530"><ele>37.0</ele></trkpt>
   <trkpt lat="38.87261" lon="-9.03553"><ele>37.0</ele></trkpt>
   <trkpt lat="38.87239" lon="-9.03580"><ele>37.0</ele></trkpt>
   <trkpt lat="38.87231" lon="-9.03608"><ele>36.8</ele></trkpt>
   <trkpt lat="38.87224" lon="-9.03618"><ele>36.8</ele></trkpt>
   <trkpt lat="38.87193" lon="-9.03637"><ele>36.4</ele></trkpt>
   <trkpt lat="38.87176" lon="-9.03647"><ele>36.4</ele></trkpt>
   <trkpt lat="38.87150" lon="-9.03668"><ele>36.6</ele></trkpt>
   <trkpt lat="38.87123" lon="-9.03689"><ele>36.8</ele></trkpt>
   <trkpt lat="38.87118" lon="-9.03693"><ele>36.8</ele></trkpt>
   <trkpt lat="38.87092" lon="-9.03715"><ele>37.0</ele></trkpt>
   <trkpt lat="38.87068" lon="-9.03738"><ele>37.4</ele></trkpt>
   <trkpt lat="38.87042" lon="-9.03759"><ele>37.4</ele></trkpt>
   <trkpt lat="38.87016" lon="-9.03781"><ele>37.6</ele></trkpt>
   <trkpt lat="38.86991" lon="-9.03802"><ele>37.6</ele></trkpt>
   <trkpt lat="38.86965" lon="-9.03825"><ele>37.8</ele></trkpt>
   <trkpt lat="38.86939" lon="-9.03848"><ele>37.8</ele></trkpt>
   <trkpt lat="38.86924" lon="-9.03863"><ele>38.0</ele></trkpt>
   <trkpt lat="38.86900" lon="-9.03890"><ele>38.2</ele></trkpt>
   <trkpt lat="38.86875" lon="-9.03918"><ele>38.2</ele></trkpt>
   <trkpt lat="38.86851" lon="-9.03946"><ele>38.2</ele></trkpt>
   <trkpt lat="38.86828" lon="-9.03975"><ele>38.4</ele></trkpt>
   <trkpt lat="38.86819" lon="-9.03985"><ele>38.4</ele></trkpt>
   <trkpt lat="38.86797" lon="-9.04015"><ele>37.8</ele></trkpt>
   <trkpt lat="38.86775" lon="-9.04045"><ele>37.4</ele></trkpt>
   <trkpt lat="38.86750" lon="-9.04078"><ele>37.4</ele></trkpt>
   <trkpt lat="38.86727" lon="-9.04110"><ele>37.2</ele></trkpt>
   <trkpt lat="38.86708" lon="-9.04140"><ele>37.0</ele></trkpt>
   <trkpt lat="38.86687" lon="-9.04170"><ele>37.0</ele></trkpt>
   <trkpt lat="38.86677" lon="-9.04186"><ele>37.0</ele></trkpt>
   <trkpt lat="38.86658" lon="-9.04218"><ele>37.0</ele></trkpt>
   <trkpt lat="38.86637" lon="-9.04255"><ele>36.8</ele></trkpt>
   <trkpt lat="38.86617" lon="-9.04290"><ele>36.4</ele></trkpt>
   <trkpt lat="38.86597" lon="-9.04327"><ele>36.2</ele></trkpt>
   <trkpt lat="38.86580" lon="-9.04364"><ele>36.4</ele></trkpt>
   <trkpt lat="38.86563" lon="-9.04402"><ele>36.4</ele></trkpt>
   <trkpt lat="38.86548" lon="-9.04414"><ele>35.8</ele></trkpt>
   <trkpt lat="38.86530" lon="-9.04452"><ele>36.0</ele></trkpt>
   <trkpt lat="38.86512" lon="-9.04491"><ele>35.8</ele></trkpt>
   <trkpt lat="38.86495" lon="-9.04526"><ele>36.2</ele></trkpt>
   <trkpt lat="38.86479" lon="-9.04561"><ele>36.0</ele></trkpt>
   <trkpt lat="38.86462" lon="-9.04596"><ele>36.2</ele></trkpt>
   <trkpt lat="38.86446" lon="-9.04632"><ele>35.8</ele></trkpt>
   <trkpt lat="38.86429" lon="-9.04667"><ele>36.2</ele></trkpt>
   <trkpt lat="38.86413" lon="-9.04702"><ele>36.2</ele></trkpt>
   <trkpt lat="38.86396" lon="-9.04742"><ele>36.0</ele></trkpt>
   <trkpt lat="38.86393" lon="-9.04747"><ele>36.0</ele></trkpt>
   <trkpt lat="38.86379" lon="-9.04783"><ele>36.0</ele></trkpt>
   <trkpt lat="38.86362" lon="-9.04823"><ele>36.0</ele></trkpt>
   <trkpt lat="38.86347" lon="-9.04863"><ele>36.0</ele></trkpt>
   <trkpt lat="38.86334" lon="-9.04898"><ele>36.2</ele></trkpt>
   <trkpt lat="38.86320" lon="-9.04934"><ele>36.4</ele></trkpt>
   <trkpt lat="38.86306" lon="-9.04970"><ele>36.2</ele></trkpt>
   <trkpt lat="38.86292" lon="-9.05007"><ele>35.8</ele></trkpt>
   <trkpt lat="38.86276" lon="-9.05047"><ele>36.2</ele></trkpt>
   <trkpt lat="38.86262" lon="-9.05089"><ele>36.4</ele></trkpt>
   <trkpt lat="38.86255" lon="-9.05114"><ele>36.4</ele></trkpt>
   <trkpt lat="38.86228" lon="-9.05136"><ele>36.4</ele></trkpt>
   <trkpt lat="38.86216" lon="-9.05168"><ele>36.4</ele></trkpt>
   <trkpt lat="38.86219" lon="-9.05178"><ele>36.6</ele></trkpt>
   <trkpt lat="38.86250" lon="-9.05196"><ele>36.8</ele></trkpt>
   <trkpt lat="38.86253" lon="-9.05198"><ele>37.0</ele></trkpt>
   <trkpt lat="38.86283" lon="-9.05202"><ele>37.2</ele></trkpt>
   <trkpt lat="38.86311" lon="-9.05218"><ele>37.2</ele></trkpt>
   <trkpt lat="38.86340" lon="-9.05235"><ele>37.0</ele></trkpt>
   <trkpt lat="38.86353" lon="-9.05242"><ele>37.0</ele></trkpt>
   <trkpt lat="38.86384" lon="-9.05262"><ele>37.0</ele></trkpt>
   <trkpt lat="38.86415" lon="-9.05283"><ele>37.0</ele></trkpt>
   <trkpt lat="38.86441" lon="-9.05301"><ele>37.4</ele></trkpt>
   <trkpt lat="38.86467" lon="-9.05318"><ele>37.4</ele></trkpt>
   <trkpt lat="38.86493" lon="-9.05336"><ele>37.6</ele></trkpt>
   <trkpt lat="38.86499" lon="-9.05341"><ele>37.6</ele></trkpt>
   <trkpt lat="38.86523" lon="-9.05373"><ele>37.2</ele></trkpt>
   <trkpt lat="38.86546" lon="-9.05406"><ele>37.4</ele></trkpt>
   <trkpt lat="38.86567" lon="-9.05438"><ele>37.6</ele></trkpt>
   <trkpt lat="38.86590" lon="-9.05464"><ele>37.8</ele></trkpt>
   <trkpt lat="38.86594" lon="-9.05469"><ele>37.8</ele></trkpt>
   <trkpt lat="38.86597" lon="-9.05482"><ele>37.6</ele></trkpt>
   <trkpt lat="38.86594" lon="-9.05496"><ele>37.4</ele></trkpt>
   <trkpt lat="38.86579" lon="-9.05537"><ele>36.8</ele></trkpt>
   <trkpt lat="38.86561" lon="-9.05569"><ele>37.2</ele></trkpt>
   <trkpt lat="38.86549" lon="-9.05583"><ele>37.4</ele></trkpt>
   <trkpt lat="38.86521" lon="-9.05607"><ele>37.8</ele></trkpt>
   <trkpt lat="38.86495" lon="-9.05629"><ele>37.8</ele></trkpt>
   <trkpt lat="38.86468" lon="-9.05653"><ele>37.2</ele></trkpt>
   <trkpt lat="38.86440" lon="-9.05678"><ele>37.2</ele></trkpt>
   <trkpt lat="38.86412" lon="-9.05706"><ele>37.0</ele></trkpt>
   <trkpt lat="38.86384" lon="-9.05734"><ele>36.6</ele></trkpt>
   <trkpt lat="38.86361" lon="-9.05756"><ele>36.2</ele></trkpt>
   <trkpt lat="38.86333" lon="-9.05785"><ele>36.0</ele></trkpt>
   <trkpt lat="38.86321" lon="-9.05805"><ele>36.4</ele></trkpt>
   <trkpt lat="38.86311" lon="-9.05838"><ele>37.2</ele></trkpt>
   <trkpt lat="38.86282" lon="-9.05861"><ele>38.0</ele></trkpt>
   <trkpt lat="38.86261" lon="-9.05891"><ele>38.6</ele></trkpt>
   <trkpt lat="38.86238" lon="-9.05918"><ele>38.8</ele></trkpt>
   <trkpt lat="38.86219" lon="-9.05941"><ele>39.0</ele></trkpt>
   <trkpt lat="38.86192" lon="-9.05967"><ele>39.2</ele></trkpt>
   <trkpt lat="38.86165" lon="-9.05995"><ele>39.2</ele></trkpt>
   <trkpt lat="38.86159" lon="-9.06001"><ele>39.2</ele></trkpt>
   <trkpt lat="38.86133" lon="-9.06016"><ele>39.2</ele></trkpt>
   <trkpt lat="38.86107" lon="-9.06034"><ele>39.0</ele></trkpt>
   <trkpt lat="38.86081" lon="-9.06050"><ele>39.0</ele></trkpt>
   <trkpt lat="38.86055" lon="-9.06069"><ele>38.8</ele></trkpt>
   <trkpt lat="38.86026" lon="-9.06080"><ele>38.8</ele></trkpt>
   <trkpt lat="38.86004" lon="-9.06090"><ele>38.8</ele></trkpt>
   <trkpt lat="38.85977" lon="-9.06108"><ele>38.6</ele></trkpt>
   <trkpt lat="38.85950" lon="-9.06125"><ele>38.2</ele></trkpt>
   <trkpt lat="38.85944" lon="-9.06129"><ele>38.2</ele></trkpt>
   <trkpt lat="38.85923" lon="-9.06153"><ele>37.8</ele></trkpt>
   <trkpt lat="38.85915" lon="-9.06187"><ele>37.4</ele></trkpt>
   <trkpt lat="38.85906" lon="-9.06199"><ele>37.2</ele></trkpt>
   <trkpt lat="38.85887" lon="-9.06197"><ele>37.2</ele></trkpt>
   <trkpt lat="38.85862" lon="-9.06169"><ele>36.6</ele></trkpt>
   <trkpt lat="38.85846" lon="-9.06144"><ele>36.2</ele></trkpt>
   <trkpt lat="38.85836" lon="-9.06137"><ele>36.2</ele></trkpt>
   <trkpt lat="38.85827" lon="-9.06142"><ele>36.2</ele></trkpt>
   <trkpt lat="38.85806" lon="-9.06172"><ele>36.0</ele></trkpt>
   <trkpt lat="38.85802" lon="-9.06176"><ele>36.0</ele></trkpt>
   <trkpt lat="38.85771" lon="-9.06193"><ele>35.8</ele></trkpt>
   <trkpt lat="38.85780" lon="-9.06207"><ele>35.8</ele></trkpt>
   <trkpt lat="38.85782" lon="-9.06225"><ele>35.6</ele></trkpt>
   <trkpt lat="38.85760" lon="-9.06244"><ele>35.6</ele></trkpt>
   <trkpt lat="38.85756" lon="-9.06243"><ele>35.6</ele></trkpt>
   <trkpt lat="38.85736" lon="-9.06206"><ele>35.8</ele></trkpt>
   <trkpt lat="38.85719" lon="-9.06173"><ele>36.0</ele></trkpt>
   <trkpt lat="38.85711" lon="-9.06157"><ele>36.2</ele></trkpt>
   <trkpt lat="38.85703" lon="-9.06155"><ele>36.4</ele></trkpt>
   <trkpt lat="38.85674" lon="-9.06182"><ele>36.8</ele></trkpt>
   <trkpt lat="38.85647" lon="-9.06207"><ele>37.0</ele></trkpt>
   <trkpt lat="38.85621" lon="-9.06231"><ele>37.0</ele></trkpt>
   <trkpt lat="38.85596" lon="-9.06254"><ele>36.6</ele></trkpt>
   <trkpt lat="38.85568" lon="-9.06282"><ele>36.4</ele></trkpt>
   <trkpt lat="38.85558" lon="-9.06291"><ele>36.4</ele></trkpt>
   <trkpt lat="38.85535" lon="-9.06325"><ele>36.4</ele></trkpt>
   <trkpt lat="38.85520" lon="-9.06347"><ele>36.4</ele></trkpt>
   <trkpt lat="38.85495" lon="-9.06370"><ele>36.2</ele></trkpt>
   <trkpt lat="38.85466" lon="-9.06395"><ele>35.8</ele></trkpt>
   <trkpt lat="38.85462" lon="-9.06400"><ele>35.8</ele></trkpt>
   <trkpt lat="38.85434" lon="-9.06413"><ele>36.2</ele></trkpt>
   <trkpt lat="38.85409" lon="-9.06429"><ele>36.6</ele></trkpt>
   <trkpt lat="38.85384" lon="-9.06462"><ele>36.6</ele></trkpt>
   <trkpt lat="38.85377" lon="-9.06472"><ele>36.6</ele></trkpt>
   <trkpt lat="38.85352" lon="-9.06493"><ele>36.6</ele></trkpt>
   <trkpt lat="38.85324" lon="-9.06518"><ele>36.8</ele></trkpt>
   <trkpt lat="38.85298" lon="-9.06542"><ele>37.0</ele></trkpt>
   <trkpt lat="38.85293" lon="-9.06545"><ele>37.0</ele></trkpt>
   <trkpt lat="38.85270" lon="-9.06573"><ele>37.0</ele></trkpt>
   <trkpt lat="38.85252" lon="-9.06586"><ele>37.2</ele></trkpt>
   <trkpt lat="38.85227" lon="-9.06589"><ele>37.4</ele></trkpt>
   <trkpt lat="38.85200" lon="-9.06614"><ele>37.0</ele></trkpt>
   <trkpt lat="38.85192" lon="-9.06621"><ele>36.6</ele></trkpt>
   <trkpt lat="38.85165" lon="-9.06641"><ele>36.4</ele></trkpt>
   <trkpt lat="38.85138" lon="-9.06662"><ele>36.4</ele></trkpt>
   <trkpt lat="38.85114" lon="-9.06679"><ele>36.4</ele></trkpt>
   <trkpt lat="38.85087" lon="-9.06703"><ele>36.4</ele></trkpt>
   <trkpt lat="38.85071" lon="-9.06738"><ele>36.6</ele></trkpt>
   <trkpt lat="38.85059" lon="-9.06744"><ele>36.6</ele></trkpt>
   <trkpt lat="38.85042" lon="-9.06729"><ele>36.4</ele></trkpt>
   <trkpt lat="38.85036" lon="-9.06729"><ele>36.0</ele></trkpt>
   <trkpt lat="38.85006" lon="-9.06750"><ele>36.0</ele></trkpt>
   <trkpt lat="38.85002" lon="-9.06752"><ele>36.0</ele></trkpt>
   <trkpt lat="38.84973" lon="-9.06775"><ele>37.0</ele></trkpt>
   <trkpt lat="38.84946" lon="-9.06796"><ele>36.8</ele></trkpt>
   <trkpt lat="38.84921" lon="-9.06822"><ele>36.4</ele></trkpt>
   <trkpt lat="38.84897" lon="-9.06848"><ele>36.2</ele></trkpt>
   <trkpt lat="38.84871" lon="-9.06875"><ele>36.6</ele></trkpt>
   <trkpt lat="38.84846" lon="-9.06903"><ele>36.6</ele></trkpt>
   <trkpt lat="38.84834" lon="-9.06914"><ele>36.4</ele></trkpt>
   <trkpt lat="38.84802" lon="-9.06922"><ele>36.2</ele></trkpt>
   <trkpt lat="38.84796" lon="-9.06924"><ele>36.4</ele></trkpt>
   <trkpt lat="38.84781" lon="-9.06933"><ele>36.2</ele></trkpt>
   <trkpt lat="38.84751" lon="-9.06954"><ele>36.4</ele></trkpt>
   <trkpt lat="38.84724" lon="-9.06973"><ele>36.4</ele></trkpt>
   <trkpt lat="38.84696" lon="-9.06994"><ele>36.6</ele></trkpt>
   <trkpt lat="38.84667" lon="-9.07014"><ele>37.2</ele></trkpt>
   <trkpt lat="38.84640" lon="-9.07031"><ele>37.2</ele></trkpt>
   <trkpt lat="38.84634" lon="-9.07035"><ele>37.2</ele></trkpt>
   <trkpt lat="38.84607" lon="-9.07058"><ele>37.2</ele></trkpt>
   <trkpt lat="38.84581" lon="-9.07079"><ele>37.0</ele></trkpt>
   <trkpt lat="38.84552" lon="-9.07101"><ele>36.8</ele></trkpt>
   <trkpt lat="38.84523" lon="-9.07123"><ele>37.0</ele></trkpt>
   <trkpt lat="38.84519" lon="-9.07126"><ele>37.2</ele></trkpt>
   <trkpt lat="38.84491" lon="-9.07153"><ele>37.2</ele></trkpt>
   <trkpt lat="38.84467" lon="-9.07176"><ele>37.2</ele></trkpt>
   <trkpt lat="38.84443" lon="-9.07200"><ele>37.2</ele></trkpt>
   <trkpt lat="38.84419" lon="-9.07222"><ele>37.4</ele></trkpt>
   <trkpt lat="38.84396" lon="-9.07224"><ele>37.4</ele></trkpt>
   <trkpt lat="38.84370" lon="-9.07251"><ele>37.8</ele></trkpt>
   <trkpt lat="38.84343" lon="-9.07273"><ele>37.6</ele></trkpt>
   <trkpt lat="38.84338" lon="-9.07277"><ele>37.4</ele></trkpt>
   <trkpt lat="38.84309" lon="-9.07295"><ele>37.2</ele></trkpt>
   <trkpt lat="38.84281" lon="-9.07312"><ele>37.2</ele></trkpt>
   <trkpt lat="38.84268" lon="-9.07320"><ele>37.2</ele></trkpt>
   <trkpt lat="38.84237" lon="-9.07332"><ele>37.4</ele></trkpt>
   <trkpt lat="38.84202" lon="-9.07325"><ele>37.4</ele></trkpt>
   <trkpt lat="38.84168" lon="-9.07314"><ele>37.6</ele></trkpt>
   <trkpt lat="38.84161" lon="-9.07314"><ele>37.8</ele></trkpt>
   <trkpt lat="38.84127" lon="-9.07328"><ele>38.0</ele></trkpt>
   <trkpt lat="38.84106" lon="-9.07335"><ele>37.8</ele></trkpt>
   <trkpt lat="38.84074" lon="-9.07341"><ele>37.4</ele></trkpt>
   <trkpt lat="38.84042" lon="-9.07344"><ele>37.2</ele></trkpt>
   <trkpt lat="38.84010" lon="-9.07349"><ele>37.0</ele></trkpt>
   <trkpt lat="38.83979" lon="-9.07355"><ele>36.8</ele></trkpt>
   <trkpt lat="38.83961" lon="-9.07359"><ele>36.8</ele></trkpt>
   <trkpt lat="38.83931" lon="-9.07369"><ele>36.8</ele></trkpt>
   <trkpt lat="38.83903" lon="-9.07386"><ele>36.8</ele></trkpt>
   <trkpt lat="38.83874" lon="-9.07407"><ele>37.0</ele></trkpt>
   <trkpt lat="38.83843" lon="-9.07423"><ele>36.6</ele></trkpt>
   <trkpt lat="38.83824" lon="-9.07431"><ele>36.2</ele></trkpt>
   <trkpt lat="38.83792" lon="-9.07435"><ele>36.0</ele></trkpt>
   <trkpt lat="38.83786" lon="-9.07435"><ele>36.2</ele></trkpt>
   <trkpt lat="38.83751" lon="-9.07426"><ele>36.8</ele></trkpt>
   <trkpt lat="38.83720" lon="-9.07419"><ele>37.4</ele></trkpt>
   <trkpt lat="38.83704" lon="-9.07416"><ele>37.4</ele></trkpt>
   <trkpt lat="38.83674" lon="-9.07419"><ele>37.6</ele></trkpt>
   <trkpt lat="38.83663" lon="-9.07421"><ele>37.6</ele></trkpt>
   <trkpt lat="38.83629" lon="-9.07435"><ele>38.2</ele></trkpt>
   <trkpt lat="38.83602" lon="-9.07454"><ele>38.6</ele></trkpt>
   <trkpt lat="38.83591" lon="-9.07463"><ele>38.6</ele></trkpt>
   <trkpt lat="38.83566" lon="-9.07490"><ele>38.2</ele></trkpt>
   <trkpt lat="38.83541" lon="-9.07518"><ele>38.2</ele></trkpt>
   <trkpt lat="38.83516" lon="-9.07541"><ele>38.0</ele></trkpt>
   <trkpt lat="38.83489" lon="-9.07562"><ele>37.6</ele></trkpt>
   <trkpt lat="38.83473" lon="-9.07573"><ele>37.6</ele></trkpt>
   <trkpt lat="38.83445" lon="-9.07590"><ele>37.6</ele></trkpt>
   <trkpt lat="38.83440" lon="-9.07593"><ele>37.6</ele></trkpt>
   <trkpt lat="38.83406" lon="-9.07603"><ele>37.6</ele></trkpt>
   <trkpt lat="38.83375" lon="-9.07610"><ele>37.4</ele></trkpt>
   <trkpt lat="38.83369" lon="-9.07613"><ele>37.6</ele></trkpt>
   <trkpt lat="38.83338" lon="-9.07632"><ele>37.6</ele></trkpt>
   <trkpt lat="38.83322" lon="-9.07644"><ele>37.8</ele></trkpt>
   <trkpt lat="38.83295" lon="-9.07674"><ele>37.8</ele></trkpt>
   <trkpt lat="38.83290" lon="-9.07679"><ele>38.0</ele></trkpt>
   <trkpt lat="38.83278" lon="-9.07686"><ele>38.0</ele></trkpt>
   <trkpt lat="38.83247" lon="-9.07693"><ele>37.6</ele></trkpt>
   <trkpt lat="38.83215" lon="-9.07698"><ele>37.4</ele></trkpt>
   <trkpt lat="38.83203" lon="-9.07700"><ele>37.4</ele></trkpt>
   <trkpt lat="38.83180" lon="-9.07712"><ele>37.6</ele></trkpt>
   <trkpt lat="38.83154" lon="-9.07733"><ele>37.6</ele></trkpt>
   <trkpt lat="38.83149" lon="-9.07738"><ele>37.4</ele></trkpt>
   <trkpt lat="38.83129" lon="-9.07770"><ele>37.4</ele></trkpt>
   <trkpt lat="38.83111" lon="-9.07804"><ele>37.2</ele></trkpt>
   <trkpt lat="38.83087" lon="-9.07832"><ele>37.0</ele></trkpt>
   <trkpt lat="38.83059" lon="-9.07855"><ele>37.0</ele></trkpt>
   <trkpt lat="38.83029" lon="-9.07874"><ele>37.4</ele></trkpt>
   <trkpt lat="38.82996" lon="-9.07882"><ele>37.2</ele></trkpt>
   <trkpt lat="38.82983" lon="-9.07883"><ele>37.2</ele></trkpt>
   <trkpt lat="38.82953" lon="-9.07897"><ele>37.2</ele></trkpt>
   <trkpt lat="38.82948" lon="-9.07901"><ele>37.2</ele></trkpt>
   <trkpt lat="38.82930" lon="-9.07924"><ele>38.0</ele></trkpt>
   <trkpt lat="38.82914" lon="-9.07961"><ele>39.0</ele></trkpt>
   <trkpt lat="38.82909" lon="-9.07971"><ele>39.4</ele></trkpt>
   <trkpt lat="38.82883" lon="-9.08002"><ele>41.6</ele></trkpt>
   <trkpt lat="38.82856" lon="-9.08030"><ele>42.2</ele></trkpt>
   <trkpt lat="38.82844" lon="-9.08044"><ele>42.4</ele></trkpt>
   <trkpt lat="38.82813" lon="-9.08065"><ele>42.0</ele></trkpt>
   <trkpt lat="38.82778" lon="-9.08066"><ele>41.6</ele></trkpt>
   <trkpt lat="38.82770" lon="-9.08067"><ele>41.4</ele></trkpt>
   <trkpt lat="38.82738" lon="-9.08081"><ele>40.2</ele></trkpt>
   <trkpt lat="38.82720" lon="-9.08106"><ele>39.0</ele></trkpt>
   <trkpt lat="38.82703" lon="-9.08144"><ele>37.4</ele></trkpt>
   <trkpt lat="38.82684" lon="-9.08164"><ele>37.2</ele></trkpt>
   <trkpt lat="38.82655" lon="-9.08180"><ele>37.0</ele></trkpt>
   <trkpt lat="38.82635" lon="-9.08193"><ele>37.2</ele></trkpt>
   <trkpt lat="38.82610" lon="-9.08212"><ele>37.2</ele></trkpt>
   <trkpt lat="38.82585" lon="-9.08231"><ele>37.2</ele></trkpt>
   <trkpt lat="38.82556" lon="-9.08252"><ele>37.2</ele></trkpt>
   <trkpt lat="38.82527" lon="-9.08272"><ele>38.0</ele></trkpt>
   <trkpt lat="38.82503" lon="-9.08287"><ele>38.2</ele></trkpt>
   <trkpt lat="38.82472" lon="-9.08299"><ele>38.6</ele></trkpt>
   <trkpt lat="38.82453" lon="-9.08305"><ele>38.6</ele></trkpt>
   <trkpt lat="38.82418" lon="-9.08310"><ele>38.6</ele></trkpt>
   <trkpt lat="38.82403" lon="-9.08315"><ele>38.8</ele></trkpt>
   <trkpt lat="38.82380" lon="-9.08331"><ele>39.4</ele></trkpt>
   <trkpt lat="38.82354" lon="-9.08361"><ele>39.6</ele></trkpt>
   <trkpt lat="38.82345" lon="-9.08374"><ele>39.6</ele></trkpt>
   <trkpt lat="38.82318" lon="-9.08398"><ele>39.2</ele></trkpt>
   <trkpt lat="38.82307" lon="-9.08406"><ele>39.2</ele></trkpt>
   <trkpt lat="38.82277" lon="-9.08418"><ele>38.6</ele></trkpt>
   <trkpt lat="38.82247" lon="-9.08426"><ele>38.4</ele></trkpt>
   <trkpt lat="38.82221" lon="-9.08433"><ele>38.0</ele></trkpt>
   <trkpt lat="38.82190" lon="-9.08451"><ele>37.8</ele></trkpt>
   <trkpt lat="38.82162" lon="-9.08474"><ele>37.6</ele></trkpt>
   <trkpt lat="38.82134" lon="-9.08496"><ele>37.6</ele></trkpt>
   <trkpt lat="38.82116" lon="-9.08506"><ele>37.6</ele></trkpt>
   <trkpt lat="38.82084" lon="-9.08519"><ele>37.4</ele></trkpt>
   <trkpt lat="38.82071" lon="-9.08523"><ele>37.4</ele></trkpt>
   <trkpt lat="38.82041" lon="-9.08526"><ele>37.8</ele></trkpt>
   <trkpt lat="38.82030" lon="-9.08529"><ele>38.0</ele></trkpt>
   <trkpt lat="38.82004" lon="-9.08549"><ele>38.6</ele></trkpt>
   <trkpt lat="38.81976" lon="-9.08571"><ele>38.8</ele></trkpt>
   <trkpt lat="38.81970" lon="-9.08574"><ele>38.8</ele></trkpt>
   <trkpt lat="38.81938" lon="-9.08583"><ele>38.6</ele></trkpt>
   <trkpt lat="38.81905" lon="-9.08589"><ele>38.0</ele></trkpt>
   <trkpt lat="38.81886" lon="-9.08594"><ele>38.0</ele></trkpt>
   <trkpt lat="38.81856" lon="-9.08608"><ele>38.2</ele></trkpt>
   <trkpt lat="38.81827" lon="-9.08626"><ele>38.4</ele></trkpt>
   <trkpt lat="38.81821" lon="-9.08629"><ele>38.4</ele></trkpt>
   <trkpt lat="38.81790" lon="-9.08637"><ele>38.6</ele></trkpt>
   <trkpt lat="38.81758" lon="-9.08642"><ele>38.8</ele></trkpt>
   <trkpt lat="38.81728" lon="-9.08657"><ele>38.6</ele></trkpt>
   <trkpt lat="38.81698" lon="-9.08667"><ele>38.6</ele></trkpt>
   <trkpt lat="38.81692" lon="-9.08669"><ele>38.8</ele></trkpt>
   <trkpt lat="38.81661" lon="-9.08668"><ele>38.8</ele></trkpt>
   <trkpt lat="38.81636" lon="-9.08669"><ele>38.4</ele></trkpt>
   <trkpt lat="38.81606" lon="-9.08677"><ele>38.4</ele></trkpt>
   <trkpt lat="38.81589" lon="-9.08682"><ele>38.4</ele></trkpt>
   <trkpt lat="38.81557" lon="-9.08697"><ele>38.6</ele></trkpt>
   <trkpt lat="38.81541" lon="-9.08707"><ele>38.6</ele></trkpt>
   <trkpt lat="38.81515" lon="-9.08729"><ele>38.4</ele></trkpt>
   <trkpt lat="38.81488" lon="-9.08748"><ele>38.8</ele></trkpt>
   <trkpt lat="38.81483" lon="-9.08752"><ele>39.0</ele></trkpt>
   <trkpt lat="38.81454" lon="-9.08762"><ele>38.8</ele></trkpt>
   <trkpt lat="38.81437" lon="-9.08766"><ele>38.8</ele></trkpt>
   <trkpt lat="38.81406" lon="-9.08766"><ele>38.4</ele></trkpt>
   <trkpt lat="38.81388" lon="-9.08766"><ele>38.2</ele></trkpt>
   <trkpt lat="38.81370" lon="-9.08771"><ele>38.0</ele></trkpt>
   <trkpt lat="38.81344" lon="-9.08793"><ele>38.0</ele></trkpt>
   <trkpt lat="38.81339" lon="-9.08798"><ele>38.0</ele></trkpt>
   <trkpt lat="38.81315" lon="-9.08810"><ele>38.0</ele></trkpt>
   <trkpt lat="38.81282" lon="-9.08815"><ele>38.2</ele></trkpt>
   <trkpt lat="38.81249" lon="-9.08806"><ele>38.8</ele></trkpt>
   <trkpt lat="38.81243" lon="-9.08805"><ele>38.8</ele></trkpt>
   <trkpt lat="38.81219" lon="-9.08806"><ele>39.2</ele></trkpt>
   <trkpt lat="38.81189" lon="-9.08824"><ele>39.6</ele></trkpt>
   <trkpt lat="38.81169" lon="-9.08837"><ele>39.2</ele></trkpt>
   <trkpt lat="38.81141" lon="-9.08848"><ele>38.2</ele></trkpt>
   <trkpt lat="38.81107" lon="-9.08851"><ele>37.6</ele></trkpt>
   <trkpt lat="38.81075" lon="-9.08854"><ele>37.6</ele></trkpt>
   <trkpt lat="38.81046" lon="-9.08870"><ele>37.8</ele></trkpt>
   <trkpt lat="38.81017" lon="-9.08883"><ele>37.4</ele></trkpt>
   <trkpt lat="38.81000" lon="-9.08889"><ele>37.6</ele></trkpt>
   <trkpt lat="38.80970" lon="-9.08885"><ele>37.6</ele></trkpt>
   <trkpt lat="38.80947" lon="-9.08885"><ele>37.6</ele></trkpt>
   <trkpt lat="38.80919" lon="-9.08891"><ele>37.6</ele></trkpt>
   <trkpt lat="38.80887" lon="-9.08908"><ele>37.4</ele></trkpt>
   <trkpt lat="38.80865" lon="-9.08923"><ele>37.4</ele></trkpt>
   <trkpt lat="38.80847" lon="-9.08927"><ele>37.4</ele></trkpt>
   <trkpt lat="38.80829" lon="-9.08928"><ele>37.4</ele></trkpt>
   <trkpt lat="38.80799" lon="-9.08921"><ele>37.4</ele></trkpt>
   <trkpt lat="38.80765" lon="-9.08916"><ele>37.8</ele></trkpt>
   <trkpt lat="38.80761" lon="-9.08915"><ele>37.8</ele></trkpt>
   <trkpt lat="38.80730" lon="-9.08919"><ele>38.8</ele></trkpt>
   <trkpt lat="38.80724" lon="-9.08920"><ele>39.0</ele></trkpt>
   <trkpt lat="38.80695" lon="-9.08931"><ele>39.4</ele></trkpt>
   <trkpt lat="38.80688" lon="-9.08934"><ele>39.6</ele></trkpt>
   <trkpt lat="38.80661" lon="-9.08951"><ele>39.6</ele></trkpt>
   <trkpt lat="38.80636" lon="-9.08968"><ele>38.6</ele></trkpt>
   <trkpt lat="38.80617" lon="-9.08978"><ele>38.2</ele></trkpt>
   <trkpt lat="38.80586" lon="-9.08990"><ele>38.2</ele></trkpt>
   <trkpt lat="38.80556" lon="-9.08998"><ele>38.0</ele></trkpt>
   <trkpt lat="38.80537" lon="-9.09004"><ele>38.0</ele></trkpt>
   <trkpt lat="38.80508" lon="-9.09020"><ele>38.0</ele></trkpt>
   <trkpt lat="38.80479" lon="-9.09036"><ele>38.0</ele></trkpt>
   <trkpt lat="38.80473" lon="-9.09038"><ele>38.0</ele></trkpt>
   <trkpt lat="38.80443" lon="-9.09037"><ele>37.8</ele></trkpt>
   <trkpt lat="38.80431" lon="-9.09033"><ele>37.6</ele></trkpt>
   <trkpt lat="38.80402" lon="-9.09010"><ele>37.8</ele></trkpt>
   <trkpt lat="38.80392" lon="-9.09002"><ele>37.8</ele></trkpt>
   <trkpt lat="38.80370" lon="-9.08998"><ele>38.4</ele></trkpt>
   <trkpt lat="38.80351" lon="-9.09005"><ele>39.0</ele></trkpt>
   <trkpt lat="38.80324" lon="-9.09034"><ele>38.6</ele></trkpt>
   <trkpt lat="38.80319" lon="-9.09039"><ele>38.4</ele></trkpt>
   <trkpt lat="38.80293" lon="-9.09059"><ele>37.8</ele></trkpt>
   <trkpt lat="38.80287" lon="-9.09063"><ele>37.8</ele></trkpt>
   <trkpt lat="38.80255" lon="-9.09079"><ele>37.6</ele></trkpt>
   <trkpt lat="38.80243" lon="-9.09082"><ele>37.6</ele></trkpt>
   <trkpt lat="38.80208" lon="-9.09086"><ele>37.8</ele></trkpt>
   <trkpt lat="38.80190" lon="-9.09085"><ele>37.8</ele></trkpt>
   <trkpt lat="38.80156" lon="-9.09075"><ele>37.8</ele></trkpt>
   <trkpt lat="38.80129" lon="-9.09062"><ele>37.8</ele></trkpt>
   <trkpt lat="38.80100" lon="-9.09056"><ele>38.0</ele></trkpt>
   <trkpt lat="38.80065" lon="-9.09056"><ele>39.2</ele></trkpt>
   <trkpt lat="38.80060" lon="-9.09056"><ele>39.4</ele></trkpt>
   <trkpt lat="38.80025" lon="-9.09065"><ele>39.4</ele></trkpt>
   <trkpt lat="38.79992" lon="-9.09077"><ele>38.6</ele></trkpt>
   <trkpt lat="38.79960" lon="-9.09087"><ele>37.8</ele></trkpt>
   <trkpt lat="38.79928" lon="-9.09092"><ele>38.0</ele></trkpt>
   <trkpt lat="38.79921" lon="-9.09093"><ele>38.0</ele></trkpt>
   <trkpt lat="38.79891" lon="-9.09093"><ele>37.8</ele></trkpt>
   <trkpt lat="38.79857" lon="-9.09091"><ele>38.2</ele></trkpt>
   <trkpt lat="38.79837" lon="-9.09094"><ele>38.6</ele></trkpt>
   <trkpt lat="38.79812" lon="-9.09111"><ele>38.8</ele></trkpt>
   <trkpt lat="38.79794" lon="-9.09142"><ele>38.4</ele></trkpt>
   <trkpt lat="38.79790" lon="-9.09151"><ele>38.4</ele></trkpt>
   <trkpt lat="38.79786" lon="-9.09176"><ele>38.2</ele></trkpt>
   <trkpt lat="38.79787" lon="-9.09215"><ele>37.6</ele></trkpt>
   <trkpt lat="38.79779" lon="-9.09254"><ele>37.6</ele></trkpt>
   <trkpt lat="38.79747" lon="-9.09265"><ele>37.8</ele></trkpt>
   <trkpt lat="38.79717" lon="-9.09275"><ele>39.0</ele></trkpt>
   <trkpt lat="38.79682" lon="-9.09282"><ele>41.2</ele></trkpt>
   <trkpt lat="38.79650" lon="-9.09290"><ele>43.0</ele></trkpt>
   <trkpt lat="38.79620" lon="-9.09297"><ele>43.6</ele></trkpt>
   <trkpt lat="38.79599" lon="-9.09307"><ele>43.4</ele></trkpt>
   <trkpt lat="38.79601" lon="-9.09344"><ele>41.6</ele></trkpt>
   <trkpt lat="38.79603" lon="-9.09381"><ele>40.6</ele></trkpt>
   <trkpt lat="38.79604" lon="-9.09422"><ele>40.0</ele></trkpt>
   <trkpt lat="38.79606" lon="-9.09463"><ele>38.8</ele></trkpt>
   <trkpt lat="38.79607" lon="-9.09502"><ele>37.8</ele></trkpt>
   <trkpt lat="38.79609" lon="-9.09541"><ele>37.4</ele></trkpt>
   <trkpt lat="38.79611" lon="-9.09580"><ele>37.2</ele></trkpt>
   <trkpt lat="38.79612" lon="-9.09620"><ele>37.6</ele></trkpt>
   <trkpt lat="38.79608" lon="-9.09658"><ele>37.6</ele></trkpt>
   <trkpt lat="38.79606" lon="-9.09698"><ele>37.6</ele></trkpt>
   <trkpt lat="38.79603" lon="-9.09734"><ele>37.6</ele></trkpt>
   <trkpt lat="38.79602" lon="-9.09745"><ele>37.6</ele></trkpt>
   <trkpt lat="38.79594" lon="-9.09789"><ele>37.2</ele></trkpt>
   <trkpt lat="38.79592" lon="-9.09805"><ele>37.2</ele></trkpt>
   <trkpt lat="38.79586" lon="-9.09821"><ele>37.4</ele></trkpt>
   <trkpt lat="38.79565" lon="-9.09842"><ele>38.2</ele></trkpt>
   <trkpt lat="38.79531" lon="-9.09855"><ele>38.6</ele></trkpt>
   <trkpt lat="38.79497" lon="-9.09867"><ele>39.0</ele></trkpt>
   <trkpt lat="38.79467" lon="-9.09875"><ele>39.2</ele></trkpt>
   <trkpt lat="38.79443" lon="-9.09882"><ele>39.4</ele></trkpt>
   <trkpt lat="38.79408" lon="-9.09889"><ele>39.6</ele></trkpt>
   <trkpt lat="38.79373" lon="-9.09897"><ele>39.8</ele></trkpt>
   <trkpt lat="38.79343" lon="-9.09904"><ele>39.8</ele></trkpt>
   <trkpt lat="38.79308" lon="-9.09911"><ele>40.2</ele></trkpt>
   <trkpt lat="38.79274" lon="-9.09918"><ele>40.6</ele></trkpt>
   <trkpt lat="38.79240" lon="-9.09926"><ele>41.0</ele></trkpt>
   <trkpt lat="38.79206" lon="-9.09934"><ele>41.4</ele></trkpt>
   <trkpt lat="38.79171" lon="-9.09941"><ele>41.4</ele></trkpt>
   <trkpt lat="38.79141" lon="-9.09946"><ele>41.6</ele></trkpt>
   <trkpt lat="38.79107" lon="-9.09953"><ele>42.0</ele></trkpt>
   <trkpt lat="38.79073" lon="-9.09961"><ele>42.2</ele></trkpt>
   <trkpt lat="38.79039" lon="-9.09968"><ele>42.4</ele></trkpt>
   <trkpt lat="38.79006" lon="-9.09977"><ele>42.4</ele></trkpt>
   <trkpt lat="38.78973" lon="-9.09984"><ele>42.6</ele></trkpt>
   <trkpt lat="38.78968" lon="-9.09985"><ele>42.6</ele></trkpt>
   <trkpt lat="38.78934" lon="-9.09990"><ele>42.8</ele></trkpt>
   <trkpt lat="38.78900" lon="-9.09994"><ele>43.0</ele></trkpt>
   <trkpt lat="38.78893" lon="-9.09995"><ele>43.0</ele></trkpt>
   <trkpt lat="38.78860" lon="-9.09997"><ele>43.2</ele></trkpt>
   <trkpt lat="38.78825" lon="-9.09999"><ele>43.0</ele></trkpt>
   <trkpt lat="38.78790" lon="-9.10000"><ele>43.4</ele></trkpt>
   <trkpt lat="38.78756" lon="-9.09997"><ele>43.4</ele></trkpt>
   <trkpt lat="38.78721" lon="-9.09992"><ele>43.4</ele></trkpt>
   <trkpt lat="38.78703" lon="-9.09990"><ele>43.6</ele></trkpt>
   <trkpt lat="38.78668" lon="-9.09982"><ele>44.0</ele></trkpt>
   <trkpt lat="38.78651" lon="-9.09978"><ele>44.0</ele></trkpt>
   <trkpt lat="38.78619" lon="-9.09979"><ele>44.4</ele></trkpt>
   <trkpt lat="38.78595" lon="-9.10011"><ele>45.2</ele></trkpt>
   <trkpt lat="38.78592" lon="-9.10014"><ele>45.4</ele></trkpt>
   <trkpt lat="38.78574" lon="-9.10017"><ele>46.0</ele></trkpt>
   <trkpt lat="38.78553" lon="-9.10000"><ele>47.2</ele></trkpt>
   <trkpt lat="38.78543" lon="-9.09958"><ele>47.2</ele></trkpt>
   <trkpt lat="38.78536" lon="-9.09939"><ele>47.0</ele></trkpt>
   <trkpt lat="38.78517" lon="-9.09920"><ele>46.0</ele></trkpt>
   <trkpt lat="38.78491" lon="-9.09903"><ele>45.0</ele></trkpt>
   <trkpt lat="38.78459" lon="-9.09884"><ele>44.6</ele></trkpt>
   <trkpt lat="38.78429" lon="-9.09866"><ele>44.4</ele></trkpt>
   <trkpt lat="38.78401" lon="-9.09849"><ele>44.2</ele></trkpt>
   <trkpt lat="38.78368" lon="-9.09832"><ele>43.6</ele></trkpt>
   <trkpt lat="38.78339" lon="-9.09814"><ele>43.4</ele></trkpt>
   <trkpt lat="38.78307" lon="-9.09796"><ele>43.2</ele></trkpt>
   <trkpt lat="38.78276" lon="-9.09778"><ele>43.4</ele></trkpt>
   <trkpt lat="38.78249" lon="-9.09762"><ele>43.6</ele></trkpt>
   <trkpt lat="38.78221" lon="-9.09741"><ele>43.8</ele></trkpt>
   <trkpt lat="38.78216" lon="-9.09738"><ele>43.8</ele></trkpt>
   <trkpt lat="38.78197" lon="-9.09731"><ele>43.8</ele></trkpt>
   <trkpt lat="38.78164" lon="-9.09731"><ele>43.6</ele></trkpt>
   <trkpt lat="38.78158" lon="-9.09729"><ele>43.6</ele></trkpt>
   <trkpt lat="38.78138" lon="-9.09699"><ele>43.6</ele></trkpt>
   <trkpt lat="38.78119" lon="-9.09679"><ele>43.6</ele></trkpt>
   <trkpt lat="38.78090" lon="-9.09664"><ele>43.6</ele></trkpt>
   <trkpt lat="38.78057" lon="-9.09646"><ele>43.8</ele></trkpt>
   <trkpt lat="38.78052" lon="-9.09643"><ele>43.6</ele></trkpt>
   <trkpt lat="38.78024" lon="-9.09623"><ele>43.6</ele></trkpt>
   <trkpt lat="38.77993" lon="-9.09602"><ele>43.6</ele></trkpt>
   <trkpt lat="38.77961" lon="-9.09585"><ele>43.8</ele></trkpt>
   <trkpt lat="38.77933" lon="-9.09564"><ele>43.8</ele></trkpt>
   <trkpt lat="38.77905" lon="-9.09549"><ele>43.8</ele></trkpt>
   <trkpt lat="38.77872" lon="-9.09531"><ele>44.0</ele></trkpt>
   <trkpt lat="38.77845" lon="-9.09516"><ele>43.8</ele></trkpt>
   <trkpt lat="38.77839" lon="-9.09512"><ele>43.8</ele></trkpt>
   <trkpt lat="38.77810" lon="-9.09502"><ele>43.4</ele></trkpt>
   <trkpt lat="38.77804" lon="-9.09500"><ele>43.4</ele></trkpt>
   <trkpt lat="38.77772" lon="-9.09495"><ele>43.0</ele></trkpt>
   <trkpt lat="38.77759" lon="-9.09495"><ele>42.6</ele></trkpt>
   <trkpt lat="38.77727" lon="-9.09497"><ele>42.4</ele></trkpt>
   <trkpt lat="38.77694" lon="-9.09500"><ele>42.4</ele></trkpt>
   <trkpt lat="38.77659" lon="-9.09501"><ele>42.2</ele></trkpt>
   <trkpt lat="38.77625" lon="-9.09504"><ele>42.4</ele></trkpt>
   <trkpt lat="38.77593" lon="-9.09507"><ele>42.4</ele></trkpt>
   <trkpt lat="38.77562" lon="-9.09510"><ele>42.6</ele></trkpt>
   <trkpt lat="38.77527" lon="-9.09510"><ele>43.2</ele></trkpt>
   <trkpt lat="38.77518" lon="-9.09509"><ele>43.2</ele></trkpt>
   <trkpt lat="38.77504" lon="-9.09534"><ele>43.2</ele></trkpt>
   <trkpt lat="38.77489" lon="-9.09540"><ele>43.2</ele></trkpt>
   <trkpt lat="38.77457" lon="-9.09534"><ele>43.8</ele></trkpt>
   <trkpt lat="38.77446" lon="-9.09534"><ele>43.8</ele></trkpt>
   <trkpt lat="38.77412" lon="-9.09538"><ele>43.6</ele></trkpt>
   <trkpt lat="38.77381" lon="-9.09541"><ele>43.2</ele></trkpt>
   <trkpt lat="38.77348" lon="-9.09543"><ele>42.8</ele></trkpt>
   <trkpt lat="38.77314" lon="-9.09547"><ele>42.8</ele></trkpt>
   <trkpt lat="38.77279" lon="-9.09549"><ele>42.4</ele></trkpt>
   <trkpt lat="38.77246" lon="-9.09551"><ele>42.4</ele></trkpt>
   <trkpt lat="38.77212" lon="-9.09555"><ele>42.4</ele></trkpt>
   <trkpt lat="38.77179" lon="-9.09557"><ele>42.2</ele></trkpt>
   <trkpt lat="38.77147" lon="-9.09560"><ele>42.0</ele></trkpt>
   <trkpt lat="38.77113" lon="-9.09563"><ele>41.6</ele></trkpt>
   <trkpt lat="38.77079" lon="-9.09565"><ele>41.4</ele></trkpt>
   <trkpt lat="38.77049" lon="-9.09569"><ele>41.4</ele></trkpt>
   <trkpt lat="38.77031" lon="-9.09572"><ele>41.6</ele></trkpt>
   <trkpt lat="38.76999" lon="-9.09573"><ele>41.8</ele></trkpt>
   <trkpt lat="38.76969" lon="-9.09575"><ele>41.2</ele></trkpt>
   <trkpt lat="38.76935" lon="-9.09577"><ele>40.6</ele></trkpt>
   <trkpt lat="38.76904" lon="-9.09580"><ele>40.2</ele></trkpt>
   <trkpt lat="38.76870" lon="-9.09582"><ele>40.0</ele></trkpt>
   <trkpt lat="38.76837" lon="-9.09586"><ele>39.6</ele></trkpt>
   <trkpt lat="38.76806" lon="-9.09588"><ele>39.6</ele></trkpt>
   <trkpt lat="38.76776" lon="-9.09590"><ele>39.4</ele></trkpt>
   <trkpt lat="38.76745" lon="-9.09592"><ele>39.4</ele></trkpt>
   <trkpt lat="38.76714" lon="-9.09595"><ele>39.0</ele></trkpt>
   <trkpt lat="38.76684" lon="-9.09598"><ele>39.0</ele></trkpt>
   <trkpt lat="38.76653" lon="-9.09598"><ele>39.2</ele></trkpt>
   <trkpt lat="38.76622" lon="-9.09602"><ele>39.2</ele></trkpt>
   <trkpt lat="38.76592" lon="-9.09604"><ele>39.2</ele></trkpt>
   <trkpt lat="38.76561" lon="-9.09606"><ele>39.0</ele></trkpt>
   <trkpt lat="38.76530" lon="-9.09608"><ele>39.2</ele></trkpt>
   <trkpt lat="38.76499" lon="-9.09609"><ele>39.2</ele></trkpt>
   <trkpt lat="38.76467" lon="-9.09613"><ele>39.2</ele></trkpt>
   <trkpt lat="38.76435" lon="-9.09615"><ele>39.2</ele></trkpt>
   <trkpt lat="38.76403" lon="-9.09618"><ele>39.6</ele></trkpt>
   <trkpt lat="38.76371" lon="-9.09620"><ele>39.8</ele></trkpt>
   <trkpt lat="38.76340" lon="-9.09624"><ele>39.6</ele></trkpt>
   <trkpt lat="38.76309" lon="-9.09626"><ele>39.8</ele></trkpt>
   <trkpt lat="38.76278" lon="-9.09628"><ele>39.8</ele></trkpt>
   <trkpt lat="38.76246" lon="-9.09631"><ele>39.6</ele></trkpt>
   <trkpt lat="38.76216" lon="-9.09634"><ele>39.4</ele></trkpt>
   <trkpt lat="38.76202" lon="-9.09631"><ele>39.4</ele></trkpt>
   <trkpt lat="38.76192" lon="-9.09614"><ele>39.6</ele></trkpt>
   <trkpt lat="38.76168" lon="-9.09599"><ele>39.4</ele></trkpt>
   <trkpt lat="38.76158" lon="-9.09599"><ele>39.2</ele></trkpt>
   <trkpt lat="38.76139" lon="-9.09610"><ele>39.0</ele></trkpt>
   <trkpt lat="38.76106" lon="-9.09611"><ele>39.0</ele></trkpt>
   <trkpt lat="38.76072" lon="-9.09613"><ele>39.8</ele></trkpt>
   <trkpt lat="38.76038" lon="-9.09616"><ele>39.4</ele></trkpt>
   <trkpt lat="38.76007" lon="-9.09619"><ele>39.6</ele></trkpt>
   <trkpt lat="38.75974" lon="-9.09621"><ele>41.0</ele></trkpt>
   <trkpt lat="38.75964" lon="-9.09622"><ele>41.2</ele></trkpt>
   <trkpt lat="38.75955" lon="-9.09608"><ele>41.2</ele></trkpt>
   <trkpt lat="38.75953" lon="-9.09566"><ele>40.8</ele></trkpt>
   <trkpt lat="38.75951" lon="-9.09523"><ele>40.8</ele></trkpt>
   <trkpt lat="38.75949" lon="-9.09484"><ele>40.8</ele></trkpt>
   <trkpt lat="38.75946" lon="-9.09441"><ele>40.6</ele></trkpt>
   <trkpt lat="38.75943" lon="-9.09410"><ele>40.6</ele></trkpt>
   <trkpt lat="38.75936" lon="-9.09404"><ele>40.6</ele></trkpt>
   <trkpt lat="38.75904" lon="-9.09407"><ele>40.4</ele></trkpt>
   <trkpt lat="38.75872" lon="-9.09408"><ele>39.8</ele></trkpt>
   <trkpt lat="38.75867" lon="-9.09408"><ele>39.8</ele></trkpt>
   <trkpt lat="38.75857" lon="-9.09390"><ele>39.0</ele></trkpt>
   <trkpt lat="38.75849" lon="-9.09346"><ele>38.8</ele></trkpt>
   <trkpt lat="38.75846" lon="-9.09340"><ele>38.8</ele></trkpt>
   <trkpt lat="38.75838" lon="-9.09332"><ele>39.0</ele></trkpt>
   <trkpt lat="38.75827" lon="-9.09332"><ele>39.0</ele></trkpt>
   <trkpt lat="38.75794" lon="-9.09344"><ele>39.0</ele></trkpt>
   <trkpt lat="38.75761" lon="-9.09352"><ele>38.8</ele></trkpt>
   <trkpt lat="38.75746" lon="-9.09358"><ele>38.8</ele></trkpt>
   <trkpt lat="38.75715" lon="-9.09365"><ele>38.8</ele></trkpt>
   <trkpt lat="38.75684" lon="-9.09372"><ele>38.8</ele></trkpt>
   <trkpt lat="38.75649" lon="-9.09381"><ele>38.8</ele></trkpt>
   <trkpt lat="38.75615" lon="-9.09392"><ele>38.4</ele></trkpt>
   <trkpt lat="38.75584" lon="-9.09398"><ele>38.4</ele></trkpt>
   <trkpt lat="38.75550" lon="-9.09407"><ele>38.8</ele></trkpt>
   <trkpt lat="38.75515" lon="-9.09417"><ele>39.2</ele></trkpt>
   <trkpt lat="38.75486" lon="-9.09425"><ele>39.0</ele></trkpt>
   <trkpt lat="38.75455" lon="-9.09435"><ele>38.8</ele></trkpt>
   <trkpt lat="38.75422" lon="-9.09441"><ele>38.6</ele></trkpt>
   <trkpt lat="38.75389" lon="-9.09449"><ele>38.6</ele></trkpt>
   <trkpt lat="38.75359" lon="-9.09456"><ele>38.8</ele></trkpt>
   <trkpt lat="38.75329" lon="-9.09465"><ele>38.6</ele></trkpt>
   <trkpt lat="38.75299" lon="-9.09474"><ele>38.6</ele></trkpt>
   <trkpt lat="38.75270" lon="-9.09485"><ele>38.6</ele></trkpt>
   <trkpt lat="38.75239" lon="-9.09494"><ele>38.6</ele></trkpt>
   <trkpt lat="38.75208" lon="-9.09504"><ele>38.4</ele></trkpt>
   <trkpt lat="38.75178" lon="-9.09511"><ele>38.4</ele></trkpt>
   <trkpt lat="38.75149" lon="-9.09519"><ele>38.2</ele></trkpt>
   <trkpt lat="38.75114" lon="-9.09528"><ele>38.2</ele></trkpt>
   <trkpt lat="38.75082" lon="-9.09536"><ele>38.0</ele></trkpt>
   <trkpt lat="38.75051" lon="-9.09546"><ele>38.2</ele></trkpt>
   <trkpt lat="38.75021" lon="-9.09554"><ele>38.4</ele></trkpt>
   <trkpt lat="38.74989" lon="-9.09563"><ele>38.4</ele></trkpt>
   <trkpt lat="38.74955" lon="-9.09572"><ele>38.6</ele></trkpt>
   <trkpt lat="38.74921" lon="-9.09582"><ele>38.8</ele></trkpt>
   <trkpt lat="38.74886" lon="-9.09592"><ele>38.8</ele></trkpt>
   <trkpt lat="38.74851" lon="-9.09601"><ele>39.0</ele></trkpt>
   <trkpt lat="38.74817" lon="-9.09610"><ele>39.4</ele></trkpt>
   <trkpt lat="38.74782" lon="-9.09619"><ele>39.6</ele></trkpt>
   <trkpt lat="38.74749" lon="-9.09628"><ele>39.6</ele></trkpt>
   <trkpt lat="38.74714" lon="-9.09637"><ele>39.2</ele></trkpt>
   <trkpt lat="38.74681" lon="-9.09645"><ele>39.0</ele></trkpt>
   <trkpt lat="38.74650" lon="-9.09653"><ele>38.8</ele></trkpt>
   <trkpt lat="38.74620" lon="-9.09662"><ele>38.6</ele></trkpt>
   <trkpt lat="38.74586" lon="-9.09671"><ele>38.6</ele></trkpt>
   <trkpt lat="38.74557" lon="-9.09680"><ele>38.2</ele></trkpt>
   <trkpt lat="38.74522" lon="-9.09689"><ele>38.6</ele></trkpt>
   <trkpt lat="38.74489" lon="-9.09698"><ele>39.0</ele></trkpt>
   <trkpt lat="38.74458" lon="-9.09707"><ele>38.6</ele></trkpt>
   <trkpt lat="38.74428" lon="-9.09715"><ele>38.6</ele></trkpt>
   <trkpt lat="38.74416" lon="-9.09718"><ele>38.4</ele></trkpt>
   <trkpt lat="38.74408" lon="-9.09736"><ele>38.4</ele></trkpt>
   <trkpt lat="38.74418" lon="-9.09776"><ele>38.8</ele></trkpt>
   <trkpt lat="38.74420" lon="-9.09784"><ele>39.0</ele></trkpt>
   <trkpt lat="38.74417" lon="-9.09792"><ele>39.2</ele></trkpt>
   <trkpt lat="38.74383" lon="-9.09803"><ele>39.8</ele></trkpt>
   <trkpt lat="38.74353" lon="-9.09812"><ele>40.0</ele></trkpt>
   <trkpt lat="38.74348" lon="-9.09814"><ele>40.0</ele></trkpt>
   <trkpt lat="38.74319" lon="-9.09830"><ele>39.6</ele></trkpt>
   <trkpt lat="38.74308" lon="-9.09839"><ele>39.6</ele></trkpt>
   <trkpt lat="38.74292" lon="-9.09854"><ele>39.8</ele></trkpt>
   <trkpt lat="38.74270" lon="-9.09884"><ele>39.2</ele></trkpt>
   <trkpt lat="38.74248" lon="-9.09915"><ele>38.8</ele></trkpt>
   <trkpt lat="38.74224" lon="-9.09940"><ele>38.8</ele></trkpt>
   <trkpt lat="38.74199" lon="-9.09963"><ele>38.6</ele></trkpt>
   <trkpt lat="38.74183" lon="-9.09997"><ele>38.4</ele></trkpt>
   <trkpt lat="38.74171" lon="-9.10023"><ele>38.4</ele></trkpt>
   <trkpt lat="38.74146" lon="-9.10045"><ele>38.4</ele></trkpt>
   <trkpt lat="38.74120" lon="-9.10065"><ele>38.6</ele></trkpt>
   <trkpt lat="38.74089" lon="-9.10083"><ele>38.6</ele></trkpt>
   <trkpt lat="38.74058" lon="-9.10103"><ele>38.2</ele></trkpt>
   <trkpt lat="38.74037" lon="-9.10118"><ele>38.2</ele></trkpt>
   <trkpt lat="38.74008" lon="-9.10134"><ele>39.0</ele></trkpt>
   <trkpt lat="38.73978" lon="-9.10151"><ele>39.2</ele></trkpt>
   <trkpt lat="38.73947" lon="-9.10171"><ele>39.4</ele></trkpt>
   <trkpt lat="38.73920" lon="-9.10188"><ele>39.6</ele></trkpt>
   <trkpt lat="38.73891" lon="-9.10205"><ele>39.8</ele></trkpt>
   <trkpt lat="38.73880" lon="-9.10210"><ele>39.8</ele></trkpt>
   <trkpt lat="38.73868" lon="-9.10209"><ele>39.8</ele></trkpt>
   <trkpt lat="38.73849" lon="-9.10183"><ele>39.8</ele></trkpt>
   <trkpt lat="38.73832" lon="-9.10183"><ele>39.8</ele></trkpt>
   <trkpt lat="38.73806" lon="-9.10201"><ele>39.8</ele></trkpt>
   <trkpt lat="38.73777" lon="-9.10218"><ele>39.2</ele></trkpt>
   <trkpt lat="38.73749" lon="-9.10234"><ele>39.2</ele></trkpt>
   <trkpt lat="38.73722" lon="-9.10250"><ele>40.0</ele></trkpt>
   <trkpt lat="38.73691" lon="-9.10269"><ele>40.2</ele></trkpt>
   <trkpt lat="38.73664" lon="-9.10284"><ele>39.8</ele></trkpt>
   <trkpt lat="38.73640" lon="-9.10317"><ele>40.0</ele></trkpt>
   <trkpt lat="38.73636" lon="-9.10322"><ele>40.2</ele></trkpt>
   <trkpt lat="38.73613" lon="-9.10336"><ele>40.4</ele></trkpt>
   <trkpt lat="38.73579" lon="-9.10347"><ele>40.4</ele></trkpt>
   <trkpt lat="38.73548" lon="-9.10355"><ele>40.4</ele></trkpt>
   <trkpt lat="38.73515" lon="-9.10363"><ele>40.4</ele></trkpt>
   <trkpt lat="38.73486" lon="-9.10371"><ele>40.6</ele></trkpt>
   <trkpt lat="38.73453" lon="-9.10380"><ele>41.0</ele></trkpt>
   <trkpt lat="38.73418" lon="-9.10390"><ele>41.2</ele></trkpt>
   <trkpt lat="38.73383" lon="-9.10398"><ele>41.0</ele></trkpt>
   <trkpt lat="38.73350" lon="-9.10410"><ele>40.8</ele></trkpt>
   <trkpt lat="38.73319" lon="-9.10419"><ele>40.8</ele></trkpt>
   <trkpt lat="38.73314" lon="-9.10420"><ele>40.8</ele></trkpt>
   <trkpt lat="38.73284" lon="-9.10432"><ele>41.0</ele></trkpt>
   <trkpt lat="38.73251" lon="-9.10448"><ele>41.0</ele></trkpt>
   <trkpt lat="38.73228" lon="-9.10459"><ele>40.8</ele></trkpt>
   <trkpt lat="38.73200" lon="-9.10475"><ele>40.8</ele></trkpt>
   <trkpt lat="38.73171" lon="-9.10492"><ele>41.4</ele></trkpt>
   <trkpt lat="38.73140" lon="-9.10510"><ele>41.2</ele></trkpt>
   <trkpt lat="38.73110" lon="-9.10531"><ele>41.0</ele></trkpt>
   <trkpt lat="38.73097" lon="-9.10539"><ele>41.0</ele></trkpt>
   <trkpt lat="38.73068" lon="-9.10561"><ele>41.2</ele></trkpt>
   <trkpt lat="38.73038" lon="-9.10585"><ele>41.2</ele></trkpt>
   <trkpt lat="38.73009" lon="-9.10605"><ele>41.2</ele></trkpt>
   <trkpt lat="38.72980" lon="-9.10626"><ele>41.2</ele></trkpt>
   <trkpt lat="38.72952" lon="-9.10648"><ele>41.0</ele></trkpt>
   <trkpt lat="38.72946" lon="-9.10652"><ele>41.0</ele></trkpt>
   <trkpt lat="38.72920" lon="-9.10674"><ele>41.0</ele></trkpt>
   <trkpt lat="38.72891" lon="-9.10700"><ele>41.2</ele></trkpt>
   <trkpt lat="38.72871" lon="-9.10720"><ele>41.2</ele></trkpt>
   <trkpt lat="38.72845" lon="-9.10749"><ele>41.2</ele></trkpt>
   <trkpt lat="38.72818" lon="-9.10776"><ele>40.8</ele></trkpt>
   <trkpt lat="38.72808" lon="-9.10788"><ele>40.8</ele></trkpt>
   <trkpt lat="38.72785" lon="-9.10818"><ele>40.8</ele></trkpt>
   <trkpt lat="38.72764" lon="-9.10846"><ele>41.4</ele></trkpt>
   <trkpt lat="38.72742" lon="-9.10876"><ele>41.4</ele></trkpt>
   <trkpt lat="38.72720" lon="-9.10907"><ele>41.4</ele></trkpt>
   <trkpt lat="38.72696" lon="-9.10941"><ele>41.4</ele></trkpt>
   <trkpt lat="38.72673" lon="-9.10970"><ele>41.2</ele></trkpt>
   <trkpt lat="38.72665" lon="-9.10983"><ele>41.2</ele></trkpt>
   <trkpt lat="38.72638" lon="-9.11012"><ele>41.2</ele></trkpt>
   <trkpt lat="38.72629" lon="-9.11021"><ele>41.4</ele></trkpt>
   <trkpt lat="38.72602" lon="-9.11043"><ele>41.4</ele></trkpt>
   <trkpt lat="38.72576" lon="-9.11066"><ele>41.6</ele></trkpt>
   <trkpt lat="38.72549" lon="-9.11088"><ele>41.4</ele></trkpt>
   <trkpt lat="38.72523" lon="-9.11111"><ele>41.4</ele></trkpt>
   <trkpt lat="38.72495" lon="-9.11133"><ele>41.4</ele></trkpt>
   <trkpt lat="38.72468" lon="-9.11155"><ele>41.2</ele></trkpt>
   <trkpt lat="38.72442" lon="-9.11178"><ele>41.2</ele></trkpt>
   <trkpt lat="38.72415" lon="-9.11201"><ele>41.4</ele></trkpt>
   <trkpt lat="38.72408" lon="-9.11205"><ele>41.2</ele></trkpt>
   <trkpt lat="38.72382" lon="-9.11229"><ele>41.2</ele></trkpt>
   <trkpt lat="38.72356" lon="-9.11253"><ele>41.4</ele></trkpt>
   <trkpt lat="38.72329" lon="-9.11277"><ele>41.6</ele></trkpt>
   <trkpt lat="38.72304" lon="-9.11298"><ele>41.4</ele></trkpt>
   <trkpt lat="38.72277" lon="-9.11321"><ele>41.2</ele></trkpt>
   <trkpt lat="38.72251" lon="-9.11344"><ele>41.4</ele></trkpt>
   <trkpt lat="38.72224" lon="-9.11367"><ele>41.4</ele></trkpt>
   <trkpt lat="38.72196" lon="-9.11391"><ele>41.4</ele></trkpt>
   <trkpt lat="38.72171" lon="-9.11414"><ele>41.4</ele></trkpt>
   <trkpt lat="38.72145" lon="-9.11437"><ele>41.6</ele></trkpt>
   <trkpt lat="38.72118" lon="-9.11460"><ele>41.6</ele></trkpt>
   <trkpt lat="38.72091" lon="-9.11483"><ele>41.8</ele></trkpt>
   <trkpt lat="38.72066" lon="-9.11506"><ele>41.8</ele></trkpt>
   <trkpt lat="38.72037" lon="-9.11531"><ele>41.8</ele></trkpt>
   <trkpt lat="38.72011" lon="-9.11553"><ele>41.6</ele></trkpt>
   <trkpt lat="38.71983" lon="-9.11577"><ele>41.4</ele></trkpt>
   <trkpt lat="38.71974" lon="-9.11585"><ele>41.4</ele></trkpt>
   <trkpt lat="38.71966" lon="-9.11597"><ele>41.4</ele></trkpt>
   <trkpt lat="38.71973" lon="-9.11594"><ele>41.4</ele></trkpt>
   <trkpt lat="38.71994" lon="-9.11602"><ele>41.4</ele></trkpt>
   <trkpt lat="38.72024" lon="-9.11577"><ele>41.6</ele></trkpt>
   <trkpt lat="38.72054" lon="-9.11556"><ele>41.8</ele></trkpt>
   <trkpt lat="38.72080" lon="-9.11533"><ele>41.8</ele></trkpt>
   <trkpt lat="38.72106" lon="-9.11510"><ele>41.8</ele></trkpt>
   <trkpt lat="38.72118" lon="-9.11496"><ele>41.6</ele></trkpt>
   <trkpt lat="38.72089" lon="-9.11518"><ele>41.4</ele></trkpt>
   <trkpt lat="38.72060" lon="-9.11543"><ele>42.2</ele></trkpt>
   <trkpt lat="38.72034" lon="-9.11566"><ele>44.4</ele></trkpt>
   <trkpt lat="38.72005" lon="-9.11591"><ele>47.0</ele></trkpt>
   <trkpt lat="38.71977" lon="-9.11613"><ele>49.2</ele></trkpt>
   <trkpt lat="38.71966" lon="-9.11629"><ele>50.0</ele></trkpt>
   <trkpt lat="38.71966" lon="-9.11641"><ele>50.4</ele></trkpt>
   <trkpt lat="38.71984" lon="-9.11676"><ele>50.8</ele></trkpt>
   <trkpt lat="38.72004" lon="-9.11712"><ele>50.6</ele></trkpt>
   <trkpt lat="38.72024" lon="-9.11747"><ele>50.0</ele></trkpt>
   <trkpt lat="38.72045" lon="-9.11784"><ele>49.2</ele></trkpt>
   <trkpt lat="38.72063" lon="-9.11820"><ele>49.2</ele></trkpt>
   <trkpt lat="38.72082" lon="-9.11854"><ele>50.6</ele></trkpt>
   <trkpt lat="38.72102" lon="-9.11888"><ele>52.2</ele></trkpt>
   <trkpt lat="38.72124" lon="-9.11920"><ele>55.4</ele></trkpt>
   <trkpt lat="38.72147" lon="-9.11951"><ele>58.0</ele></trkpt>
   <trkpt lat="38.72169" lon="-9.11985"><ele>59.8</ele></trkpt>
   <trkpt lat="38.72193" lon="-9.12017"><ele>62.0</ele></trkpt>
   <trkpt lat="38.72216" lon="-9.12050"><ele>64.2</ele></trkpt>
   <trkpt lat="38.72239" lon="-9.12082"><ele>66.4</ele></trkpt>
   <trkpt lat="38.72245" lon="-9.12092"><ele>67.0</ele></trkpt>
   <trkpt lat="38.72270" lon="-9.12122"><ele>69.0</ele></trkpt>
   <trkpt lat="38.72272" lon="-9.12124"><ele>69.2</ele></trkpt>
   <trkpt lat="38.72302" lon="-9.12146"><ele>71.4</ele></trkpt>
   <trkpt lat="38.72310" lon="-9.12151"><ele>71.8</ele></trkpt>
   <trkpt lat="38.72335" lon="-9.12162"><ele>72.6</ele></trkpt>
   <trkpt lat="38.72369" lon="-9.12173"><ele>74.4</ele></trkpt>
   <trkpt lat="38.72400" lon="-9.12185"><ele>76.0</ele></trkpt>
   <trkpt lat="38.72407" lon="-9.12188"><ele>76.6</ele></trkpt>
   <trkpt lat="38.72441" lon="-9.12195"><ele>77.4</ele></trkpt>
   <trkpt lat="38.72474" lon="-9.12205"><ele>79.4</ele></trkpt>
   <trkpt lat="38.72483" lon="-9.12207"><ele>79.8</ele></trkpt>
   <trkpt lat="38.72516" lon="-9.12220"><ele>80.4</ele></trkpt>
   <trkpt lat="38.72550" lon="-9.12233"><ele>81.0</ele></trkpt>
   <trkpt lat="38.72575" lon="-9.12244"><ele>82.4</ele></trkpt>
   <trkpt lat="38.72606" lon="-9.12264"><ele>83.4</ele></trkpt>
   <trkpt lat="38.72638" lon="-9.12282"><ele>84.4</ele></trkpt>
   <trkpt lat="38.72665" lon="-9.12298"><ele>85.4</ele></trkpt>
   <trkpt lat="38.72695" lon="-9.12315"><ele>86.2</ele></trkpt>
   <trkpt lat="38.72722" lon="-9.12336"><ele>87.0</ele></trkpt>
   <trkpt lat="38.72752" lon="-9.12360"><ele>88.8</ele></trkpt>
   <trkpt lat="38.72769" lon="-9.12373"><ele>89.4</ele></trkpt>
   <trkpt lat="38.72800" lon="-9.12388"><ele>90.6</ele></trkpt>
   <trkpt lat="38.72810" lon="-9.12395"><ele>91.2</ele></trkpt>
   <trkpt lat="38.72830" lon="-9.12430"><ele>92.6</ele></trkpt>
   <trkpt lat="38.72833" lon="-9.12434"><ele>92.6</ele></trkpt>
   <trkpt lat="38.72861" lon="-9.12460"><ele>94.8</ele></trkpt>
   <trkpt lat="38.72877" lon="-9.12475"><ele>96.0</ele></trkpt>
   <trkpt lat="38.72900" lon="-9.12505"><ele>97.2</ele></trkpt>
   <trkpt lat="38.72923" lon="-9.12535"><ele>99.2</ele></trkpt>
   <trkpt lat="38.72949" lon="-9.12565"><ele>101.6</ele></trkpt>
   <trkpt lat="38.72972" lon="-9.12598"><ele>103.8</ele></trkpt>
   <trkpt lat="38.72995" lon="-9.12629"><ele>105.8</ele></trkpt>
   <trkpt lat="38.73018" lon="-9.12663"><ele>108.4</ele></trkpt>
   <trkpt lat="38.73041" lon="-9.12695"><ele>110.2</ele></trkpt>
   <trkpt lat="38.73054" lon="-9.12714"><ele>111.4</ele></trkpt>
   <trkpt lat="38.73069" lon="-9.12716"><ele>112.0</ele></trkpt>
   <trkpt lat="38.73102" lon="-9.12700"><ele>113.0</ele></trkpt>
   <trkpt lat="38.73119" lon="-9.12689"><ele>113.6</ele></trkpt>
   <trkpt lat="38.73130" lon="-9.12688"><ele>113.2</ele></trkpt>
   <trkpt lat="38.73136" lon="-9.12693"><ele>113.2</ele></trkpt>
   <trkpt lat="38.73157" lon="-9.12726"><ele>112.8</ele></trkpt>
   <trkpt lat="38.73177" lon="-9.12760"><ele>112.6</ele></trkpt>
   <trkpt lat="38.73194" lon="-9.12789"><ele>112.6</ele></trkpt>
   <trkpt lat="38.73208" lon="-9.12825"><ele>112.8</ele></trkpt>
   <trkpt lat="38.73225" lon="-9.12858"><ele>112.4</ele></trkpt>
   <trkpt lat="38.73233" lon="-9.12892"><ele>112.0</ele></trkpt>
   <trkpt lat="38.73239" lon="-9.12927"><ele>111.2</ele></trkpt>
   <trkpt lat="38.73246" lon="-9.12962"><ele>110.2</ele></trkpt>
   <trkpt lat="38.73252" lon="-9.12994"><ele>109.0</ele></trkpt>
   <trkpt lat="38.73264" lon="-9.13033"><ele>107.2</ele></trkpt>
   <trkpt lat="38.73273" lon="-9.13072"><ele>105.8</ele></trkpt>
   <trkpt lat="38.73282" lon="-9.13106"><ele>105.2</ele></trkpt>
   <trkpt lat="38.73291" lon="-9.13143"><ele>104.6</ele></trkpt>
   <trkpt lat="38.73303" lon="-9.13185"><ele>102.0</ele></trkpt>
   <trkpt lat="38.73311" lon="-9.13221"><ele>99.0</ele></trkpt>
   <trkpt lat="38.73325" lon="-9.13259"><ele>97.8</ele></trkpt>
   <trkpt lat="38.73340" lon="-9.13292"><ele>96.2</ele></trkpt>
   <trkpt lat="38.73350" lon="-9.13334"><ele>95.8</ele></trkpt>
   <trkpt lat="38.73352" lon="-9.13343"><ele>95.8</ele></trkpt>
   <trkpt lat="38.73367" lon="-9.13378"><ele>95.4</ele></trkpt>
   <trkpt lat="38.73386" lon="-9.13406"><ele>95.4</ele></trkpt>
   <trkpt lat="38.73397" lon="-9.13412"><ele>95.4</ele></trkpt>
   <trkpt lat="38.73421" lon="-9.13412"><ele>96.8</ele></trkpt>
   <trkpt lat="38.73456" lon="-9.13406"><ele>97.4</ele></trkpt>
   <trkpt lat="38.73487" lon="-9.13403"><ele>97.6</ele></trkpt>
   <trkpt lat="38.73522" lon="-9.13402"><ele>98.0</ele></trkpt>
   <trkpt lat="38.73551" lon="-9.13399"><ele>98.6</ele></trkpt>
   <trkpt lat="38.73582" lon="-9.13394"><ele>99.2</ele></trkpt>
   <trkpt lat="38.73617" lon="-9.13388"><ele>99.8</ele></trkpt>
   <trkpt lat="38.73643" lon="-9.13385"><ele>100.2</ele></trkpt>
   <trkpt lat="38.73676" lon="-9.13387"><ele>101.0</ele></trkpt>
   <trkpt lat="38.73697" lon="-9.13387"><ele>101.6</ele></trkpt>
   <trkpt lat="38.73732" lon="-9.13383"><ele>103.0</ele></trkpt>
   <trkpt lat="38.73737" lon="-9.13382"><ele>103.4</ele></trkpt>
   <trkpt lat="38.73736" lon="-9.13426"><ele>103.4</ele></trkpt>
   <trkpt lat="38.73737" lon="-9.13440"><ele>103.2</ele></trkpt>
   <trkpt lat="38.73733" lon="-9.13479"><ele>104.4</ele></trkpt>
   <trkpt lat="38.73727" lon="-9.13497"><ele>105.4</ele></trkpt>
   <trkpt lat="38.73726" lon="-9.13538"><ele>109.0</ele></trkpt>
   <trkpt lat="38.73721" lon="-9.13581"><ele>113.6</ele></trkpt>
   <trkpt lat="38.73715" lon="-9.13624"><ele>117.0</ele></trkpt>
   <trkpt lat="38.73703" lon="-9.13632"><ele>118.4</ele></trkpt>
   <trkpt lat="38.73669" lon="-9.13629"><ele>119.6</ele></trkpt>
   <trkpt lat="38.73661" lon="-9.13629"><ele>119.8</ele></trkpt>
   <trkpt lat="38.73627" lon="-9.13639"><ele>120.4</ele></trkpt>
   <trkpt lat="38.73620" lon="-9.13641"><ele>120.8</ele></trkpt>
  </trkseg>
 </trk>
</gpx>
