<?xml version="1.0" encoding="UTF-8"?>
<gpx version="1.1" creator="Wind Cycling" xmlns="http://www.topografix.com/GPX/1/1">
 <trk>
  <name>Lisboa-Cascais</name>
  <trkseg>
   <trkpt lat="38.73621" lon="-9.13625"><ele>86.4</ele></trkpt>
   <trkpt lat="38.73627" lon="-9.13621"><ele>96.8</ele></trkpt>
   <trkpt lat="38.73639" lon="-9.13624"><ele>96.4</ele></trkpt>
   <trkpt lat="38.73645" lon="-9.13634"><ele>96.2</ele></trkpt>
   <trkpt lat="38.73650" lon="-9.13620"><ele>96.4</ele></trkpt>
   <trkpt lat="38.73653" lon="-9.13581"><ele>95.8</ele></trkpt>
   <trkpt lat="38.73655" lon="-9.13541"><ele>94.2</ele></trkpt>
   <trkpt lat="38.73659" lon="-9.13500"><ele>92.2</ele></trkpt>
   <trkpt lat="38.73659" lon="-9.13486"><ele>91.0</ele></trkpt>
   <trkpt lat="38.73656" lon="-9.13448"><ele>88.8</ele></trkpt>
   <trkpt lat="38.73654" lon="-9.13414"><ele>84.0</ele></trkpt>
   <trkpt lat="38.73644" lon="-9.13405"><ele>81.2</ele></trkpt>
   <trkpt lat="38.73613" lon="-9.13408"><ele>78.4</ele></trkpt>
   <trkpt lat="38.73581" lon="-9.13410"><ele>77.0</ele></trkpt>
   <trkpt lat="38.73564" lon="-9.13410"><ele>76.8</ele></trkpt>
   <trkpt lat="38.73530" lon="-9.13416"><ele>76.2</ele></trkpt>
   <trkpt lat="38.73498" lon="-9.13419"><ele>76.0</ele></trkpt>
   <trkpt lat="38.73465" lon="-9.13425"><ele>75.6</ele></trkpt>
   <trkpt lat="38.73435" lon="-9.13429"><ele>75.2</ele></trkpt>
   <trkpt lat="38.73402" lon="-9.13432"><ele>74.6</ele></trkpt>
   <trkpt lat="38.73369" lon="-9.13438"><ele>74.2</ele></trkpt>
   <trkpt lat="38.73359" lon="-9.13440"><ele>74.0</ele></trkpt>
   <trkpt lat="38.73327" lon="-9.13437"><ele>73.4</ele></trkpt>
   <trkpt lat="38.73307" lon="-9.13438"><ele>73.0</ele></trkpt>
   <trkpt lat="38.73273" lon="-9.13448"><ele>72.6</ele></trkpt>
   <trkpt lat="38.73242" lon="-9.13445"><ele>72.4</ele></trkpt>
   <trkpt lat="38.73208" lon="-9.13446"><ele>72.2</ele></trkpt>
   <trkpt lat="38.73180" lon="-9.13443"><ele>72.2</ele></trkpt>
   <trkpt lat="38.73146" lon="-9.13439"><ele>72.2</ele></trkpt>
   <trkpt lat="38.73131" lon="-9.13439"><ele>72.0</ele></trkpt>
   <trkpt lat="38.73110" lon="-9.13453"><ele>71.4</ele></trkpt>
   <trkpt lat="38.73082" lon="-9.13452"><ele>71.2</ele></trkpt>
   <trkpt lat="38.73073" lon="-9.13450"><ele>71.2</ele></trkpt>
   <trkpt lat="38.73040" lon="-9.13455"><ele>70.8</ele></trkpt>
   <trkpt lat="38.73009" lon="-9.13460"><ele>70.2</ele></trkpt>
   <trkpt lat="38.72998" lon="-9.13462"><ele>69.4</ele></trkpt>
   <trkpt lat="38.72971" lon="-9.13461"><ele>68.8</ele></trkpt>
   <trkpt lat="38.72953" lon="-9.13468"><ele>68.0</ele></trkpt>
   <trkpt lat="38.72921" lon="-9.13471"><ele>67.8</ele></trkpt>
   <trkpt lat="38.72890" lon="-9.13472"><ele>67.4</ele></trkpt>
   <trkpt lat="38.72857" lon="-9.13474"><ele>67.0</ele></trkpt>
   <trkpt lat="38.72824" lon="-9.13476"><ele>66.4</ele></trkpt>
   <trkpt lat="38.72816" lon="-9.13476"><ele>66.2</ele></trkpt>
   <trkpt lat="38.72789" lon="-9.13489"><ele>65.4</ele></trkpt>
   <trkpt lat="38.72761" lon="-9.13491"><ele>64.6</ele></trkpt>
   <trkpt lat="38.72731" lon="-9.13492"><ele>64.0</ele></trkpt>
   <trkpt lat="38.72699" lon="-9.13491"><ele>63.2</ele></trkpt>
   <trkpt lat="38.72671" lon="-9.13491"><ele>62.6</ele></trkpt>
   <trkpt lat="38.72639" lon="-9.13490"><ele>61.4</ele></trkpt>
   <trkpt lat="38.72612" lon="-9.13503"><ele>60.4</ele></trkpt>
   <trkpt lat="38.72577" lon="-9.13503"><ele>59.0</ele></trkpt>
   <trkpt lat="38.72545" lon="-9.13505"><ele>58.2</ele></trkpt>
   <trkpt lat="38.72529" lon="-9.13505"><ele>57.4</ele></trkpt>
   <trkpt lat="38.72497" lon="-9.13510"><ele>56.0</ele></trkpt>
   <trkpt lat="38.72463" lon="-9.13517"><ele>53.2</ele></trkpt>
   <trkpt lat="38.72433" lon="-9.13521"><ele>52.6</ele></trkpt>
   <trkpt lat="38.72401" lon="-9.13521"><ele>52.0</ele></trkpt>
   <trkpt lat="38.72368" lon="-9.13523"><ele>51.8</ele></trkpt>
   <trkpt lat="38.72358" lon="-9.13523"><ele>51.6</ele></trkpt>
   <trkpt lat="38.72330" lon="-9.13527"><ele>51.0</ele></trkpt>
   <trkpt lat="38.72298" lon="-9.13532"><ele>50.4</ele></trkpt>
   <trkpt lat="38.72268" lon="-9.13531"><ele>49.8</ele></trkpt>
   <trkpt lat="38.72233" lon="-9.13529"><ele>48.6</ele></trkpt>
   <trkpt lat="38.72204" lon="-9.13532"><ele>48.0</ele></trkpt>
   <trkpt lat="38.72172" lon="-9.13535"><ele>47.4</ele></trkpt>
   <trkpt lat="38.72137" lon="-9.13536"><ele>46.0</ele></trkpt>
   <trkpt lat="38.72126" lon="-9.13537"><ele>45.6</ele></trkpt>
   <trkpt lat="38.72096" lon="-9.13542"><ele>44.4</ele></trkpt>
   <trkpt lat="38.72065" lon="-9.13549"><ele>43.6</ele></trkpt>
   <trkpt lat="38.72049" lon="-9.13551"><ele>43.2</ele></trkpt>
   <trkpt lat="38.72018" lon="-9.13552"><ele>42.4</ele></trkpt>
   <trkpt lat="38.71997" lon="-9.13552"><ele>41.8</ele></trkpt>
   <trkpt lat="38.71981" lon="-9.13562"><ele>40.0</ele></trkpt>
   <trkpt lat="38.71947" lon="-9.13566"><ele>39.4</ele></trkpt>
   <trkpt lat="38.71927" lon="-9.13569"><ele>39.2</ele></trkpt>
   <trkpt lat="38.71896" lon="-9.13571"><ele>38.8</ele></trkpt>
   <trkpt lat="38.71863" lon="-9.13573"><ele>38.4</ele></trkpt>
   <trkpt lat="38.71830" lon="-9.13574"><ele>37.4</ele></trkpt>
   <trkpt lat="38.71796" lon="-9.13575"><ele>36.0</ele></trkpt>
   <trkpt lat="38.71762" lon="-9.13576"><ele>35.4</ele></trkpt>
   <trkpt lat="38.71727" lon="-9.13578"><ele>34.4</ele></trkpt>
   <trkpt lat="38.71708" lon="-9.13577"><ele>33.8</ele></trkpt>
   <trkpt lat="38.71701" lon="-9.13586"><ele>33.6</ele></trkpt>
   <trkpt lat="38.71695" lon="-9.13586"><ele>33.6</ele></trkpt>
   <trkpt lat="38.71681" lon="-9.13566"><ele>33.4</ele></trkpt>
   <trkpt lat="38.71663" lon="-9.13562"><ele>33.2</ele></trkpt>
   <trkpt lat="38.71640" lon="-9.13578"><ele>33.0</ele></trkpt>
   <trkpt lat="38.71608" lon="-9.13590"><ele>32.6</ele></trkpt>
   <trkpt lat="38.71578" lon="-9.13605"><ele>32.0</ele></trkpt>
   <trkpt lat="38.71546" lon="-9.13617"><ele>31.2</ele></trkpt>
   <trkpt lat="38.71522" lon="-9.13629"><ele>30.8</ele></trkpt>
   <trkpt lat="38.71487" lon="-9.13632"><ele>30.4</ele></trkpt>
   <trkpt lat="38.71457" lon="-9.13641"><ele>29.6</ele></trkpt>
   <trkpt lat="38.71431" lon="-9.13647"><ele>29.0</ele></trkpt>
   <trkpt lat="38.71424" lon="-9.13658"><ele>28.8</ele></trkpt>
   <trkpt lat="38.71416" lon="-9.13702"><ele>28.6</ele></trkpt>
   <trkpt lat="38.71412" lon="-9.13730"><ele>28.2</ele></trkpt>
   <trkpt lat="38.71397" lon="-9.13750"><ele>27.8</ele></trkpt>
   <trkpt lat="38.71363" lon="-9.13739"><ele>28.0</ele></trkpt>
   <trkpt lat="38.71355" lon="-9.13738"><ele>28.0</ele></trkpt>
   <trkpt lat="38.71339" lon="-9.13753"><ele>27.0</ele></trkpt>
   <trkpt lat="38.71330" lon="-9.13779"><ele>26.8</ele></trkpt>
   <trkpt lat="38.71319" lon="-9.13782"><ele>26.8</ele></trkpt>
   <trkpt lat="38.71286" lon="-9.13771"><ele>26.4</ele></trkpt>
   <trkpt lat="38.71253" lon="-9.13759"><ele>26.2</ele></trkpt>
   <trkpt lat="38.71222" lon="-9.13747"><ele>26.0</ele></trkpt>
   <trkpt lat="38.71189" lon="-9.13736"><ele>26.0</ele></trkpt>
   <trkpt lat="38.71156" lon="-9.13723"><ele>25.4</ele></trkpt>
   <trkpt lat="38.71150" lon="-9.13721"><ele>25.4</ele></trkpt>
   <trkpt lat="38.71117" lon="-9.13707"><ele>24.6</ele></trkpt>
   <trkpt lat="38.71089" lon="-9.13695"><ele>24.4</ele></trkpt>
   <trkpt lat="38.71061" lon="-9.13683"><ele>24.2</ele></trkpt>
   <trkpt lat="38.71027" lon="-9.13673"><ele>24.0</ele></trkpt>
   <trkpt lat="38.70995" lon="-9.13658"><ele>23.6</ele></trkpt>
   <trkpt lat="38.70963" lon="-9.13645"><ele>22.2</ele></trkpt>
   <trkpt lat="38.70929" lon="-9.13632"><ele>21.6</ele></trkpt>
   <trkpt lat="38.70898" lon="-9.13620"><ele>21.4</ele></trkpt>
   <trkpt lat="38.70871" lon="-9.13609"><ele>21.4</ele></trkpt>
   <trkpt lat="38.70848" lon="-9.13604"><ele>21.2</ele></trkpt>
   <trkpt lat="38.70837" lon="-9.13613"><ele>21.2</ele></trkpt>
   <trkpt lat="38.70829" lon="-9.13655"><ele>20.8</ele></trkpt>
   <trkpt lat="38.70823" lon="-9.13699"><ele>20.4</ele></trkpt>
   <trkpt lat="38.70814" lon="-9.13742"><ele>20.2</ele></trkpt>
   <trkpt lat="38.70808" lon="-9.13778"><ele>20.4</ele></trkpt>
   <trkpt lat="38.70797" lon="-9.13820"><ele>21.0</ele></trkpt>
   <trkpt lat="38.70786" lon="-9.13857"><ele>21.0</ele></trkpt>
   <trkpt lat="38.70782" lon="-9.13896"><ele>21.0</ele></trkpt>
   <trkpt lat="38.70772" lon="-9.13940"><ele>21.0</ele></trkpt>
   <trkpt lat="38.70759" lon="-9.13979"><ele>21.4</ele></trkpt>
   <trkpt lat="38.70751" lon="-9.14004"><ele>21.6</ele></trkpt>
   <trkpt lat="38.70741" lon="-9.14046"><ele>21.4</ele></trkpt>
   <trkpt lat="38.70731" lon="-9.14090"><ele>21.4</ele></trkpt>
   <trkpt lat="38.70721" lon="-9.14126"><ele>21.4</ele></trkpt>
   <trkpt lat="38.70714" lon="-9.14164"><ele>21.0</ele></trkpt>
   <trkpt lat="38.70710" lon="-9.14202"><ele>20.6</ele></trkpt>
   <trkpt lat="38.70696" lon="-9.14243"><ele>20.4</ele></trkpt>
   <trkpt lat="38.70681" lon="-9.14279"><ele>20.4</ele></trkpt>
   <trkpt lat="38.70667" lon="-9.14318"><ele>20.8</ele></trkpt>
   <trkpt lat="38.70670" lon="-9.14359"><ele>21.2</ele></trkpt>
   <trkpt lat="38.70646" lon="-9.14384"><ele>21.2</ele></trkpt>
   <trkpt lat="38.70640" lon="-9.14396"><ele>21.2</ele></trkpt>
   <trkpt lat="38.70645" lon="-9.14437"><ele>20.8</ele></trkpt>
   <trkpt lat="38.70649" lon="-9.14470"><ele>20.4</ele></trkpt>
   <trkpt lat="38.70658" lon="-9.14501"><ele>19.8</ele></trkpt>
   <trkpt lat="38.70659" lon="-9.14542"><ele>20.0</ele></trkpt>
   <trkpt lat="38.70657" lon="-9.14584"><ele>19.8</ele></trkpt>
   <trkpt lat="38.70658" lon="-9.14626"><ele>19.8</ele></trkpt>
   <trkpt lat="38.70658" lon="-9.14668"><ele>19.8</ele></trkpt>
   <trkpt lat="38.70658" lon="-9.14706"><ele>19.6</ele></trkpt>
   <trkpt lat="38.70659" lon="-9.14751"><ele>19.8</ele></trkpt>
   <trkpt lat="38.70659" lon="-9.14791"><ele>19.8</ele></trkpt>
   <trkpt lat="38.70661" lon="-9.14830"><ele>19.8</ele></trkpt>
   <trkpt lat="38.70665" lon="-9.14870"><ele>19.8</ele></trkpt>
   <trkpt lat="38.70670" lon="-9.14912"><ele>19.6</ele></trkpt>
   <trkpt lat="38.70673" lon="-9.14933"><ele>19.4</ele></trkpt>
   <trkpt lat="38.70670" lon="-9.14947"><ele>19.4</ele></trkpt>
   <trkpt lat="38.70671" lon="-9.14992"><ele>19.4</ele></trkpt>
   <trkpt lat="38.70673" lon="-9.15011"><ele>19.4</ele></trkpt>
   <trkpt lat="38.70666" lon="-9.15054"><ele>19.0</ele></trkpt>
   <trkpt lat="38.70667" lon="-9.15098"><ele>18.8</ele></trkpt>
   <trkpt lat="38.70666" lon="-9.15143"><ele>19.2</ele></trkpt>
   <trkpt lat="38.70664" lon="-9.15183"><ele>19.4</ele></trkpt>
   <trkpt lat="38.70663" lon="-9.15191"><ele>19.4</ele></trkpt>
   <trkpt lat="38.70663" lon="-9.15232"><ele>19.6</ele></trkpt>
   <trkpt lat="38.70663" lon="-9.15273"><ele>20.0</ele></trkpt>
   <trkpt lat="38.70663" lon="-9.15312"><ele>20.0</ele></trkpt>
   <trkpt lat="38.70663" lon="-9.15320"><ele>20.2</ele></trkpt>
   <trkpt lat="38.70665" lon="-9.15359"><ele>20.4</ele></trkpt>
   <trkpt lat="38.70667" lon="-9.15398"><ele>20.4</ele></trkpt>
   <trkpt lat="38.70669" lon="-9.15414"><ele>20.4</ele></trkpt>
   <trkpt lat="38.70669" lon="-9.15453"><ele>20.6</ele></trkpt>
   <trkpt lat="38.70666" lon="-9.15495"><ele>21.0</ele></trkpt>
   <trkpt lat="38.70657" lon="-9.15536"><ele>20.8</ele></trkpt>
   <trkpt lat="38.70648" lon="-9.15579"><ele>21.0</ele></trkpt>
   <trkpt lat="38.70644" lon="-9.15593"><ele>21.0</ele></trkpt>
   <trkpt lat="38.70629" lon="-9.15628"><ele>21.0</ele></trkpt>
   <trkpt lat="38.70611" lon="-9.15663"><ele>20.8</ele></trkpt>
   <trkpt lat="38.70595" lon="-9.15699"><ele>20.8</ele></trkpt>
   <trkpt lat="38.70581" lon="-9.15736"><ele>20.4</ele></trkpt>
   <trkpt lat="38.70578" lon="-9.15743"><ele>20.4</ele></trkpt>
   <trkpt lat="38.70561" lon="-9.15778"><ele>20.0</ele></trkpt>
   <trkpt lat="38.70545" lon="-9.15813"><ele>19.4</ele></trkpt>
   <trkpt lat="38.70529" lon="-9.15846"><ele>19.4</ele></trkpt>
   <trkpt lat="38.70513" lon="-9.15880"><ele>19.4</ele></trkpt>
   <trkpt lat="38.70497" lon="-9.15914"><ele>19.6</ele></trkpt>
   <trkpt lat="38.70481" lon="-9.15947"><ele>19.6</ele></trkpt>
   <trkpt lat="38.70465" lon="-9.15979"><ele>19.8</ele></trkpt>
   <trkpt lat="38.70453" lon="-9.16006"><ele>20.0</ele></trkpt>
   <trkpt lat="38.70441" lon="-9.16041"><ele>20.0</ele></trkpt>
   <trkpt lat="38.70428" lon="-9.16076"><ele>19.6</ele></trkpt>
   <trkpt lat="38.70415" lon="-9.16118"><ele>19.4</ele></trkpt>
   <trkpt lat="38.70413" lon="-9.16125"><ele>19.4</ele></trkpt>
   <trkpt lat="38.70404" lon="-9.16168"><ele>19.4</ele></trkpt>
   <trkpt lat="38.70394" lon="-9.16212"><ele>19.4</ele></trkpt>
   <trkpt lat="38.70385" lon="-9.16255"><ele>19.4</ele></trkpt>
   <trkpt lat="38.70378" lon="-9.16299"><ele>19.2</ele></trkpt>
   <trkpt lat="38.70371" lon="-9.16344"><ele>19.4</ele></trkpt>
   <trkpt lat="38.70370" lon="-9.16350"><ele>19.4</ele></trkpt>
   <trkpt lat="38.70367" lon="-9.16393"><ele>19.8</ele></trkpt>
   <trkpt lat="38.70363" lon="-9.16438"><ele>19.4</ele></trkpt>
   <trkpt lat="38.70362" lon="-9.16482"><ele>19.2</ele></trkpt>
   <trkpt lat="38.70364" lon="-9.16525"><ele>19.4</ele></trkpt>
   <trkpt lat="38.70363" lon="-9.16568"><ele>19.4</ele></trkpt>
   <trkpt lat="38.70366" lon="-9.16612"><ele>19.2</ele></trkpt>
   <trkpt lat="38.70367" lon="-9.16652"><ele>19.6</ele></trkpt>
   <trkpt lat="38.70368" lon="-9.16696"><ele>19.6</ele></trkpt>
   <trkpt lat="38.70368" lon="-9.16737"><ele>19.6</ele></trkpt>
   <trkpt lat="38.70369" lon="-9.16782"><ele>18.8</ele></trkpt>
   <trkpt lat="38.70369" lon="-9.16786"><ele>18.8</ele></trkpt>
   <trkpt lat="38.70373" lon="-9.16793"><ele>18.6</ele></trkpt>
   <trkpt lat="38.70370" lon="-9.16807"><ele>18.8</ele></trkpt>
   <trkpt lat="38.70370" lon="-9.16849"><ele>18.8</ele></trkpt>
   <trkpt lat="38.70370" lon="-9.16889"><ele>19.0</ele></trkpt>
   <trkpt lat="38.70370" lon="-9.16934"><ele>19.2</ele></trkpt>
   <trkpt lat="38.70371" lon="-9.16977"><ele>19.2</ele></trkpt>
   <trkpt lat="38.70371" lon="-9.17018"><ele>19.2</ele></trkpt>
   <trkpt lat="38.70369" lon="-9.17062"><ele>19.2</ele></trkpt>
   <trkpt lat="38.70369" lon="-9.17071"><ele>19.2</ele></trkpt>
   <trkpt lat="38.70359" lon="-9.17113"><ele>19.2</ele></trkpt>
   <trkpt lat="38.70349" lon="-9.17156"><ele>19.2</ele></trkpt>
   <trkpt lat="38.70340" lon="-9.17197"><ele>19.4</ele></trkpt>
   <trkpt lat="38.70331" lon="-9.17236"><ele>19.2</ele></trkpt>
   <trkpt lat="38.70321" lon="-9.17276"><ele>19.6</ele></trkpt>
   <trkpt lat="38.70319" lon="-9.17286"><ele>19.4</ele></trkpt>
   <trkpt lat="38.70308" lon="-9.17323"><ele>19.4</ele></trkpt>
   <trkpt lat="38.70294" lon="-9.17360"><ele>19.4</ele></trkpt>
   <trkpt lat="38.70282" lon="-9.17398"><ele>19.4</ele></trkpt>
   <trkpt lat="38.70278" lon="-9.17442"><ele>19.4</ele></trkpt>
   <trkpt lat="38.70277" lon="-9.17486"><ele>19.4</ele></trkpt>
   <trkpt lat="38.70276" lon="-9.17491"><ele>19.4</ele></trkpt>
   <trkpt lat="38.70257" lon="-9.17527"><ele>19.4</ele></trkpt>
   <trkpt lat="38.70253" lon="-9.17532"><ele>19.4</ele></trkpt>
   <trkpt lat="38.70223" lon="-9.17553"><ele>19.2</ele></trkpt>
   <trkpt lat="38.70194" lon="-9.17577"><ele>19.0</ele></trkpt>
   <trkpt lat="38.70188" lon="-9.17583"><ele>19.0</ele></trkpt>
   <trkpt lat="38.70165" lon="-9.17614"><ele>19.6</ele></trkpt>
   <trkpt lat="38.70147" lon="-9.17639"><ele>19.6</ele></trkpt>
   <trkpt lat="38.70127" lon="-9.17674"><ele>19.6</ele></trkpt>
   <trkpt lat="38.70110" lon="-9.17710"><ele>19.6</ele></trkpt>
   <trkpt lat="38.70090" lon="-9.17744"><ele>19.6</ele></trkpt>
   <trkpt lat="38.70072" lon="-9.17779"><ele>19.4</ele></trkpt>
   <trkpt lat="38.70052" lon="-9.17815"><ele>19.4</ele></trkpt>
   <trkpt lat="38.70036" lon="-9.17849"><ele>19.4</ele></trkpt>
   <trkpt lat="38.70019" lon="-9.17882"><ele>19.4</ele></trkpt>
   <trkpt lat="38.70002" lon="-9.17916"><ele>19.6</ele></trkpt>
   <trkpt lat="38.69985" lon="-9.17952"><ele>19.8</ele></trkpt>
   <trkpt lat="38.69981" lon="-9.17959"><ele>19.6</ele></trkpt>
   <trkpt lat="38.69966" lon="-9.17996"><ele>19.6</ele></trkpt>
   <trkpt lat="38.69952" lon="-9.18032"><ele>19.6</ele></trkpt>
   <trkpt lat="38.69936" lon="-9.18068"><ele>19.6</ele></trkpt>
   <trkpt lat="38.69921" lon="-9.18106"><ele>19.4</ele></trkpt>
   <trkpt lat="38.69918" lon="-9.18114"><ele>19.4</ele></trkpt>
   <trkpt lat="38.69905" lon="-9.18153"><ele>19.4</ele></trkpt>
   <trkpt lat="38.69892" lon="-9.18191"><ele>19.4</ele></trkpt>
   <trkpt lat="38.69879" lon="-9.18230"><ele>19.4</ele></trkpt>
   <trkpt lat="38.69867" lon="-9.18269"><ele>19.4</ele></trkpt>
   <trkpt lat="38.69864" lon="-9.18277"><ele>19.4</ele></trkpt>
   <trkpt lat="38.69852" lon="-9.18317"><ele>19.4</ele></trkpt>
   <trkpt lat="38.69841" lon="-9.18357"><ele>19.4</ele></trkpt>
   <trkpt lat="38.69834" lon="-9.18380"><ele>19.4</ele></trkpt>
   <trkpt lat="38.69825" lon="-9.18420"><ele>19.4</ele></trkpt>
   <trkpt lat="38.69815" lon="-9.18460"><ele>19.4</ele></trkpt>
   <trkpt lat="38.69806" lon="-9.18498"><ele>19.4</ele></trkpt>
   <trkpt lat="38.69798" lon="-9.18537"><ele>19.8</ele></trkpt>
   <trkpt lat="38.69794" lon="-9.18552"><ele>20.0</ele></trkpt>
   <trkpt lat="38.69786" lon="-9.18594"><ele>20.0</ele></trkpt>
   <trkpt lat="38.69781" lon="-9.18619"><ele>19.8</ele></trkpt>
   <trkpt lat="38.69777" lon="-9.18661"><ele>19.6</ele></trkpt>
   <trkpt lat="38.69772" lon="-9.18700"><ele>19.4</ele></trkpt>
   <trkpt lat="38.69767" lon="-9.18742"><ele>19.2</ele></trkpt>
   <trkpt lat="38.69761" lon="-9.18781"><ele>19.2</ele></trkpt>
   <trkpt lat="38.69757" lon="-9.18814"><ele>19.2</ele></trkpt>
   <trkpt lat="38.69750" lon="-9.18855"><ele>19.6</ele></trkpt>
   <trkpt lat="38.69741" lon="-9.18896"><ele>19.2</ele></trkpt>
   <trkpt lat="38.69731" lon="-9.18937"><ele>19.0</ele></trkpt>
   <trkpt lat="38.69725" lon="-9.18973"><ele>19.0</ele></trkpt>
   <trkpt lat="38.69723" lon="-9.18982"><ele>19.0</ele></trkpt>
   <trkpt lat="38.69716" lon="-9.19026"><ele>19.4</ele></trkpt>
   <trkpt lat="38.69709" lon="-9.19069"><ele>19.8</ele></trkpt>
   <trkpt lat="38.69702" lon="-9.19111"><ele>19.8</ele></trkpt>
   <trkpt lat="38.69695" lon="-9.19153"><ele>19.8</ele></trkpt>
   <trkpt lat="38.69689" lon="-9.19195"><ele>19.6</ele></trkpt>
   <trkpt lat="38.69681" lon="-9.19236"><ele>19.6</ele></trkpt>
   <trkpt lat="38.69675" lon="-9.19277"><ele>19.6</ele></trkpt>
   <trkpt lat="38.69669" lon="-9.19318"><ele>19.4</ele></trkpt>
   <trkpt lat="38.69665" lon="-9.19360"><ele>19.6</ele></trkpt>
   <trkpt lat="38.69661" lon="-9.19401"><ele>19.6</ele></trkpt>
   <trkpt lat="38.69658" lon="-9.19442"><ele>20.0</ele></trkpt>
   <trkpt lat="38.69656" lon="-9.19482"><ele>20.4</ele></trkpt>
   <trkpt lat="38.69654" lon="-9.19523"><ele>20.4</ele></trkpt>
   <trkpt lat="38.69650" lon="-9.19564"><ele>19.8</ele></trkpt>
   <trkpt lat="38.69648" lon="-9.19604"><ele>20.0</ele></trkpt>
   <trkpt lat="38.69647" lon="-9.19642"><ele>20.0</ele></trkpt>
   <trkpt lat="38.69643" lon="-9.19687"><ele>20.2</ele></trkpt>
   <trkpt lat="38.69640" lon="-9.19728"><ele>20.2</ele></trkpt>
   <trkpt lat="38.69637" lon="-9.19767"><ele>20.0</ele></trkpt>
   <trkpt lat="38.69633" lon="-9.19806"><ele>19.8</ele></trkpt>
   <trkpt lat="38.69630" lon="-9.19845"><ele>19.8</ele></trkpt>
   <trkpt lat="38.69629" lon="-9.19886"><ele>19.8</ele></trkpt>
   <trkpt lat="38.69624" lon="-9.19930"><ele>19.6</ele></trkpt>
   <trkpt lat="38.69613" lon="-9.19971"><ele>19.2</ele></trkpt>
   <trkpt lat="38.69604" lon="-9.20010"><ele>19.2</ele></trkpt>
   <trkpt lat="38.69595" lon="-9.20051"><ele>19.4</ele></trkpt>
   <trkpt lat="38.69586" lon="-9.20093"><ele>19.8</ele></trkpt>
   <trkpt lat="38.69579" lon="-9.20136"><ele>19.6</ele></trkpt>
   <trkpt lat="38.69572" lon="-9.20173"><ele>19.4</ele></trkpt>
   <trkpt lat="38.69564" lon="-9.20217"><ele>19.4</ele></trkpt>
   <trkpt lat="38.69557" lon="-9.20257"><ele>19.6</ele></trkpt>
   <trkpt lat="38.69550" lon="-9.20300"><ele>19.6</ele></trkpt>
   <trkpt lat="38.69542" lon="-9.20343"><ele>19.2</ele></trkpt>
   <trkpt lat="38.69534" lon="-9.20387"><ele>19.4</ele></trkpt>
   <trkpt lat="38.69527" lon="-9.20427"><ele>19.4</ele></trkpt>
   <trkpt lat="38.69519" lon="-9.20467"><ele>19.2</ele></trkpt>
   <trkpt lat="38.69512" lon="-9.20505"><ele>19.4</ele></trkpt>
   <trkpt lat="38.69507" lon="-9.20542"><ele>19.4</ele></trkpt>
   <trkpt lat="38.69499" lon="-9.20580"><ele>19.4</ele></trkpt>
   <trkpt lat="38.69492" lon="-9.20618"><ele>19.2</ele></trkpt>
   <trkpt lat="38.69490" lon="-9.20626"><ele>19.2</ele></trkpt>
   <trkpt lat="38.69484" lon="-9.20666"><ele>19.2</ele></trkpt>
   <trkpt lat="38.69481" lon="-9.20706"><ele>19.2</ele></trkpt>
   <trkpt lat="38.69476" lon="-9.20735"><ele>19.4</ele></trkpt>
   <trkpt lat="38.69469" lon="-9.20771"><ele>19.6</ele></trkpt>
   <trkpt lat="38.69461" lon="-9.20813"><ele>19.6</ele></trkpt>
   <trkpt lat="38.69452" lon="-9.20857"><ele>19.8</ele></trkpt>
   <trkpt lat="38.69444" lon="-9.20899"><ele>19.4</ele></trkpt>
   <trkpt lat="38.69440" lon="-9.20923"><ele>19.4</ele></trkpt>
   <trkpt lat="38.69436" lon="-9.20968"><ele>19.4</ele></trkpt>
   <trkpt lat="38.69433" lon="-9.21006"><ele>19.4</ele></trkpt>
   <trkpt lat="38.69429" lon="-9.21051"><ele>19.4</ele></trkpt>
   <trkpt lat="38.69425" lon="-9.21089"><ele>19.4</ele></trkpt>
   <trkpt lat="38.69421" lon="-9.21132"><ele>19.6</ele></trkpt>
   <trkpt lat="38.69417" lon="-9.21174"><ele>19.4</ele></trkpt>
   <trkpt lat="38.69413" lon="-9.21216"><ele>19.6</ele></trkpt>
   <trkpt lat="38.69408" lon="-9.21259"><ele>19.6</ele></trkpt>
   <trkpt lat="38.69404" lon="-9.21302"><ele>19.6</ele></trkpt>
   <trkpt lat="38.69400" lon="-9.21346"><ele>19.8</ele></trkpt>
   <trkpt lat="38.69398" lon="-9.21361"><ele>20.0</ele></trkpt>
   <trkpt lat="38.69396" lon="-9.21404"><ele>20.0</ele></trkpt>
   <trkpt lat="38.69392" lon="-9.21448"><ele>19.8</ele></trkpt>
   <trkpt lat="38.69388" lon="-9.21490"><ele>19.6</ele></trkpt>
   <trkpt lat="38.69386" lon="-9.21514"><ele>19.4</ele></trkpt>
   <trkpt lat="38.69388" lon="-9.21542"><ele>19.4</ele></trkpt>
   <trkpt lat="38.69380" lon="-9.21586"><ele>18.8</ele></trkpt>
   <trkpt lat="38.69375" lon="-9.21614"><ele>18.8</ele></trkpt>
   <trkpt lat="38.69372" lon="-9.21658"><ele>19.4</ele></trkpt>
   <trkpt lat="38.69370" lon="-9.21702"><ele>19.4</ele></trkpt>
   <trkpt lat="38.69370" lon="-9.21746"><ele>19.4</ele></trkpt>
   <trkpt lat="38.69370" lon="-9.21755"><ele>19.4</ele></trkpt>
   <trkpt lat="38.69374" lon="-9.21800"><ele>19.2</ele></trkpt>
   <trkpt lat="38.69374" lon="-9.21806"><ele>19.2</ele></trkpt>
   <trkpt lat="38.69386" lon="-9.21848"><ele>19.4</ele></trkpt>
   <trkpt lat="38.69399" lon="-9.21888"><ele>19.4</ele></trkpt>
   <trkpt lat="38.69411" lon="-9.21923"><ele>19.0</ele></trkpt>
   <trkpt lat="38.69422" lon="-9.21961"><ele>19.0</ele></trkpt>
   <trkpt lat="38.69433" lon="-9.22001"><ele>19.0</ele></trkpt>
   <trkpt lat="38.69445" lon="-9.22038"><ele>19.0</ele></trkpt>
   <trkpt lat="38.69458" lon="-9.22078"><ele>19.2</ele></trkpt>
   <trkpt lat="38.69471" lon="-9.22114"><ele>19.2</ele></trkpt>
   <trkpt lat="38.69473" lon="-9.22121"><ele>19.4</ele></trkpt>
   <trkpt lat="38.69491" lon="-9.22156"><ele>19.6</ele></trkpt>
   <trkpt lat="38.69510" lon="-9.22190"><ele>19.6</ele></trkpt>
   <trkpt lat="38.69529" lon="-9.22222"><ele>19.2</ele></trkpt>
   <trkpt lat="38.69542" lon="-9.22248"><ele>19.2</ele></trkpt>
   <trkpt lat="38.69565" lon="-9.22279"><ele>19.2</ele></trkpt>
   <trkpt lat="38.69572" lon="-9.22291"><ele>19.2</ele></trkpt>
   <trkpt lat="38.69590" lon="-9.22326"><ele>19.2</ele></trkpt>
   <trkpt lat="38.69606" lon="-9.22358"><ele>19.2</ele></trkpt>
   <trkpt lat="38.69624" lon="-9.22390"><ele>19.2</ele></trkpt>
   <trkpt lat="38.69645" lon="-9.22427"><ele>19.4</ele></trkpt>
   <trkpt lat="38.69664" lon="-9.22461"><ele>19.6</ele></trkpt>
   <trkpt lat="38.69684" lon="-9.22496"><ele>19.4</ele></trkpt>
   <trkpt lat="38.69705" lon="-9.22533"><ele>19.4</ele></trkpt>
   <trkpt lat="38.69723" lon="-9.22565"><ele>19.6</ele></trkpt>
   <trkpt lat="38.69744" lon="-9.22602"><ele>20.0</ele></trkpt>
   <trkpt lat="38.69758" lon="-9.22631"><ele>20.0</ele></trkpt>
   <trkpt lat="38.69781" lon="-9.22662"><ele>20.0</ele></trkpt>
   <trkpt lat="38.69789" lon="-9.22675"><ele>19.8</ele></trkpt>
   <trkpt lat="38.69804" lon="-9.22713"><ele>19.4</ele></trkpt>
   <trkpt lat="38.69819" lon="-9.22752"><ele>19.2</ele></trkpt>
   <trkpt lat="38.69826" lon="-9.22773"><ele>19.0</ele></trkpt>
   <trkpt lat="38.69836" lon="-9.22815"><ele>19.6</ele></trkpt>
   <trkpt lat="38.69846" lon="-9.22850"><ele>19.8</ele></trkpt>
   <trkpt lat="38.69853" lon="-9.22885"><ele>19.8</ele></trkpt>
   <trkpt lat="38.69861" lon="-9.22928"><ele>19.8</ele></trkpt>
   <trkpt lat="38.69864" lon="-9.22939"><ele>19.8</ele></trkpt>
   <trkpt lat="38.69870" lon="-9.22980"><ele>20.2</ele></trkpt>
   <trkpt lat="38.69876" lon="-9.23022"><ele>20.2</ele></trkpt>
   <trkpt lat="38.69880" lon="-9.23065"><ele>20.0</ele></trkpt>
   <trkpt lat="38.69881" lon="-9.23076"><ele>20.0</ele></trkpt>
   <trkpt lat="38.69883" lon="-9.23119"><ele>19.8</ele></trkpt>
   <trkpt lat="38.69883" lon="-9.23164"><ele>19.6</ele></trkpt>
   <trkpt lat="38.69883" lon="-9.23204"><ele>19.4</ele></trkpt>
   <trkpt lat="38.69882" lon="-9.23242"><ele>19.4</ele></trkpt>
   <trkpt lat="38.69882" lon="-9.23287"><ele>19.2</ele></trkpt>
   <trkpt lat="38.69881" lon="-9.23325"><ele>19.2</ele></trkpt>
   <trkpt lat="38.69881" lon="-9.23363"><ele>19.2</ele></trkpt>
   <trkpt lat="38.69880" lon="-9.23408"><ele>19.2</ele></trkpt>
   <trkpt lat="38.69880" lon="-9.23452"><ele>19.2</ele></trkpt>
   <trkpt lat="38.69881" lon="-9.23495"><ele>19.2</ele></trkpt>
   <trkpt lat="38.69882" lon="-9.23529"><ele>19.2</ele></trkpt>
   <trkpt lat="38.69886" lon="-9.23572"><ele>19.2</ele></trkpt>
   <trkpt lat="38.69890" lon="-9.23614"><ele>19.0</ele></trkpt>
   <trkpt lat="38.69893" lon="-9.23652"><ele>19.0</ele></trkpt>
   <trkpt lat="38.69897" lon="-9.23697"><ele>19.0</ele></trkpt>
   <trkpt lat="38.69900" lon="-9.23740"><ele>18.8</ele></trkpt>
   <trkpt lat="38.69903" lon="-9.23783"><ele>18.8</ele></trkpt>
   <trkpt lat="38.69906" lon="-9.23825"><ele>18.8</ele></trkpt>
   <trkpt lat="38.69909" lon="-9.23867"><ele>18.6</ele></trkpt>
   <trkpt lat="38.69912" lon="-9.23909"><ele>18.6</ele></trkpt>
   <trkpt lat="38.69915" lon="-9.23950"><ele>18.6</ele></trkpt>
   <trkpt lat="38.69918" lon="-9.23992"><ele>18.6</ele></trkpt>
   <trkpt lat="38.69921" lon="-9.24035"><ele>18.4</ele></trkpt>
   <trkpt lat="38.69924" lon="-9.24075"><ele>18.4</ele></trkpt>
   <trkpt lat="38.69928" lon="-9.24115"><ele>18.4</ele></trkpt>
   <trkpt lat="38.69929" lon="-9.24155"><ele>18.4</ele></trkpt>
   <trkpt lat="38.69932" lon="-9.24194"><ele>18.4</ele></trkpt>
   <trkpt lat="38.69935" lon="-9.24238"><ele>18.4</ele></trkpt>
   <trkpt lat="38.69937" lon="-9.24276"><ele>18.4</ele></trkpt>
   <trkpt lat="38.69939" lon="-9.24315"><ele>18.4</ele></trkpt>
   <trkpt lat="38.69942" lon="-9.24354"><ele>18.2</ele></trkpt>
   <trkpt lat="38.69945" lon="-9.24394"><ele>18.2</ele></trkpt>
   <trkpt lat="38.69947" lon="-9.24434"><ele>18.2</ele></trkpt>
   <trkpt lat="38.69949" lon="-9.24475"><ele>18.2</ele></trkpt>
   <trkpt lat="38.69952" lon="-9.24516"><ele>18.2</ele></trkpt>
   <trkpt lat="38.69955" lon="-9.24555"><ele>18.0</ele></trkpt>
   <trkpt lat="38.69957" lon="-9.24593"><ele>18.0</ele></trkpt>
   <trkpt lat="38.69960" lon="-9.24629"><ele>17.8</ele></trkpt>
   <trkpt lat="38.69962" lon="-9.24672"><ele>17.8</ele></trkpt>
   <trkpt lat="38.69964" lon="-9.24710"><ele>17.4</ele></trkpt>
   <trkpt lat="38.69967" lon="-9.24753"><ele>17.4</ele></trkpt>
   <trkpt lat="38.69969" lon="-9.24796"><ele>17.4</ele></trkpt>
   <trkpt lat="38.69972" lon="-9.24835"><ele>17.4</ele></trkpt>
   <trkpt lat="38.69974" lon="-9.24875"><ele>17.4</ele></trkpt>
   <trkpt lat="38.69978" lon="-9.24914"><ele>17.6</ele></trkpt>
   <trkpt lat="38.69989" lon="-9.24955"><ele>17.8</ele></trkpt>
   <trkpt lat="38.70006" lon="-9.24991"><ele>18.2</ele></trkpt>
   <trkpt lat="38.70012" lon="-9.25003"><ele>18.4</ele></trkpt>
   <trkpt lat="38.70035" lon="-9.25035"><ele>19.0</ele></trkpt>
   <trkpt lat="38.70058" lon="-9.25070"><ele>19.6</ele></trkpt>
   <trkpt lat="38.70078" lon="-9.25101"><ele>20.2</ele></trkpt>
   <trkpt lat="38.70099" lon="-9.25131"><ele>20.4</ele></trkpt>
   <trkpt lat="38.70120" lon="-9.25163"><ele>20.4</ele></trkpt>
   <trkpt lat="38.70140" lon="-9.25195"><ele>20.6</ele></trkpt>
   <trkpt lat="38.70144" lon="-9.25202"><ele>20.6</ele></trkpt>
   <trkpt lat="38.70159" lon="-9.25237"><ele>20.6</ele></trkpt>
   <trkpt lat="38.70170" lon="-9.25272"><ele>20.6</ele></trkpt>
   <trkpt lat="38.70177" lon="-9.25314"><ele>20.6</ele></trkpt>
   <trkpt lat="38.70182" lon="-9.25343"><ele>20.2</ele></trkpt>
   <trkpt lat="38.70184" lon="-9.25386"><ele>19.8</ele></trkpt>
   <trkpt lat="38.70185" lon="-9.25409"><ele>19.8</ele></trkpt>
   <trkpt lat="38.70178" lon="-9.25453"><ele>20.4</ele></trkpt>
   <trkpt lat="38.70172" lon="-9.25475"><ele>21.0</ele></trkpt>
   <trkpt lat="38.70156" lon="-9.25510"><ele>22.6</ele></trkpt>
   <trkpt lat="38.70143" lon="-9.25532"><ele>23.8</ele></trkpt>
   <trkpt lat="38.70121" lon="-9.25562"><ele>25.8</ele></trkpt>
   <trkpt lat="38.70097" lon="-9.25596"><ele>28.6</ele></trkpt>
   <trkpt lat="38.70084" lon="-9.25615"><ele>30.0</ele></trkpt>
   <trkpt lat="38.70071" lon="-9.25639"><ele>31.4</ele></trkpt>
   <trkpt lat="38.70061" lon="-9.25671"><ele>33.2</ele></trkpt>
   <trkpt lat="38.70058" lon="-9.25716"><ele>35.2</ele></trkpt>
   <trkpt lat="38.70058" lon="-9.25757"><ele>37.6</ele></trkpt>
   <trkpt lat="38.70057" lon="-9.25801"><ele>38.8</ele></trkpt>
   <trkpt lat="38.70056" lon="-9.25831"><ele>39.4</ele></trkpt>
   <trkpt lat="38.70049" lon="-9.25866"><ele>39.6</ele></trkpt>
   <trkpt lat="38.70034" lon="-9.25907"><ele>39.2</ele></trkpt>
   <trkpt lat="38.70031" lon="-9.25918"><ele>39.2</ele></trkpt>
   <trkpt lat="38.70025" lon="-9.25956"><ele>37.8</ele></trkpt>
   <trkpt lat="38.70020" lon="-9.26000"><ele>36.6</ele></trkpt>
   <trkpt lat="38.70018" lon="-9.26024"><ele>35.8</ele></trkpt>
   <trkpt lat="38.70020" lon="-9.26059"><ele>34.4</ele></trkpt>
   <trkpt lat="38.70029" lon="-9.26098"><ele>34.0</ele></trkpt>
   <trkpt lat="38.70038" lon="-9.26139"><ele>34.2</ele></trkpt>
   <trkpt lat="38.70043" lon="-9.26167"><ele>35.2</ele></trkpt>
   <trkpt lat="38.70044" lon="-9.26212"><ele>37.2</ele></trkpt>
   <trkpt lat="38.70044" lon="-9.26219"><ele>37.8</ele></trkpt>
   <trkpt lat="38.70039" lon="-9.26260"><ele>38.6</ele></trkpt>
   <trkpt lat="38.70038" lon="-9.26267"><ele>38.6</ele></trkpt>
   <trkpt lat="38.70028" lon="-9.26304"><ele>38.8</ele></trkpt>
   <trkpt lat="38.70017" lon="-9.26341"><ele>39.0</ele></trkpt>
   <trkpt lat="38.70006" lon="-9.26377"><ele>39.0</ele></trkpt>
   <trkpt lat="38.69995" lon="-9.26416"><ele>39.0</ele></trkpt>
   <trkpt lat="38.69985" lon="-9.26451"><ele>38.8</ele></trkpt>
   <trkpt lat="38.69982" lon="-9.26459"><ele>38.8</ele></trkpt>
   <trkpt lat="38.69973" lon="-9.26500"><ele>39.0</ele></trkpt>
   <trkpt lat="38.69964" lon="-9.26538"><ele>39.2</ele></trkpt>
   <trkpt lat="38.69954" lon="-9.26578"><ele>39.6</ele></trkpt>
   <trkpt lat="38.69949" lon="-9.26594"><ele>39.4</ele></trkpt>
   <trkpt lat="38.69942" lon="-9.26630"><ele>39.2</ele></trkpt>
   <trkpt lat="38.69938" lon="-9.26650"><ele>39.4</ele></trkpt>
   <trkpt lat="38.69935" lon="-9.26693"><ele>39.0</ele></trkpt>
   <trkpt lat="38.69933" lon="-9.26730"><ele>38.2</ele></trkpt>
   <trkpt lat="38.69930" lon="-9.26772"><ele>36.8</ele></trkpt>
   <trkpt lat="38.69928" lon="-9.26789"><ele>36.6</ele></trkpt>
   <trkpt lat="38.69919" lon="-9.26830"><ele>35.0</ele></trkpt>
   <trkpt lat="38.69912" lon="-9.26858"><ele>33.6</ele></trkpt>
   <trkpt lat="38.69900" lon="-9.26900"><ele>31.4</ele></trkpt>
   <trkpt lat="38.69890" lon="-9.26939"><ele>29.4</ele></trkpt>
   <trkpt lat="38.69885" lon="-9.26955"><ele>28.4</ele></trkpt>
   <trkpt lat="38.69870" lon="-9.26995"><ele>26.4</ele></trkpt>
   <trkpt lat="38.69854" lon="-9.27034"><ele>24.4</ele></trkpt>
   <trkpt lat="38.69839" lon="-9.27070"><ele>21.4</ele></trkpt>
   <trkpt lat="38.69823" lon="-9.27111"><ele>19.4</ele></trkpt>
   <trkpt lat="38.69815" lon="-9.27131"><ele>19.2</ele></trkpt>
   <trkpt lat="38.69805" lon="-9.27171"><ele>19.0</ele></trkpt>
   <trkpt lat="38.69803" lon="-9.27201"><ele>19.0</ele></trkpt>
   <trkpt lat="38.69809" lon="-9.27238"><ele>19.0</ele></trkpt>
   <trkpt lat="38.69822" lon="-9.27271"><ele>19.2</ele></trkpt>
   <trkpt lat="38.69839" lon="-9.27309"><ele>19.4</ele></trkpt>
   <trkpt lat="38.69852" lon="-9.27346"><ele>19.8</ele></trkpt>
   <trkpt lat="38.69859" lon="-9.27388"><ele>20.0</ele></trkpt>
   <trkpt lat="38.69862" lon="-9.27415"><ele>20.0</ele></trkpt>
   <trkpt lat="38.69864" lon="-9.27456"><ele>19.8</ele></trkpt>
   <trkpt lat="38.69867" lon="-9.27500"><ele>20.0</ele></trkpt>
   <trkpt lat="38.69871" lon="-9.27544"><ele>20.4</ele></trkpt>
   <trkpt lat="38.69873" lon="-9.27586"><ele>20.6</ele></trkpt>
   <trkpt lat="38.69877" lon="-9.27629"><ele>20.8</ele></trkpt>
   <trkpt lat="38.69879" lon="-9.27666"><ele>20.6</ele></trkpt>
   <trkpt lat="38.69882" lon="-9.27703"><ele>20.6</ele></trkpt>
   <trkpt lat="38.69884" lon="-9.27741"><ele>20.4</ele></trkpt>
   <trkpt lat="38.69887" lon="-9.27779"><ele>20.4</ele></trkpt>
   <trkpt lat="38.69889" lon="-9.27817"><ele>20.4</ele></trkpt>
   <trkpt lat="38.69893" lon="-9.27857"><ele>20.2</ele></trkpt>
   <trkpt lat="38.69895" lon="-9.27893"><ele>19.8</ele></trkpt>
   <trkpt lat="38.69895" lon="-9.27931"><ele>19.6</ele></trkpt>
   <trkpt lat="38.69895" lon="-9.27959"><ele>19.6</ele></trkpt>
   <trkpt lat="38.69892" lon="-9.27996"><ele>19.6</ele></trkpt>
   <trkpt lat="38.69890" lon="-9.28033"><ele>19.2</ele></trkpt>
   <trkpt lat="38.69887" lon="-9.28072"><ele>19.0</ele></trkpt>
   <trkpt lat="38.69883" lon="-9.28115"><ele>19.2</ele></trkpt>
   <trkpt lat="38.69882" lon="-9.28122"><ele>19.2</ele></trkpt>
   <trkpt lat="38.69872" lon="-9.28165"><ele>19.2</ele></trkpt>
   <trkpt lat="38.69870" lon="-9.28173"><ele>19.2</ele></trkpt>
   <trkpt lat="38.69852" lon="-9.28212"><ele>19.6</ele></trkpt>
   <trkpt lat="38.69830" lon="-9.28244"><ele>19.6</ele></trkpt>
   <trkpt lat="38.69804" lon="-9.28274"><ele>19.8</ele></trkpt>
   <trkpt lat="38.69780" lon="-9.28304"><ele>19.8</ele></trkpt>
   <trkpt lat="38.69769" lon="-9.28318"><ele>19.6</ele></trkpt>
   <trkpt lat="38.69752" lon="-9.28351"><ele>19.8</ele></trkpt>
   <trkpt lat="38.69744" lon="-9.28367"><ele>19.8</ele></trkpt>
   <trkpt lat="38.69734" lon="-9.28403"><ele>19.6</ele></trkpt>
   <trkpt lat="38.69732" lon="-9.28411"><ele>19.6</ele></trkpt>
   <trkpt lat="38.69726" lon="-9.28455"><ele>19.4</ele></trkpt>
   <trkpt lat="38.69721" lon="-9.28498"><ele>19.4</ele></trkpt>
   <trkpt lat="38.69716" lon="-9.28534"><ele>19.2</ele></trkpt>
   <trkpt lat="38.69706" lon="-9.28576"><ele>19.2</ele></trkpt>
   <trkpt lat="38.69690" lon="-9.28613"><ele>19.2</ele></trkpt>
   <trkpt lat="38.69686" lon="-9.28620"><ele>19.2</ele></trkpt>
   <trkpt lat="38.69664" lon="-9.28652"><ele>19.2</ele></trkpt>
   <trkpt lat="38.69641" lon="-9.28685"><ele>19.0</ele></trkpt>
   <trkpt lat="38.69637" lon="-9.28692"><ele>19.0</ele></trkpt>
   <trkpt lat="38.69623" lon="-9.28723"><ele>18.8</ele></trkpt>
   <trkpt lat="38.69619" lon="-9.28733"><ele>18.8</ele></trkpt>
   <trkpt lat="38.69609" lon="-9.28766"><ele>18.8</ele></trkpt>
   <trkpt lat="38.69604" lon="-9.28809"><ele>19.0</ele></trkpt>
   <trkpt lat="38.69599" lon="-9.28851"><ele>19.4</ele></trkpt>
   <trkpt lat="38.69597" lon="-9.28867"><ele>19.4</ele></trkpt>
   <trkpt lat="38.69586" lon="-9.28905"><ele>19.4</ele></trkpt>
   <trkpt lat="38.69577" lon="-9.28928"><ele>19.2</ele></trkpt>
   <trkpt lat="38.69559" lon="-9.28958"><ele>19.2</ele></trkpt>
   <trkpt lat="38.69540" lon="-9.28987"><ele>19.0</ele></trkpt>
   <trkpt lat="38.69522" lon="-9.29016"><ele>18.6</ele></trkpt>
   <trkpt lat="38.69505" lon="-9.29046"><ele>18.2</ele></trkpt>
   <trkpt lat="38.69483" lon="-9.29082"><ele>18.0</ele></trkpt>
   <trkpt lat="38.69466" lon="-9.29110"><ele>18.0</ele></trkpt>
   <trkpt lat="38.69444" lon="-9.29141"><ele>18.0</ele></trkpt>
   <trkpt lat="38.69435" lon="-9.29153"><ele>18.0</ele></trkpt>
   <trkpt lat="38.69408" lon="-9.29176"><ele>18.2</ele></trkpt>
   <trkpt lat="38.69395" lon="-9.29184"><ele>18.2</ele></trkpt>
   <trkpt lat="38.69366" lon="-9.29197"><ele>18.4</ele></trkpt>
   <trkpt lat="38.69336" lon="-9.29212"><ele>18.4</ele></trkpt>
   <trkpt lat="38.69330" lon="-9.29216"><ele>18.4</ele></trkpt>
   <trkpt lat="38.69309" lon="-9.29234"><ele>18.2</ele></trkpt>
   <trkpt lat="38.69288" lon="-9.29264"><ele>18.0</ele></trkpt>
   <trkpt lat="38.69272" lon="-9.29297"><ele>18.0</ele></trkpt>
   <trkpt lat="38.69255" lon="-9.29336"><ele>18.8</ele></trkpt>
   <trkpt lat="38.69240" lon="-9.29369"><ele>18.8</ele></trkpt>
   <trkpt lat="38.69223" lon="-9.29408"><ele>18.8</ele></trkpt>
   <trkpt lat="38.69206" lon="-9.29446"><ele>19.2</ele></trkpt>
   <trkpt lat="38.69189" lon="-9.29485"><ele>19.6</ele></trkpt>
   <trkpt lat="38.69173" lon="-9.29523"><ele>20.0</ele></trkpt>
   <trkpt lat="38.69159" lon="-9.29555"><ele>20.2</ele></trkpt>
   <trkpt lat="38.69145" lon="-9.29597"><ele>21.0</ele></trkpt>
   <trkpt lat="38.69132" lon="-9.29638"><ele>21.6</ele></trkpt>
   <trkpt lat="38.69120" lon="-9.29681"><ele>22.2</ele></trkpt>
   <trkpt lat="38.69112" lon="-9.29708"><ele>22.6</ele></trkpt>
   <trkpt lat="38.69098" lon="-9.29748"><ele>23.4</ele></trkpt>
   <trkpt lat="38.69085" lon="-9.29787"><ele>24.0</ele></trkpt>
   <trkpt lat="38.69072" lon="-9.29826"><ele>24.4</ele></trkpt>
   <trkpt lat="38.69057" lon="-9.29864"><ele>25.0</ele></trkpt>
   <trkpt lat="38.69055" lon="-9.29870"><ele>25.0</ele></trkpt>
   <trkpt lat="38.69036" lon="-9.29907"><ele>25.6</ele></trkpt>
   <trkpt lat="38.69017" lon="-9.29943"><ele>26.0</ele></trkpt>
   <trkpt lat="38.68996" lon="-9.29980"><ele>26.4</ele></trkpt>
   <trkpt lat="38.68978" lon="-9.30012"><ele>26.4</ele></trkpt>
   <trkpt lat="38.68960" lon="-9.30044"><ele>26.6</ele></trkpt>
   <trkpt lat="38.68939" lon="-9.30074"><ele>26.6</ele></trkpt>
   <trkpt lat="38.68917" lon="-9.30102"><ele>26.6</ele></trkpt>
   <trkpt lat="38.68913" lon="-9.30108"><ele>26.4</ele></trkpt>
   <trkpt lat="38.68887" lon="-9.30135"><ele>26.2</ele></trkpt>
   <trkpt lat="38.68871" lon="-9.30152"><ele>26.0</ele></trkpt>
   <trkpt lat="38.68843" lon="-9.30175"><ele>25.6</ele></trkpt>
   <trkpt lat="38.68814" lon="-9.30198"><ele>25.6</ele></trkpt>
   <trkpt lat="38.68786" lon="-9.30220"><ele>25.4</ele></trkpt>
   <trkpt lat="38.68769" lon="-9.30233"><ele>25.2</ele></trkpt>
   <trkpt lat="38.68744" lon="-9.30257"><ele>25.4</ele></trkpt>
   <trkpt lat="38.68734" lon="-9.30268"><ele>26.0</ele></trkpt>
   <trkpt lat="38.68709" lon="-9.30301"><ele>27.0</ele></trkpt>
   <trkpt lat="38.68688" lon="-9.30338"><ele>27.8</ele></trkpt>
   <trkpt lat="38.68679" lon="-9.30357"><ele>28.0</ele></trkpt>
   <trkpt lat="38.68666" lon="-9.30397"><ele>28.8</ele></trkpt>
   <trkpt lat="38.68654" lon="-9.30437"><ele>29.4</ele></trkpt>
   <trkpt lat="38.68642" lon="-9.30477"><ele>30.0</ele></trkpt>
   <trkpt lat="38.68631" lon="-9.30517"><ele>30.6</ele></trkpt>
   <trkpt lat="38.68620" lon="-9.30559"><ele>30.4</ele></trkpt>
   <trkpt lat="38.68610" lon="-9.30597"><ele>30.2</ele></trkpt>
   <trkpt lat="38.68598" lon="-9.30640"><ele>29.6</ele></trkpt>
   <trkpt lat="38.68586" lon="-9.30678"><ele>27.8</ele></trkpt>
   <trkpt lat="38.68581" lon="-9.30695"><ele>27.8</ele></trkpt>
   <trkpt lat="38.68570" lon="-9.30737"><ele>27.4</ele></trkpt>
   <trkpt lat="38.68559" lon="-9.30779"><ele>26.8</ele></trkpt>
   <trkpt lat="38.68553" lon="-9.30808"><ele>26.4</ele></trkpt>
   <trkpt lat="38.68547" lon="-9.30849"><ele>26.0</ele></trkpt>
   <trkpt lat="38.68544" lon="-9.30885"><ele>25.4</ele></trkpt>
   <trkpt lat="38.68542" lon="-9.30908"><ele>25.0</ele></trkpt>
   <trkpt lat="38.68542" lon="-9.30943"><ele>24.2</ele></trkpt>
   <trkpt lat="38.68542" lon="-9.30955"><ele>24.0</ele></trkpt>
   <trkpt lat="38.68545" lon="-9.30991"><ele>23.4</ele></trkpt>
   <trkpt lat="38.68548" lon="-9.31029"><ele>22.4</ele></trkpt>
   <trkpt lat="38.68551" lon="-9.31064"><ele>21.6</ele></trkpt>
   <trkpt lat="38.68553" lon="-9.31108"><ele>20.8</ele></trkpt>
   <trkpt lat="38.68554" lon="-9.31129"><ele>20.4</ele></trkpt>
   <trkpt lat="38.68550" lon="-9.31169"><ele>19.4</ele></trkpt>
   <trkpt lat="38.68543" lon="-9.31206"><ele>19.0</ele></trkpt>
   <trkpt lat="38.68541" lon="-9.31217"><ele>19.0</ele></trkpt>
   <trkpt lat="38.68528" lon="-9.31252"><ele>18.8</ele></trkpt>
   <trkpt lat="38.68514" lon="-9.31284"><ele>19.0</ele></trkpt>
   <trkpt lat="38.68495" lon="-9.31314"><ele>18.8</ele></trkpt>
   <trkpt lat="38.68474" lon="-9.31339"><ele>19.0</ele></trkpt>
   <trkpt lat="38.68457" lon="-9.31357"><ele>19.0</ele></trkpt>
   <trkpt lat="38.68428" lon="-9.31384"><ele>19.0</ele></trkpt>
   <trkpt lat="38.68399" lon="-9.31411"><ele>19.2</ele></trkpt>
   <trkpt lat="38.68372" lon="-9.31439"><ele>19.4</ele></trkpt>
   <trkpt lat="38.68347" lon="-9.31464"><ele>20.0</ele></trkpt>
   <trkpt lat="38.68319" lon="-9.31492"><ele>20.6</ele></trkpt>
   <trkpt lat="38.68293" lon="-9.31518"><ele>22.0</ele></trkpt>
   <trkpt lat="38.68267" lon="-9.31543"><ele>23.0</ele></trkpt>
   <trkpt lat="38.68242" lon="-9.31568"><ele>24.0</ele></trkpt>
   <trkpt lat="38.68214" lon="-9.31594"><ele>25.4</ele></trkpt>
   <trkpt lat="38.68187" lon="-9.31614"><ele>26.2</ele></trkpt>
   <trkpt lat="38.68160" lon="-9.31635"><ele>26.4</ele></trkpt>
   <trkpt lat="38.68130" lon="-9.31657"><ele>26.8</ele></trkpt>
   <trkpt lat="38.68100" lon="-9.31679"><ele>27.0</ele></trkpt>
   <trkpt lat="38.68073" lon="-9.31699"><ele>27.2</ele></trkpt>
   <trkpt lat="38.68046" lon="-9.31719"><ele>27.4</ele></trkpt>
   <trkpt lat="38.68016" lon="-9.31743"><ele>27.4</ele></trkpt>
   <trkpt lat="38.67989" lon="-9.31762"><ele>27.4</ele></trkpt>
   <trkpt lat="38.67960" lon="-9.31783"><ele>27.6</ele></trkpt>
   <trkpt lat="38.67931" lon="-9.31804"><ele>27.8</ele></trkpt>
   <trkpt lat="38.67903" lon="-9.31824"><ele>28.2</ele></trkpt>
   <trkpt lat="38.67875" lon="-9.31844"><ele>28.4</ele></trkpt>
   <trkpt lat="38.67864" lon="-9.31852"><ele>28.4</ele></trkpt>
   <trkpt lat="38.67838" lon="-9.31873"><ele>28.2</ele></trkpt>
   <trkpt lat="38.67813" lon="-9.31897"><ele>28.4</ele></trkpt>
   <trkpt lat="38.67792" lon="-9.31925"><ele>28.4</ele></trkpt>
   <trkpt lat="38.67776" lon="-9.31950"><ele>28.4</ele></trkpt>
   <trkpt lat="38.67761" lon="-9.31984"><ele>28.2</ele></trkpt>
   <trkpt lat="38.67755" lon="-9.31999"><ele>28.2</ele></trkpt>
   <trkpt lat="38.67745" lon="-9.32037"><ele>28.4</ele></trkpt>
   <trkpt lat="38.67734" lon="-9.32075"><ele>28.4</ele></trkpt>
   <trkpt lat="38.67723" lon="-9.32113"><ele>28.4</ele></trkpt>
   <trkpt lat="38.67717" lon="-9.32153"><ele>28.6</ele></trkpt>
   <trkpt lat="38.67715" lon="-9.32161"><ele>28.6</ele></trkpt>
   <trkpt lat="38.67712" lon="-9.32193"><ele>28.4</ele></trkpt>
   <trkpt lat="38.67712" lon="-9.32235"><ele>28.2</ele></trkpt>
   <trkpt lat="38.67712" lon="-9.32279"><ele>28.0</ele></trkpt>
   <trkpt lat="38.67712" lon="-9.32324"><ele>27.6</ele></trkpt>
   <trkpt lat="38.67713" lon="-9.32369"><ele>27.4</ele></trkpt>
   <trkpt lat="38.67713" lon="-9.32415"><ele>27.2</ele></trkpt>
   <trkpt lat="38.67713" lon="-9.32460"><ele>27.4</ele></trkpt>
   <trkpt lat="38.67712" lon="-9.32503"><ele>27.4</ele></trkpt>
   <trkpt lat="38.67713" lon="-9.32540"><ele>27.2</ele></trkpt>
   <trkpt lat="38.67713" lon="-9.32586"><ele>27.2</ele></trkpt>
   <trkpt lat="38.67712" lon="-9.32631"><ele>26.8</ele></trkpt>
   <trkpt lat="38.67715" lon="-9.32668"><ele>26.4</ele></trkpt>
   <trkpt lat="38.67723" lon="-9.32705"><ele>26.0</ele></trkpt>
   <trkpt lat="38.67725" lon="-9.32713"><ele>25.8</ele></trkpt>
   <trkpt lat="38.67734" lon="-9.32736"><ele>25.4</ele></trkpt>
   <trkpt lat="38.67753" lon="-9.32757"><ele>25.2</ele></trkpt>
   <trkpt lat="38.67759" lon="-9.32771"><ele>25.0</ele></trkpt>
   <trkpt lat="38.67753" lon="-9.32813"><ele>24.4</ele></trkpt>
   <trkpt lat="38.67763" lon="-9.32856"><ele>24.2</ele></trkpt>
   <trkpt lat="38.67770" lon="-9.32877"><ele>24.2</ele></trkpt>
   <trkpt lat="38.67785" lon="-9.32911"><ele>24.2</ele></trkpt>
   <trkpt lat="38.67802" lon="-9.32946"><ele>24.4</ele></trkpt>
   <trkpt lat="38.67818" lon="-9.32982"><ele>24.6</ele></trkpt>
   <trkpt lat="38.67835" lon="-9.33019"><ele>24.8</ele></trkpt>
   <trkpt lat="38.67851" lon="-9.33056"><ele>24.8</ele></trkpt>
   <trkpt lat="38.67867" lon="-9.33093"><ele>24.8</ele></trkpt>
   <trkpt lat="38.67884" lon="-9.33131"><ele>24.6</ele></trkpt>
   <trkpt lat="38.67901" lon="-9.33168"><ele>24.6</ele></trkpt>
   <trkpt lat="38.67919" lon="-9.33206"><ele>24.4</ele></trkpt>
   <trkpt lat="38.67936" lon="-9.33243"><ele>24.6</ele></trkpt>
   <trkpt lat="38.67952" lon="-9.33282"><ele>24.8</ele></trkpt>
   <trkpt lat="38.67969" lon="-9.33319"><ele>24.8</ele></trkpt>
   <trkpt lat="38.67986" lon="-9.33357"><ele>24.6</ele></trkpt>
   <trkpt lat="38.68002" lon="-9.33395"><ele>24.6</ele></trkpt>
   <trkpt lat="38.68019" lon="-9.33433"><ele>24.8</ele></trkpt>
   <trkpt lat="38.68035" lon="-9.33470"><ele>24.8</ele></trkpt>
   <trkpt lat="38.68052" lon="-9.33507"><ele>24.8</ele></trkpt>
   <trkpt lat="38.68068" lon="-9.33543"><ele>24.8</ele></trkpt>
   <trkpt lat="38.68080" lon="-9.33572"><ele>24.8</ele></trkpt>
   <trkpt lat="38.68091" lon="-9.33609"><ele>24.8</ele></trkpt>
   <trkpt lat="38.68101" lon="-9.33647"><ele>24.8</ele></trkpt>
   <trkpt lat="38.68108" lon="-9.33687"><ele>24.8</ele></trkpt>
   <trkpt lat="38.68116" lon="-9.33726"><ele>24.6</ele></trkpt>
   <trkpt lat="38.68123" lon="-9.33764"><ele>24.4</ele></trkpt>
   <trkpt lat="38.68131" lon="-9.33804"><ele>24.2</ele></trkpt>
   <trkpt lat="38.68138" lon="-9.33843"><ele>24.2</ele></trkpt>
   <trkpt lat="38.68145" lon="-9.33880"><ele>24.0</ele></trkpt>
   <trkpt lat="38.68166" lon="-9.33909"><ele>23.6</ele></trkpt>
   <trkpt lat="38.68160" lon="-9.33953"><ele>24.0</ele></trkpt>
   <trkpt lat="38.68160" lon="-9.33960"><ele>24.0</ele></trkpt>
   <trkpt lat="38.68167" lon="-9.33999"><ele>24.0</ele></trkpt>
   <trkpt lat="38.68176" lon="-9.34041"><ele>23.6</ele></trkpt>
   <trkpt lat="38.68183" lon="-9.34078"><ele>23.2</ele></trkpt>
   <trkpt lat="38.68190" lon="-9.34115"><ele>23.0</ele></trkpt>
   <trkpt lat="38.68197" lon="-9.34153"><ele>22.6</ele></trkpt>
   <trkpt lat="38.68199" lon="-9.34162"><ele>22.6</ele></trkpt>
   <trkpt lat="38.68202" lon="-9.34202"><ele>22.2</ele></trkpt>
   <trkpt lat="38.68203" lon="-9.34212"><ele>22.2</ele></trkpt>
   <trkpt lat="38.68199" lon="-9.34251"><ele>21.8</ele></trkpt>
   <trkpt lat="38.68191" lon="-9.34290"><ele>21.4</ele></trkpt>
   <trkpt lat="38.68179" lon="-9.34327"><ele>21.0</ele></trkpt>
   <trkpt lat="38.68167" lon="-9.34364"><ele>20.6</ele></trkpt>
   <trkpt lat="38.68155" lon="-9.34402"><ele>20.0</ele></trkpt>
   <trkpt lat="38.68142" lon="-9.34444"><ele>19.8</ele></trkpt>
   <trkpt lat="38.68129" lon="-9.34485"><ele>19.6</ele></trkpt>
   <trkpt lat="38.68124" lon="-9.34510"><ele>19.4</ele></trkpt>
   <trkpt lat="38.68120" lon="-9.34553"><ele>19.4</ele></trkpt>
   <trkpt lat="38.68120" lon="-9.34571"><ele>19.4</ele></trkpt>
   <trkpt lat="38.68125" lon="-9.34613"><ele>19.6</ele></trkpt>
   <trkpt lat="38.68136" lon="-9.34651"><ele>19.8</ele></trkpt>
   <trkpt lat="38.68138" lon="-9.34658"><ele>20.2</ele></trkpt>
   <trkpt lat="38.68153" lon="-9.34694"><ele>20.8</ele></trkpt>
   <trkpt lat="38.68173" lon="-9.34730"><ele>21.2</ele></trkpt>
   <trkpt lat="38.68198" lon="-9.34760"><ele>21.8</ele></trkpt>
   <trkpt lat="38.68223" lon="-9.34790"><ele>22.2</ele></trkpt>
   <trkpt lat="38.68247" lon="-9.34821"><ele>22.4</ele></trkpt>
   <trkpt lat="38.68264" lon="-9.34840"><ele>22.6</ele></trkpt>
   <trkpt lat="38.68291" lon="-9.34867"><ele>22.6</ele></trkpt>
   <trkpt lat="38.68315" lon="-9.34887"><ele>23.2</ele></trkpt>
   <trkpt lat="38.68342" lon="-9.34904"><ele>23.4</ele></trkpt>
   <trkpt lat="38.68373" lon="-9.34923"><ele>23.6</ele></trkpt>
   <trkpt lat="38.68403" lon="-9.34941"><ele>23.6</ele></trkpt>
   <trkpt lat="38.68414" lon="-9.34950"><ele>23.6</ele></trkpt>
   <trkpt lat="38.68432" lon="-9.34970"><ele>23.6</ele></trkpt>
   <trkpt lat="38.68453" lon="-9.35006"><ele>24.0</ele></trkpt>
   <trkpt lat="38.68465" lon="-9.35042"><ele>24.2</ele></trkpt>
   <trkpt lat="38.68469" lon="-9.35060"><ele>24.2</ele></trkpt>
   <trkpt lat="38.68475" lon="-9.35102"><ele>24.2</ele></trkpt>
   <trkpt lat="38.68479" lon="-9.35129"><ele>24.2</ele></trkpt>
   <trkpt lat="38.68494" lon="-9.35169"><ele>24.0</ele></trkpt>
   <trkpt lat="38.68517" lon="-9.35200"><ele>23.8</ele></trkpt>
   <trkpt lat="38.68543" lon="-9.35228"><ele>23.6</ele></trkpt>
   <trkpt lat="38.68565" lon="-9.35255"><ele>23.6</ele></trkpt>
   <trkpt lat="38.68570" lon="-9.35261"><ele>23.6</ele></trkpt>
   <trkpt lat="38.68588" lon="-9.35294"><ele>23.6</ele></trkpt>
   <trkpt lat="38.68594" lon="-9.35309"><ele>23.8</ele></trkpt>
   <trkpt lat="38.68604" lon="-9.35347"><ele>23.8</ele></trkpt>
   <trkpt lat="38.68613" lon="-9.35385"><ele>24.2</ele></trkpt>
   <trkpt lat="38.68624" lon="-9.35428"><ele>24.6</ele></trkpt>
   <trkpt lat="38.68628" lon="-9.35451"><ele>25.0</ele></trkpt>
   <trkpt lat="38.68631" lon="-9.35491"><ele>25.2</ele></trkpt>
   <trkpt lat="38.68634" lon="-9.35532"><ele>25.2</ele></trkpt>
   <trkpt lat="38.68636" lon="-9.35576"><ele>25.2</ele></trkpt>
   <trkpt lat="38.68639" lon="-9.35621"><ele>25.0</ele></trkpt>
   <trkpt lat="38.68639" lon="-9.35630"><ele>25.0</ele></trkpt>
   <trkpt lat="38.68645" lon="-9.35675"><ele>24.8</ele></trkpt>
   <trkpt lat="38.68646" lon="-9.35684"><ele>24.8</ele></trkpt>
   <trkpt lat="38.68658" lon="-9.35727"><ele>24.6</ele></trkpt>
   <trkpt lat="38.68671" lon="-9.35767"><ele>24.4</ele></trkpt>
   <trkpt lat="38.68686" lon="-9.35807"><ele>24.6</ele></trkpt>
   <trkpt lat="38.68704" lon="-9.35842"><ele>24.8</ele></trkpt>
   <trkpt lat="38.68727" lon="-9.35873"><ele>24.8</ele></trkpt>
   <trkpt lat="38.68737" lon="-9.35884"><ele>24.8</ele></trkpt>
   <trkpt lat="38.68762" lon="-9.35908"><ele>25.0</ele></trkpt>
   <trkpt lat="38.68791" lon="-9.35932"><ele>25.6</ele></trkpt>
   <trkpt lat="38.68812" lon="-9.35951"><ele>26.2</ele></trkpt>
   <trkpt lat="38.68837" lon="-9.35981"><ele>27.8</ele></trkpt>
   <trkpt lat="38.68859" lon="-9.36012"><ele>29.0</ele></trkpt>
   <trkpt lat="38.68866" lon="-9.36021"><ele>29.4</ele></trkpt>
   <trkpt lat="38.68885" lon="-9.36055"><ele>30.4</ele></trkpt>
   <trkpt lat="38.68888" lon="-9.36060"><ele>30.6</ele></trkpt>
   <trkpt lat="38.68904" lon="-9.36100"><ele>32.0</ele></trkpt>
   <trkpt lat="38.68920" lon="-9.36137"><ele>32.8</ele></trkpt>
   <trkpt lat="38.68935" lon="-9.36174"><ele>33.8</ele></trkpt>
   <trkpt lat="38.68950" lon="-9.36211"><ele>34.2</ele></trkpt>
   <trkpt lat="38.68962" lon="-9.36237"><ele>34.4</ele></trkpt>
   <trkpt lat="38.68983" lon="-9.36273"><ele>34.6</ele></trkpt>
   <trkpt lat="38.69005" lon="-9.36303"><ele>34.4</ele></trkpt>
   <trkpt lat="38.69009" lon="-9.36309"><ele>34.4</ele></trkpt>
   <trkpt lat="38.69033" lon="-9.36336"><ele>34.8</ele></trkpt>
   <trkpt lat="38.69043" lon="-9.36346"><ele>34.8</ele></trkpt>
   <trkpt lat="38.69070" lon="-9.36369"><ele>34.6</ele></trkpt>
   <trkpt lat="38.69097" lon="-9.36393"><ele>34.6</ele></trkpt>
   <trkpt lat="38.69125" lon="-9.36417"><ele>34.4</ele></trkpt>
   <trkpt lat="38.69155" lon="-9.36442"><ele>34.2</ele></trkpt>
   <trkpt lat="38.69180" lon="-9.36464"><ele>34.2</ele></trkpt>
   <trkpt lat="38.69199" lon="-9.36482"><ele>34.2</ele></trkpt>
   <trkpt lat="38.69221" lon="-9.36509"><ele>34.0</ele></trkpt>
   <trkpt lat="38.69227" lon="-9.36516"><ele>34.0</ele></trkpt>
   <trkpt lat="38.69246" lon="-9.36547"><ele>33.8</ele></trkpt>
   <trkpt lat="38.69251" lon="-9.36555"><ele>33.8</ele></trkpt>
   <trkpt lat="38.69267" lon="-9.36590"><ele>33.4</ele></trkpt>
   <trkpt lat="38.69282" lon="-9.36627"><ele>32.8</ele></trkpt>
   <trkpt lat="38.69298" lon="-9.36662"><ele>32.6</ele></trkpt>
   <trkpt lat="38.69306" lon="-9.36679"><ele>32.4</ele></trkpt>
   <trkpt lat="38.69328" lon="-9.36704"><ele>31.2</ele></trkpt>
   <trkpt lat="38.69332" lon="-9.36712"><ele>31.2</ele></trkpt>
   <trkpt lat="38.69335" lon="-9.36749"><ele>30.4</ele></trkpt>
   <trkpt lat="38.69337" lon="-9.36758"><ele>30.4</ele></trkpt>
   <trkpt lat="38.69352" lon="-9.36795"><ele>29.4</ele></trkpt>
   <trkpt lat="38.69368" lon="-9.36833"><ele>28.6</ele></trkpt>
   <trkpt lat="38.69383" lon="-9.36871"><ele>28.2</ele></trkpt>
   <trkpt lat="38.69398" lon="-9.36906"><ele>27.6</ele></trkpt>
   <trkpt lat="38.69410" lon="-9.36947"><ele>27.6</ele></trkpt>
   <trkpt lat="38.69417" lon="-9.36975"><ele>27.6</ele></trkpt>
   <trkpt lat="38.69422" lon="-9.37016"><ele>28.2</ele></trkpt>
   <trkpt lat="38.69423" lon="-9.37032"><ele>28.4</ele></trkpt>
   <trkpt lat="38.69423" lon="-9.37072"><ele>28.6</ele></trkpt>
   <trkpt lat="38.69422" lon="-9.37111"><ele>29.0</ele></trkpt>
   <trkpt lat="38.69422" lon="-9.37153"><ele>29.2</ele></trkpt>
   <trkpt lat="38.69421" lon="-9.37193"><ele>29.6</ele></trkpt>
   <trkpt lat="38.69421" lon="-9.37233"><ele>29.8</ele></trkpt>
   <trkpt lat="38.69421" lon="-9.37278"><ele>30.0</ele></trkpt>
   <trkpt lat="38.69422" lon="-9.37317"><ele>30.2</ele></trkpt>
   <trkpt lat="38.69428" lon="-9.37358"><ele>30.4</ele></trkpt>
   <trkpt lat="38.69435" lon="-9.37389"><ele>30.4</ele></trkpt>
   <trkpt lat="38.69449" lon="-9.37428"><ele>30.4</ele></trkpt>
   <trkpt lat="38.69461" lon="-9.37458"><ele>30.4</ele></trkpt>
   <trkpt lat="38.69478" lon="-9.37497"><ele>30.4</ele></trkpt>
   <trkpt lat="38.69495" lon="-9.37537"><ele>30.4</ele></trkpt>
   <trkpt lat="38.69509" lon="-9.37570"><ele>30.2</ele></trkpt>
   <trkpt lat="38.69523" lon="-9.37603"><ele>30.0</ele></trkpt>
   <trkpt lat="38.69537" lon="-9.37636"><ele>30.0</ele></trkpt>
   <trkpt lat="38.69543" lon="-9.37653"><ele>30.0</ele></trkpt>
   <trkpt lat="38.69559" lon="-9.37686"><ele>29.8</ele></trkpt>
   <trkpt lat="38.69577" lon="-9.37717"><ele>29.6</ele></trkpt>
   <trkpt lat="38.69594" lon="-9.37747"><ele>29.4</ele></trkpt>
   <trkpt lat="38.69611" lon="-9.37778"><ele>29.4</ele></trkpt>
   <trkpt lat="38.69619" lon="-9.37794"><ele>29.4</ele></trkpt>
   <trkpt lat="38.69634" lon="-9.37835"><ele>29.4</ele></trkpt>
   <trkpt lat="38.69648" lon="-9.37874"><ele>29.0</ele></trkpt>
   <trkpt lat="38.69662" lon="-9.37912"><ele>29.2</ele></trkpt>
   <trkpt lat="38.69674" lon="-9.37948"><ele>29.6</ele></trkpt>
   <trkpt lat="38.69687" lon="-9.37984"><ele>29.8</ele></trkpt>
   <trkpt lat="38.69689" lon="-9.37991"><ele>29.8</ele></trkpt>
   <trkpt lat="38.69704" lon="-9.38028"><ele>30.0</ele></trkpt>
   <trkpt lat="38.69722" lon="-9.38065"><ele>30.0</ele></trkpt>
   <trkpt lat="38.69737" lon="-9.38095"><ele>30.0</ele></trkpt>
   <trkpt lat="38.69758" lon="-9.38130"><ele>29.6</ele></trkpt>
   <trkpt lat="38.69780" lon="-9.38165"><ele>29.0</ele></trkpt>
   <trkpt lat="38.69802" lon="-9.38199"><ele>28.8</ele></trkpt>
   <trkpt lat="38.69825" lon="-9.38234"><ele>28.8</ele></trkpt>
   <trkpt lat="38.69848" lon="-9.38268"><ele>28.6</ele></trkpt>
   <trkpt lat="38.69870" lon="-9.38303"><ele>28.6</ele></trkpt>
   <trkpt lat="38.69893" lon="-9.38337"><ele>28.4</ele></trkpt>
   <trkpt lat="38.69913" lon="-9.38370"><ele>28.6</ele></trkpt>
   <trkpt lat="38.69933" lon="-9.38400"><ele>28.8</ele></trkpt>
   <trkpt lat="38.69954" lon="-9.38431"><ele>29.2</ele></trkpt>
   <trkpt lat="38.69975" lon="-9.38462"><ele>29.8</ele></trkpt>
   <trkpt lat="38.69991" lon="-9.38485"><ele>30.2</ele></trkpt>
   <trkpt lat="38.70007" lon="-9.38518"><ele>30.6</ele></trkpt>
   <trkpt lat="38.70018" lon="-9.38545"><ele>31.0</ele></trkpt>
   <trkpt lat="38.70029" lon="-9.38581"><ele>31.2</ele></trkpt>
   <trkpt lat="38.70043" lon="-9.38623"><ele>31.8</ele></trkpt>
   <trkpt lat="38.70054" lon="-9.38655"><ele>32.2</ele></trkpt>
   <trkpt lat="38.70075" lon="-9.38692"><ele>32.6</ele></trkpt>
   <trkpt lat="38.70095" lon="-9.38727"><ele>32.6</ele></trkpt>
   <trkpt lat="38.70112" lon="-9.38761"><ele>32.2</ele></trkpt>
   <trkpt lat="38.70131" lon="-9.38796"><ele>31.6</ele></trkpt>
   <trkpt lat="38.70138" lon="-9.38811"><ele>31.6</ele></trkpt>
   <trkpt lat="38.70159" lon="-9.38845"><ele>31.4</ele></trkpt>
   <trkpt lat="38.70179" lon="-9.38879"><ele>31.4</ele></trkpt>
   <trkpt lat="38.70197" lon="-9.38911"><ele>31.6</ele></trkpt>
   <trkpt lat="38.70216" lon="-9.38945"><ele>31.8</ele></trkpt>
   <trkpt lat="38.70235" lon="-9.38979"><ele>32.2</ele></trkpt>
   <trkpt lat="38.70255" lon="-9.39015"><ele>32.2</ele></trkpt>
   <trkpt lat="38.70275" lon="-9.39048"><ele>31.8</ele></trkpt>
   <trkpt lat="38.70289" lon="-9.39080"><ele>31.4</ele></trkpt>
   <trkpt lat="38.70292" lon="-9.39092"><ele>31.2</ele></trkpt>
   <trkpt lat="38.70296" lon="-9.39133"><ele>30.2</ele></trkpt>
   <trkpt lat="38.70296" lon="-9.39147"><ele>29.2</ele></trkpt>
   <trkpt lat="38.70291" lon="-9.39186"><ele>27.4</ele></trkpt>
   <trkpt lat="38.70285" lon="-9.39224"><ele>25.0</ele></trkpt>
   <trkpt lat="38.70280" lon="-9.39260"><ele>23.6</ele></trkpt>
   <trkpt lat="38.70273" lon="-9.39301"><ele>23.6</ele></trkpt>
   <trkpt lat="38.70270" lon="-9.39321"><ele>24.2</ele></trkpt>
   <trkpt lat="38.70271" lon="-9.39365"><ele>27.0</ele></trkpt>
   <trkpt lat="38.70285" lon="-9.39403"><ele>30.2</ele></trkpt>
   <trkpt lat="38.70289" lon="-9.39412"><ele>30.8</ele></trkpt>
   <trkpt lat="38.70318" lon="-9.39438"><ele>32.8</ele></trkpt>
   <trkpt lat="38.70334" lon="-9.39454"><ele>33.4</ele></trkpt>
   <trkpt lat="38.70343" lon="-9.39469"><ele>33.6</ele></trkpt>
   <trkpt lat="38.70349" lon="-9.39492"><ele>34.2</ele></trkpt>
   <trkpt lat="38.70351" lon="-9.39535"><ele>34.4</ele></trkpt>
   <trkpt lat="38.70350" lon="-9.39580"><ele>33.8</ele></trkpt>
   <trkpt lat="38.70349" lon="-9.39626"><ele>33.2</ele></trkpt>
   <trkpt lat="38.70348" lon="-9.39665"><ele>31.4</ele></trkpt>
   <trkpt lat="38.70348" lon="-9.39703"><ele>29.6</ele></trkpt>
   <trkpt lat="38.70354" lon="-9.39746"><ele>22.0</ele></trkpt>
   <trkpt lat="38.70363" lon="-9.39790"><ele>22.2</ele></trkpt>
   <trkpt lat="38.70365" lon="-9.39802"><ele>22.2</ele></trkpt>
   <trkpt lat="38.70367" lon="-9.39844"><ele>22.2</ele></trkpt>
   <trkpt lat="38.70371" lon="-9.39888"><ele>22.4</ele></trkpt>
   <trkpt lat="38.70372" lon="-9.39913"><ele>22.6</ele></trkpt>
   <trkpt lat="38.70369" lon="-9.39954"><ele>22.6</ele></trkpt>
   <trkpt lat="38.70369" lon="-9.39995"><ele>22.6</ele></trkpt>
   <trkpt lat="38.70367" lon="-9.40036"><ele>22.6</ele></trkpt>
   <trkpt lat="38.70365" lon="-9.40077"><ele>22.6</ele></trkpt>
   <trkpt lat="38.70363" lon="-9.40118"><ele>22.6</ele></trkpt>
   <trkpt lat="38.70366" lon="-9.40142"><ele>22.6</ele></trkpt>
   <trkpt lat="38.70378" lon="-9.40179"><ele>23.0</ele></trkpt>
   <trkpt lat="38.70388" lon="-9.40197"><ele>23.2</ele></trkpt>
   <trkpt lat="38.70414" lon="-9.40226"><ele>24.4</ele></trkpt>
   <trkpt lat="38.70426" lon="-9.40240"><ele>25.0</ele></trkpt>
   <trkpt lat="38.70444" lon="-9.40276"><ele>26.0</ele></trkpt>
   <trkpt lat="38.70452" lon="-9.40298"><ele>26.4</ele></trkpt>
   <trkpt lat="38.70459" lon="-9.40343"><ele>27.2</ele></trkpt>
   <trkpt lat="38.70459" lon="-9.40389"><ele>27.2</ele></trkpt>
   <trkpt lat="38.70456" lon="-9.40428"><ele>27.4</ele></trkpt>
   <trkpt lat="38.70454" lon="-9.40471"><ele>28.4</ele></trkpt>
   <trkpt lat="38.70453" lon="-9.40511"><ele>29.2</ele></trkpt>
   <trkpt lat="38.70462" lon="-9.40555"><ele>29.8</ele></trkpt>
   <trkpt lat="38.70471" lon="-9.40591"><ele>30.6</ele></trkpt>
   <trkpt lat="38.70448" lon="-9.40620"><ele>31.8</ele></trkpt>
   <trkpt lat="38.70434" lon="-9.40657"><ele>31.6</ele></trkpt>
   <trkpt lat="38.70429" lon="-9.40669"><ele>31.2</ele></trkpt>
   <trkpt lat="38.70407" lon="-9.40701"><ele>31.0</ele></trkpt>
   <trkpt lat="38.70384" lon="-9.40735"><ele>31.0</ele></trkpt>
   <trkpt lat="38.70381" lon="-9.40741"><ele>31.0</ele></trkpt>
   <trkpt lat="38.70353" lon="-9.40768"><ele>31.0</ele></trkpt>
   <trkpt lat="38.70323" lon="-9.40790"><ele>31.8</ele></trkpt>
   <trkpt lat="38.70302" lon="-9.40812"><ele>32.4</ele></trkpt>
   <trkpt lat="38.70286" lon="-9.40846"><ele>33.2</ele></trkpt>
   <trkpt lat="38.70273" lon="-9.40882"><ele>33.6</ele></trkpt>
   <trkpt lat="38.70260" lon="-9.40918"><ele>33.8</ele></trkpt>
   <trkpt lat="38.70254" lon="-9.40933"><ele>33.8</ele></trkpt>
   <trkpt lat="38.70243" lon="-9.40973"><ele>33.0</ele></trkpt>
   <trkpt lat="38.70233" lon="-9.41014"><ele>32.4</ele></trkpt>
   <trkpt lat="38.70222" lon="-9.41055"><ele>31.4</ele></trkpt>
   <trkpt lat="38.70213" lon="-9.41092"><ele>29.8</ele></trkpt>
   <trkpt lat="38.70204" lon="-9.41131"><ele>27.0</ele></trkpt>
   <trkpt lat="38.70198" lon="-9.41174"><ele>25.6</ele></trkpt>
   <trkpt lat="38.70192" lon="-9.41212"><ele>24.6</ele></trkpt>
   <trkpt lat="38.70187" lon="-9.41251"><ele>24.0</ele></trkpt>
   <trkpt lat="38.70183" lon="-9.41289"><ele>23.8</ele></trkpt>
   <trkpt lat="38.70182" lon="-9.41299"><ele>23.8</ele></trkpt>
   <trkpt lat="38.70176" lon="-9.41336"><ele>23.8</ele></trkpt>
   <trkpt lat="38.70170" lon="-9.41379"><ele>24.0</ele></trkpt>
   <trkpt lat="38.70163" lon="-9.41421"><ele>24.2</ele></trkpt>
   <trkpt lat="38.70155" lon="-9.41461"><ele>24.2</ele></trkpt>
   <trkpt lat="38.70150" lon="-9.41492"><ele>24.6</ele></trkpt>
   <trkpt lat="38.70146" lon="-9.41535"><ele>24.8</ele></trkpt>
   <trkpt lat="38.70145" lon="-9.41550"><ele>24.8</ele></trkpt>
   <trkpt lat="38.70145" lon="-9.41592"><ele>24.8</ele></trkpt>
   <trkpt lat="38.70144" lon="-9.41632"><ele>24.8</ele></trkpt>
   <trkpt lat="38.70144" lon="-9.41670"><ele>25.2</ele></trkpt>
   <trkpt lat="38.70149" lon="-9.41715"><ele>25.8</ele></trkpt>
   <trkpt lat="38.70159" lon="-9.41756"><ele>26.4</ele></trkpt>
   <trkpt lat="38.70159" lon="-9.41760"><ele>26.4</ele></trkpt>
   <trkpt lat="38.70135" lon="-9.41784"><ele>26.8</ele></trkpt>
   <trkpt lat="38.70128" lon="-9.41794"><ele>26.6</ele></trkpt>
   <trkpt lat="38.70121" lon="-9.41834"><ele>26.0</ele></trkpt>
   <trkpt lat="38.70116" lon="-9.41879"><ele>25.2</ele></trkpt>
   <trkpt lat="38.70113" lon="-9.41908"><ele>24.4</ele></trkpt>
   <trkpt lat="38.70102" lon="-9.41948"><ele>23.0</ele></trkpt>
   <trkpt lat="38.70085" lon="-9.41983"><ele>22.2</ele></trkpt>
   <trkpt lat="38.70066" lon="-9.42020"><ele>21.8</ele></trkpt>
   <trkpt lat="38.70059" lon="-9.42038"><ele>21.6</ele></trkpt>
   <trkpt lat="38.70043" lon="-9.42050"><ele>21.2</ele></trkpt>
   <trkpt lat="38.70031" lon="-9.42042"><ele>20.6</ele></trkpt>
   <trkpt lat="38.70026" lon="-9.42027"><ele>20.0</ele></trkpt>
   <trkpt lat="38.70030" lon="-9.42002"><ele>19.8</ele></trkpt>
   <trkpt lat="38.70022" lon="-9.41982"><ele>20.4</ele></trkpt>
   <trkpt lat="38.70020" lon="-9.41949"><ele>21.2</ele></trkpt>
   <trkpt lat="38.70025" lon="-9.41909"><ele>22.4</ele></trkpt>
   <trkpt lat="38.70028" lon="-9.41883"><ele>22.8</ele></trkpt>
   <trkpt lat="38.70019" lon="-9.41857"><ele>23.8</ele></trkpt>
   <trkpt lat="38.70023" lon="-9.41841"><ele>23.8</ele></trkpt>
   <trkpt lat="38.70035" lon="-9.41830"><ele>23.6</ele></trkpt>
   <trkpt lat="38.70037" lon="-9.41821"><ele>23.6</ele></trkpt>
   <trkpt lat="38.70034" lon="-9.41823"><ele>23.6</ele></trkpt>
   <trkpt lat="38.70043" lon="-9.41836"><ele>23.6</ele></trkpt>
   <trkpt lat="38.70048" lon="-9.41868"><ele>23.8</ele></trkpt>
   <trkpt lat="38.70080" lon="-9.41877"><ele>23.4</ele></trkpt>
   <trkpt lat="38.70100" lon="-9.41883"><ele>23.4</ele></trkpt>
   <trkpt lat="38.70106" lon="-9.41880"><ele>23.6</ele></trkpt>
   <trkpt lat="38.70110" lon="-9.41867"><ele>23.6</ele></trkpt>
   <trkpt lat="38.70116" lon="-9.41827"><ele>23.8</ele></trkpt>
   <trkpt lat="38.70122" lon="-9.41786"><ele>24.8</ele></trkpt>
   <trkpt lat="38.70128" lon="-9.41743"><ele>25.8</ele></trkpt>
   <trkpt lat="38.70133" lon="-9.41705"><ele>26.4</ele></trkpt>
   <trkpt lat="38.70135" lon="-9.41660"><ele>26.8</ele></trkpt>
   <trkpt lat="38.70136" lon="-9.41615"><ele>26.6</ele></trkpt>
   <trkpt lat="38.70137" lon="-9.41572"><ele>26.4</ele></trkpt>
   <trkpt lat="38.70139" lon="-9.41533"><ele>26.4</ele></trkpt>
   <trkpt lat="38.70142" lon="-9.41495"><ele>25.8</ele></trkpt>
   <trkpt lat="38.70143" lon="-9.41486"><ele>25.8</ele></trkpt>
   <trkpt lat="38.70148" lon="-9.41449"><ele>25.8</ele></trkpt>
   <trkpt lat="38.70154" lon="-9.41404"><ele>25.4</ele></trkpt>
   <trkpt lat="38.70160" lon="-9.41363"><ele>25.2</ele></trkpt>
   <trkpt lat="38.70164" lon="-9.41327"><ele>24.8</ele></trkpt>
   <trkpt lat="38.70170" lon="-9.41287"><ele>24.4</ele></trkpt>
   <trkpt lat="38.70176" lon="-9.41243"><ele>24.2</ele></trkpt>
   <trkpt lat="38.70181" lon="-9.41199"><ele>24.0</ele></trkpt>
   <trkpt lat="38.70187" lon="-9.41155"><ele>23.8</ele></trkpt>
   <trkpt lat="38.70188" lon="-9.41147"><ele>24.0</ele></trkpt>
   <trkpt lat="38.70197" lon="-9.41108"><ele>24.8</ele></trkpt>
   <trkpt lat="38.70206" lon="-9.41070"><ele>26.2</ele></trkpt>
   <trkpt lat="38.70217" lon="-9.41033"><ele>27.6</ele></trkpt>
   <trkpt lat="38.70229" lon="-9.40992"><ele>29.2</ele></trkpt>
   <trkpt lat="38.70239" lon="-9.40952"><ele>30.8</ele></trkpt>
   <trkpt lat="38.70248" lon="-9.40919"><ele>31.8</ele></trkpt>
   <trkpt lat="38.70262" lon="-9.40881"><ele>33.2</ele></trkpt>
   <trkpt lat="38.70277" lon="-9.40841"><ele>33.6</ele></trkpt>
   <trkpt lat="38.70282" lon="-9.40828"><ele>33.6</ele></trkpt>
   <trkpt lat="38.70302" lon="-9.40797"><ele>33.8</ele></trkpt>
   <trkpt lat="38.70307" lon="-9.40791"><ele>33.8</ele></trkpt>
   <trkpt lat="38.70332" lon="-9.40769"><ele>33.8</ele></trkpt>
   <trkpt lat="38.70360" lon="-9.40748"><ele>33.8</ele></trkpt>
   <trkpt lat="38.70366" lon="-9.40742"><ele>33.8</ele></trkpt>
   <trkpt lat="38.70388" lon="-9.40712"><ele>33.4</ele></trkpt>
   <trkpt lat="38.70405" lon="-9.40688"><ele>33.4</ele></trkpt>
   <trkpt lat="38.70425" lon="-9.40656"><ele>33.0</ele></trkpt>
   <trkpt lat="38.70432" lon="-9.40639"><ele>32.8</ele></trkpt>
   <trkpt lat="38.70441" lon="-9.40598"><ele>32.2</ele></trkpt>
   <trkpt lat="38.70442" lon="-9.40590"><ele>32.2</ele></trkpt>
   <trkpt lat="38.70443" lon="-9.40546"><ele>32.0</ele></trkpt>
   <trkpt lat="38.70444" lon="-9.40502"><ele>32.0</ele></trkpt>
   <trkpt lat="38.70446" lon="-9.40465"><ele>31.0</ele></trkpt>
   <trkpt lat="38.70447" lon="-9.40425"><ele>30.2</ele></trkpt>
   <trkpt lat="38.70449" lon="-9.40382"><ele>30.0</ele></trkpt>
   <trkpt lat="38.70449" lon="-9.40338"><ele>29.4</ele></trkpt>
   <trkpt lat="38.70440" lon="-9.40296"><ele>28.8</ele></trkpt>
   <trkpt lat="38.70429" lon="-9.40267"><ele>28.6</ele></trkpt>
   <trkpt lat="38.70407" lon="-9.40233"><ele>28.2</ele></trkpt>
   <trkpt lat="38.70381" lon="-9.40202"><ele>27.8</ele></trkpt>
   <trkpt lat="38.70374" lon="-9.40193"><ele>27.4</ele></trkpt>
   <trkpt lat="38.70365" lon="-9.40174"><ele>27.2</ele></trkpt>
   <trkpt lat="38.70355" lon="-9.40132"><ele>26.6</ele></trkpt>
   <trkpt lat="38.70353" lon="-9.40090"><ele>25.4</ele></trkpt>
   <trkpt lat="38.70355" lon="-9.40047"><ele>24.6</ele></trkpt>
   <trkpt lat="38.70357" lon="-9.40004"><ele>24.0</ele></trkpt>
   <trkpt lat="38.70357" lon="-9.39982"><ele>23.8</ele></trkpt>
   <trkpt lat="38.70355" lon="-9.39940"><ele>24.0</ele></trkpt>
   <trkpt lat="38.70352" lon="-9.39900"><ele>23.8</ele></trkpt>
   <trkpt lat="38.70349" lon="-9.39861"><ele>24.0</ele></trkpt>
   <trkpt lat="38.70345" lon="-9.39822"><ele>23.8</ele></trkpt>
   <trkpt lat="38.70343" lon="-9.39785"><ele>23.4</ele></trkpt>
   <trkpt lat="38.70341" lon="-9.39745"><ele>23.4</ele></trkpt>
   <trkpt lat="38.70340" lon="-9.39727"><ele>23.4</ele></trkpt>
   <trkpt lat="38.70341" lon="-9.39683"><ele>23.6</ele></trkpt>
   <trkpt lat="38.70341" lon="-9.39642"><ele>24.8</ele></trkpt>
   <trkpt lat="38.70339" lon="-9.39598"><ele>27.6</ele></trkpt>
   <trkpt lat="38.70341" lon="-9.39555"><ele>31.0</ele></trkpt>
   <trkpt lat="38.70340" lon="-9.39535"><ele>32.6</ele></trkpt>
   <trkpt lat="38.70329" lon="-9.39494"><ele>33.8</ele></trkpt>
   <trkpt lat="38.70327" lon="-9.39488"><ele>34.0</ele></trkpt>
   <trkpt lat="38.70307" lon="-9.39454"><ele>34.4</ele></trkpt>
   <trkpt lat="38.70285" lon="-9.39425"><ele>34.0</ele></trkpt>
   <trkpt lat="38.70281" lon="-9.39419"><ele>34.0</ele></trkpt>
   <trkpt lat="38.70266" lon="-9.39385"><ele>33.8</ele></trkpt>
   <trkpt lat="38.70262" lon="-9.39366"><ele>33.6</ele></trkpt>
   <trkpt lat="38.70260" lon="-9.39329"><ele>33.0</ele></trkpt>
   <trkpt lat="38.70265" lon="-9.39290"><ele>31.8</ele></trkpt>
   <trkpt lat="38.70271" lon="-9.39251"><ele>29.8</ele></trkpt>
   <trkpt lat="38.70274" lon="-9.39222"><ele>28.8</ele></trkpt>
   <trkpt lat="38.70275" lon="-9.39205"><ele>27.2</ele></trkpt>
   <trkpt lat="38.70270" lon="-9.39178"><ele>25.4</ele></trkpt>
   <trkpt lat="38.70258" lon="-9.39146"><ele>24.0</ele></trkpt>
   <trkpt lat="38.70239" lon="-9.39114"><ele>23.6</ele></trkpt>
   <trkpt lat="38.70220" lon="-9.39081"><ele>25.2</ele></trkpt>
   <trkpt lat="38.70199" lon="-9.39045"><ele>28.2</ele></trkpt>
   <trkpt lat="38.70181" lon="-9.39013"><ele>30.0</ele></trkpt>
   <trkpt lat="38.70161" lon="-9.38976"><ele>31.0</ele></trkpt>
   <trkpt lat="38.70141" lon="-9.38942"><ele>31.4</ele></trkpt>
   <trkpt lat="38.70124" lon="-9.38909"><ele>31.4</ele></trkpt>
   <trkpt lat="38.70104" lon="-9.38874"><ele>31.2</ele></trkpt>
   <trkpt lat="38.70087" lon="-9.38843"><ele>30.8</ele></trkpt>
   <trkpt lat="38.70068" lon="-9.38809"><ele>30.4</ele></trkpt>
   <trkpt lat="38.70048" lon="-9.38772"><ele>30.8</ele></trkpt>
   <trkpt lat="38.70030" lon="-9.38740"><ele>31.2</ele></trkpt>
   <trkpt lat="38.70016" lon="-9.38704"><ele>31.4</ele></trkpt>
   <trkpt lat="38.70003" lon="-9.38665"><ele>31.4</ele></trkpt>
   <trkpt lat="38.69991" lon="-9.38632"><ele>31.6</ele></trkpt>
   <trkpt lat="38.69979" lon="-9.38596"><ele>31.4</ele></trkpt>
   <trkpt lat="38.69965" lon="-9.38557"><ele>31.4</ele></trkpt>
   <trkpt lat="38.69951" lon="-9.38517"><ele>30.8</ele></trkpt>
   <trkpt lat="38.69937" lon="-9.38479"><ele>30.6</ele></trkpt>
   <trkpt lat="38.69923" lon="-9.38442"><ele>30.4</ele></trkpt>
   <trkpt lat="38.69911" lon="-9.38405"><ele>30.6</ele></trkpt>
   <trkpt lat="38.69895" lon="-9.38371"><ele>30.6</ele></trkpt>
   <trkpt lat="38.69877" lon="-9.38336"><ele>30.4</ele></trkpt>
   <trkpt lat="38.69868" lon="-9.38319"><ele>30.2</ele></trkpt>
   <trkpt lat="38.69848" lon="-9.38288"><ele>29.8</ele></trkpt>
   <trkpt lat="38.69828" lon="-9.38257"><ele>29.6</ele></trkpt>
   <trkpt lat="38.69808" lon="-9.38228"><ele>29.6</ele></trkpt>
   <trkpt lat="38.69789" lon="-9.38198"><ele>29.6</ele></trkpt>
   <trkpt lat="38.69766" lon="-9.38163"><ele>29.6</ele></trkpt>
   <trkpt lat="38.69748" lon="-9.38135"><ele>29.8</ele></trkpt>
   <trkpt lat="38.69727" lon="-9.38098"><ele>30.2</ele></trkpt>
   <trkpt lat="38.69712" lon="-9.38068"><ele>30.2</ele></trkpt>
   <trkpt lat="38.69694" lon="-9.38030"><ele>30.4</ele></trkpt>
   <trkpt lat="38.69687" lon="-9.38015"><ele>30.4</ele></trkpt>
   <trkpt lat="38.69672" lon="-9.37975"><ele>30.8</ele></trkpt>
   <trkpt lat="38.69659" lon="-9.37936"><ele>31.0</ele></trkpt>
   <trkpt lat="38.69644" lon="-9.37896"><ele>31.0</ele></trkpt>
   <trkpt lat="38.69630" lon="-9.37855"><ele>30.8</ele></trkpt>
   <trkpt lat="38.69618" lon="-9.37822"><ele>30.4</ele></trkpt>
   <trkpt lat="38.69611" lon="-9.37805"><ele>30.4</ele></trkpt>
   <trkpt lat="38.69592" lon="-9.37766"><ele>30.2</ele></trkpt>
   <trkpt lat="38.69571" lon="-9.37729"><ele>30.2</ele></trkpt>
   <trkpt lat="38.69551" lon="-9.37693"><ele>30.2</ele></trkpt>
   <trkpt lat="38.69533" lon="-9.37659"><ele>30.2</ele></trkpt>
   <trkpt lat="38.69517" lon="-9.37621"><ele>30.8</ele></trkpt>
   <trkpt lat="38.69501" lon="-9.37583"><ele>31.2</ele></trkpt>
   <trkpt lat="38.69485" lon="-9.37545"><ele>31.4</ele></trkpt>
   <trkpt lat="38.69470" lon="-9.37509"><ele>31.4</ele></trkpt>
   <trkpt lat="38.69455" lon="-9.37474"><ele>32.0</ele></trkpt>
   <trkpt lat="38.69446" lon="-9.37452"><ele>32.0</ele></trkpt>
   <trkpt lat="38.69433" lon="-9.37414"><ele>32.2</ele></trkpt>
   <trkpt lat="38.69422" lon="-9.37375"><ele>32.2</ele></trkpt>
   <trkpt lat="38.69418" lon="-9.37359"><ele>32.2</ele></trkpt>
   <trkpt lat="38.69413" lon="-9.37317"><ele>32.0</ele></trkpt>
   <trkpt lat="38.69412" lon="-9.37309"><ele>32.0</ele></trkpt>
   <trkpt lat="38.69412" lon="-9.37265"><ele>31.8</ele></trkpt>
   <trkpt lat="38.69412" lon="-9.37220"><ele>31.6</ele></trkpt>
   <trkpt lat="38.69413" lon="-9.37175"><ele>31.2</ele></trkpt>
   <trkpt lat="38.69413" lon="-9.37133"><ele>30.8</ele></trkpt>
   <trkpt lat="38.69414" lon="-9.37093"><ele>30.2</ele></trkpt>
   <trkpt lat="38.69414" lon="-9.37049"><ele>29.8</ele></trkpt>
   <trkpt lat="38.69411" lon="-9.37006"><ele>28.8</ele></trkpt>
   <trkpt lat="38.69409" lon="-9.36986"><ele>28.8</ele></trkpt>
   <trkpt lat="38.69400" lon="-9.36947"><ele>28.6</ele></trkpt>
   <trkpt lat="38.69398" lon="-9.36938"><ele>28.4</ele></trkpt>
   <trkpt lat="38.69383" lon="-9.36897"><ele>28.0</ele></trkpt>
   <trkpt lat="38.69367" lon="-9.36857"><ele>27.6</ele></trkpt>
   <trkpt lat="38.69350" lon="-9.36818"><ele>27.2</ele></trkpt>
   <trkpt lat="38.69341" lon="-9.36797"><ele>27.2</ele></trkpt>
   <trkpt lat="38.69321" lon="-9.36762"><ele>27.8</ele></trkpt>
   <trkpt lat="38.69318" lon="-9.36757"><ele>28.2</ele></trkpt>
   <trkpt lat="38.69293" lon="-9.36731"><ele>29.2</ele></trkpt>
   <trkpt lat="38.69289" lon="-9.36691"><ele>30.2</ele></trkpt>
   <trkpt lat="38.69288" lon="-9.36684"><ele>30.2</ele></trkpt>
   <trkpt lat="38.69275" lon="-9.36642"><ele>31.0</ele></trkpt>
   <trkpt lat="38.69260" lon="-9.36603"><ele>31.4</ele></trkpt>
   <trkpt lat="38.69252" lon="-9.36583"><ele>31.8</ele></trkpt>
   <trkpt lat="38.69231" lon="-9.36547"><ele>32.2</ele></trkpt>
   <trkpt lat="38.69216" lon="-9.36524"><ele>32.4</ele></trkpt>
   <trkpt lat="38.69191" lon="-9.36495"><ele>33.2</ele></trkpt>
   <trkpt lat="38.69188" lon="-9.36490"><ele>33.2</ele></trkpt>
   <trkpt lat="38.69159" lon="-9.36465"><ele>33.6</ele></trkpt>
   <trkpt lat="38.69131" lon="-9.36441"><ele>33.8</ele></trkpt>
   <trkpt lat="38.69104" lon="-9.36416"><ele>34.4</ele></trkpt>
   <trkpt lat="38.69075" lon="-9.36390"><ele>34.4</ele></trkpt>
   <trkpt lat="38.69050" lon="-9.36368"><ele>34.4</ele></trkpt>
   <trkpt lat="38.69039" lon="-9.36358"><ele>34.4</ele></trkpt>
   <trkpt lat="38.69015" lon="-9.36333"><ele>34.4</ele></trkpt>
   <trkpt lat="38.69001" lon="-9.36317"><ele>34.6</ele></trkpt>
   <trkpt lat="38.68980" lon="-9.36287"><ele>34.6</ele></trkpt>
   <trkpt lat="38.68959" lon="-9.36255"><ele>34.6</ele></trkpt>
   <trkpt lat="38.68955" lon="-9.36248"><ele>34.6</ele></trkpt>
   <trkpt lat="38.68938" lon="-9.36212"><ele>34.6</ele></trkpt>
   <trkpt lat="38.68922" lon="-9.36173"><ele>34.6</ele></trkpt>
   <trkpt lat="38.68906" lon="-9.36133"><ele>34.6</ele></trkpt>
   <trkpt lat="38.68891" lon="-9.36097"><ele>34.4</ele></trkpt>
   <trkpt lat="38.68875" lon="-9.36061"><ele>33.8</ele></trkpt>
   <trkpt lat="38.68854" lon="-9.36024"><ele>33.0</ele></trkpt>
   <trkpt lat="38.68849" lon="-9.36015"><ele>32.8</ele></trkpt>
   <trkpt lat="38.68829" lon="-9.35988"><ele>31.8</ele></trkpt>
   <trkpt lat="38.68815" lon="-9.35971"><ele>31.2</ele></trkpt>
   <trkpt lat="38.68794" lon="-9.35950"><ele>30.4</ele></trkpt>
   <trkpt lat="38.68770" lon="-9.35929"><ele>29.8</ele></trkpt>
   <trkpt lat="38.68747" lon="-9.35910"><ele>29.0</ele></trkpt>
   <trkpt lat="38.68732" lon="-9.35896"><ele>28.2</ele></trkpt>
   <trkpt lat="38.68708" lon="-9.35867"><ele>27.0</ele></trkpt>
   <trkpt lat="38.68692" lon="-9.35843"><ele>26.4</ele></trkpt>
   <trkpt lat="38.68675" lon="-9.35809"><ele>26.0</ele></trkpt>
   <trkpt lat="38.68664" lon="-9.35782"><ele>25.8</ele></trkpt>
   <trkpt lat="38.68651" lon="-9.35742"><ele>25.2</ele></trkpt>
   <trkpt lat="38.68645" lon="-9.35725"><ele>25.2</ele></trkpt>
   <trkpt lat="38.68636" lon="-9.35685"><ele>25.0</ele></trkpt>
   <trkpt lat="38.68632" lon="-9.35666"><ele>25.0</ele></trkpt>
   <trkpt lat="38.68628" lon="-9.35628"><ele>25.0</ele></trkpt>
   <trkpt lat="38.68626" lon="-9.35593"><ele>24.8</ele></trkpt>
   <trkpt lat="38.68624" lon="-9.35554"><ele>25.0</ele></trkpt>
   <trkpt lat="38.68621" lon="-9.35510"><ele>25.2</ele></trkpt>
   <trkpt lat="38.68618" lon="-9.35467"><ele>25.4</ele></trkpt>
   <trkpt lat="38.68611" lon="-9.35425"><ele>25.4</ele></trkpt>
   <trkpt lat="38.68601" lon="-9.35385"><ele>25.6</ele></trkpt>
   <trkpt lat="38.68590" lon="-9.35343"><ele>25.2</ele></trkpt>
   <trkpt lat="38.68575" lon="-9.35302"><ele>24.8</ele></trkpt>
   <trkpt lat="38.68570" lon="-9.35293"><ele>24.6</ele></trkpt>
   <trkpt lat="38.68545" lon="-9.35261"><ele>23.8</ele></trkpt>
   <trkpt lat="38.68520" lon="-9.35234"><ele>23.8</ele></trkpt>
   <trkpt lat="38.68505" lon="-9.35218"><ele>24.0</ele></trkpt>
   <trkpt lat="38.68486" lon="-9.35186"><ele>24.2</ele></trkpt>
   <trkpt lat="38.68473" lon="-9.35149"><ele>24.2</ele></trkpt>
   <trkpt lat="38.68471" lon="-9.35141"><ele>24.2</ele></trkpt>
   <trkpt lat="38.68464" lon="-9.35100"><ele>24.2</ele></trkpt>
   <trkpt lat="38.68458" lon="-9.35057"><ele>24.2</ele></trkpt>
   <trkpt lat="38.68455" lon="-9.35040"><ele>24.2</ele></trkpt>
   <trkpt lat="38.68443" lon="-9.35008"><ele>24.2</ele></trkpt>
   <trkpt lat="38.68427" lon="-9.34979"><ele>24.2</ele></trkpt>
   <trkpt lat="38.68405" lon="-9.34955"><ele>24.2</ele></trkpt>
   <trkpt lat="38.68380" lon="-9.34938"><ele>24.0</ele></trkpt>
   <trkpt lat="38.68348" lon="-9.34919"><ele>24.0</ele></trkpt>
   <trkpt lat="38.68317" lon="-9.34900"><ele>23.8</ele></trkpt>
   <trkpt lat="38.68310" lon="-9.34896"><ele>23.8</ele></trkpt>
   <trkpt lat="38.68282" lon="-9.34873"><ele>23.6</ele></trkpt>
   <trkpt lat="38.68264" lon="-9.34858"><ele>23.6</ele></trkpt>
   <trkpt lat="38.68243" lon="-9.34834"><ele>23.4</ele></trkpt>
   <trkpt lat="38.68222" lon="-9.34807"><ele>23.2</ele></trkpt>
   <trkpt lat="38.68200" lon="-9.34779"><ele>22.8</ele></trkpt>
   <trkpt lat="38.68178" lon="-9.34750"><ele>22.8</ele></trkpt>
   <trkpt lat="38.68162" lon="-9.34730"><ele>22.2</ele></trkpt>
   <trkpt lat="38.68142" lon="-9.34694"><ele>21.6</ele></trkpt>
   <trkpt lat="38.68132" lon="-9.34668"><ele>21.6</ele></trkpt>
   <trkpt lat="38.68119" lon="-9.34626"><ele>21.0</ele></trkpt>
   <trkpt lat="38.68114" lon="-9.34601"><ele>20.8</ele></trkpt>
   <trkpt lat="38.68111" lon="-9.34565"><ele>20.6</ele></trkpt>
   <trkpt lat="38.68112" lon="-9.34526"><ele>20.4</ele></trkpt>
   <trkpt lat="38.68113" lon="-9.34517"><ele>20.4</ele></trkpt>
   <trkpt lat="38.68123" lon="-9.34474"><ele>20.4</ele></trkpt>
   <trkpt lat="38.68127" lon="-9.34458"><ele>20.2</ele></trkpt>
   <trkpt lat="38.68141" lon="-9.34416"><ele>19.8</ele></trkpt>
   <trkpt lat="38.68152" lon="-9.34383"><ele>19.6</ele></trkpt>
   <trkpt lat="38.68163" lon="-9.34347"><ele>19.4</ele></trkpt>
   <trkpt lat="38.68176" lon="-9.34307"><ele>19.2</ele></trkpt>
   <trkpt lat="38.68187" lon="-9.34266"><ele>19.4</ele></trkpt>
   <trkpt lat="38.68191" lon="-9.34251"><ele>19.6</ele></trkpt>
   <trkpt lat="38.68194" lon="-9.34213"><ele>20.0</ele></trkpt>
   <trkpt lat="38.68194" lon="-9.34198"><ele>20.4</ele></trkpt>
   <trkpt lat="38.68190" lon="-9.34162"><ele>20.8</ele></trkpt>
   <trkpt lat="38.68181" lon="-9.34118"><ele>21.4</ele></trkpt>
   <trkpt lat="38.68173" lon="-9.34075"><ele>22.0</ele></trkpt>
   <trkpt lat="38.68164" lon="-9.34031"><ele>22.6</ele></trkpt>
   <trkpt lat="38.68156" lon="-9.33989"><ele>22.8</ele></trkpt>
   <trkpt lat="38.68149" lon="-9.33953"><ele>22.8</ele></trkpt>
   <trkpt lat="38.68131" lon="-9.33925"><ele>23.0</ele></trkpt>
   <trkpt lat="38.68134" lon="-9.33885"><ele>23.2</ele></trkpt>
   <trkpt lat="38.68134" lon="-9.33872"><ele>23.2</ele></trkpt>
   <trkpt lat="38.68125" lon="-9.33828"><ele>23.2</ele></trkpt>
   <trkpt lat="38.68117" lon="-9.33789"><ele>23.4</ele></trkpt>
   <trkpt lat="38.68109" lon="-9.33749"><ele>23.6</ele></trkpt>
   <trkpt lat="38.68102" lon="-9.33709"><ele>23.6</ele></trkpt>
   <trkpt lat="38.68094" lon="-9.33671"><ele>23.8</ele></trkpt>
   <trkpt lat="38.68086" lon="-9.33629"><ele>24.0</ele></trkpt>
   <trkpt lat="38.68075" lon="-9.33591"><ele>24.0</ele></trkpt>
   <trkpt lat="38.68073" lon="-9.33583"><ele>24.0</ele></trkpt>
   <trkpt lat="38.68059" lon="-9.33548"><ele>24.0</ele></trkpt>
   <trkpt lat="38.68042" lon="-9.33511"><ele>24.0</ele></trkpt>
   <trkpt lat="38.68027" lon="-9.33476"><ele>24.2</ele></trkpt>
   <trkpt lat="38.68011" lon="-9.33440"><ele>24.2</ele></trkpt>
   <trkpt lat="38.67994" lon="-9.33403"><ele>24.4</ele></trkpt>
   <trkpt lat="38.67978" lon="-9.33369"><ele>24.4</ele></trkpt>
   <trkpt lat="38.67962" lon="-9.33332"><ele>24.4</ele></trkpt>
   <trkpt lat="38.67946" lon="-9.33296"><ele>24.6</ele></trkpt>
   <trkpt lat="38.67930" lon="-9.33261"><ele>24.6</ele></trkpt>
   <trkpt lat="38.67915" lon="-9.33226"><ele>24.8</ele></trkpt>
   <trkpt lat="38.67899" lon="-9.33191"><ele>24.6</ele></trkpt>
   <trkpt lat="38.67882" lon="-9.33152"><ele>24.4</ele></trkpt>
   <trkpt lat="38.67866" lon="-9.33116"><ele>24.6</ele></trkpt>
   <trkpt lat="38.67850" lon="-9.33081"><ele>24.8</ele></trkpt>
   <trkpt lat="38.67834" lon="-9.33046"><ele>24.8</ele></trkpt>
   <trkpt lat="38.67817" lon="-9.33006"><ele>24.6</ele></trkpt>
   <trkpt lat="38.67800" lon="-9.32968"><ele>24.6</ele></trkpt>
   <trkpt lat="38.67784" lon="-9.32933"><ele>24.6</ele></trkpt>
   <trkpt lat="38.67771" lon="-9.32906"><ele>24.6</ele></trkpt>
   <trkpt lat="38.67757" lon="-9.32869"><ele>24.6</ele></trkpt>
   <trkpt lat="38.67754" lon="-9.32862"><ele>24.8</ele></trkpt>
   <trkpt lat="38.67744" lon="-9.32818"><ele>24.8</ele></trkpt>
   <trkpt lat="38.67742" lon="-9.32810"><ele>24.8</ele></trkpt>
   <trkpt lat="38.67725" lon="-9.32779"><ele>25.2</ele></trkpt>
   <trkpt lat="38.67725" lon="-9.32740"><ele>25.2</ele></trkpt>
   <trkpt lat="38.67713" lon="-9.32702"><ele>25.4</ele></trkpt>
   <trkpt lat="38.67707" lon="-9.32672"><ele>25.6</ele></trkpt>
   <trkpt lat="38.67703" lon="-9.32634"><ele>25.8</ele></trkpt>
   <trkpt lat="38.67702" lon="-9.32611"><ele>25.8</ele></trkpt>
   <trkpt lat="38.67701" lon="-9.32570"><ele>26.0</ele></trkpt>
   <trkpt lat="38.67701" lon="-9.32530"><ele>26.4</ele></trkpt>
   <trkpt lat="38.67701" lon="-9.32487"><ele>26.6</ele></trkpt>
   <trkpt lat="38.67701" lon="-9.32447"><ele>26.6</ele></trkpt>
   <trkpt lat="38.67701" lon="-9.32405"><ele>26.8</ele></trkpt>
   <trkpt lat="38.67703" lon="-9.32363"><ele>26.8</ele></trkpt>
   <trkpt lat="38.67701" lon="-9.32321"><ele>27.0</ele></trkpt>
   <trkpt lat="38.67703" lon="-9.32278"><ele>27.2</ele></trkpt>
   <trkpt lat="38.67703" lon="-9.32237"><ele>27.8</ele></trkpt>
   <trkpt lat="38.67706" lon="-9.32192"><ele>28.0</ele></trkpt>
   <trkpt lat="38.67707" lon="-9.32177"><ele>28.2</ele></trkpt>
   <trkpt lat="38.67713" lon="-9.32133"><ele>28.2</ele></trkpt>
   <trkpt lat="38.67720" lon="-9.32096"><ele>28.2</ele></trkpt>
   <trkpt lat="38.67731" lon="-9.32058"><ele>28.6</ele></trkpt>
   <trkpt lat="38.67742" lon="-9.32021"><ele>28.6</ele></trkpt>
   <trkpt lat="38.67753" lon="-9.31984"><ele>28.2</ele></trkpt>
   <trkpt lat="38.67755" lon="-9.31976"><ele>28.2</ele></trkpt>
   <trkpt lat="38.67771" lon="-9.31942"><ele>28.2</ele></trkpt>
   <trkpt lat="38.67788" lon="-9.31913"><ele>28.2</ele></trkpt>
   <trkpt lat="38.67811" lon="-9.31883"><ele>28.2</ele></trkpt>
   <trkpt lat="38.67838" lon="-9.31858"><ele>28.2</ele></trkpt>
   <trkpt lat="38.67868" lon="-9.31836"><ele>28.0</ele></trkpt>
   <trkpt lat="38.67898" lon="-9.31813"><ele>28.0</ele></trkpt>
   <trkpt lat="38.67921" lon="-9.31795"><ele>28.0</ele></trkpt>
   <trkpt lat="38.67952" lon="-9.31774"><ele>27.8</ele></trkpt>
   <trkpt lat="38.67983" lon="-9.31752"><ele>27.6</ele></trkpt>
   <trkpt lat="38.68011" lon="-9.31731"><ele>27.4</ele></trkpt>
   <trkpt lat="38.68038" lon="-9.31711"><ele>27.2</ele></trkpt>
   <trkpt lat="38.68068" lon="-9.31688"><ele>27.0</ele></trkpt>
   <trkpt lat="38.68098" lon="-9.31666"><ele>26.8</ele></trkpt>
   <trkpt lat="38.68122" lon="-9.31648"><ele>27.0</ele></trkpt>
   <trkpt lat="38.68149" lon="-9.31629"><ele>27.2</ele></trkpt>
   <trkpt lat="38.68173" lon="-9.31611"><ele>27.4</ele></trkpt>
   <trkpt lat="38.68199" lon="-9.31592"><ele>27.6</ele></trkpt>
   <trkpt lat="38.68207" lon="-9.31586"><ele>27.6</ele></trkpt>
   <trkpt lat="38.68233" lon="-9.31563"><ele>27.0</ele></trkpt>
   <trkpt lat="38.68259" lon="-9.31538"><ele>26.4</ele></trkpt>
   <trkpt lat="38.68287" lon="-9.31510"><ele>26.0</ele></trkpt>
   <trkpt lat="38.68311" lon="-9.31487"><ele>25.2</ele></trkpt>
   <trkpt lat="38.68334" lon="-9.31465"><ele>23.8</ele></trkpt>
   <trkpt lat="38.68355" lon="-9.31443"><ele>23.2</ele></trkpt>
   <trkpt lat="38.68377" lon="-9.31422"><ele>22.6</ele></trkpt>
   <trkpt lat="38.68399" lon="-9.31401"><ele>21.6</ele></trkpt>
   <trkpt lat="38.68425" lon="-9.31374"><ele>20.4</ele></trkpt>
   <trkpt lat="38.68449" lon="-9.31350"><ele>19.8</ele></trkpt>
   <trkpt lat="38.68462" lon="-9.31338"><ele>19.6</ele></trkpt>
   <trkpt lat="38.68484" lon="-9.31312"><ele>19.4</ele></trkpt>
   <trkpt lat="38.68504" lon="-9.31284"><ele>19.4</ele></trkpt>
   <trkpt lat="38.68522" lon="-9.31245"><ele>19.2</ele></trkpt>
   <trkpt lat="38.68534" lon="-9.31213"><ele>19.2</ele></trkpt>
   <trkpt lat="38.68544" lon="-9.31171"><ele>19.0</ele></trkpt>
   <trkpt lat="38.68547" lon="-9.31145"><ele>19.0</ele></trkpt>
   <trkpt lat="38.68548" lon="-9.31109"><ele>19.0</ele></trkpt>
   <trkpt lat="38.68544" lon="-9.31067"><ele>19.2</ele></trkpt>
   <trkpt lat="38.68542" lon="-9.31027"><ele>19.6</ele></trkpt>
   <trkpt lat="38.68538" lon="-9.30984"><ele>20.4</ele></trkpt>
   <trkpt lat="38.68537" lon="-9.30971"><ele>20.8</ele></trkpt>
   <trkpt lat="38.68537" lon="-9.30926"><ele>21.8</ele></trkpt>
   <trkpt lat="38.68537" lon="-9.30901"><ele>22.2</ele></trkpt>
   <trkpt lat="38.68541" lon="-9.30857"><ele>23.0</ele></trkpt>
   <trkpt lat="38.68546" lon="-9.30817"><ele>23.8</ele></trkpt>
   <trkpt lat="38.68553" lon="-9.30775"><ele>25.0</ele></trkpt>
   <trkpt lat="38.68562" lon="-9.30734"><ele>26.0</ele></trkpt>
   <trkpt lat="38.68574" lon="-9.30695"><ele>26.8</ele></trkpt>
   <trkpt lat="38.68585" lon="-9.30655"><ele>28.6</ele></trkpt>
   <trkpt lat="38.68597" lon="-9.30612"><ele>29.2</ele></trkpt>
   <trkpt lat="38.68608" lon="-9.30570"><ele>29.4</ele></trkpt>
   <trkpt lat="38.68620" lon="-9.30530"><ele>30.2</ele></trkpt>
   <trkpt lat="38.68631" lon="-9.30490"><ele>30.2</ele></trkpt>
   <trkpt lat="38.68641" lon="-9.30453"><ele>30.2</ele></trkpt>
   <trkpt lat="38.68652" lon="-9.30414"><ele>30.0</ele></trkpt>
   <trkpt lat="38.68662" lon="-9.30380"><ele>30.0</ele></trkpt>
   <trkpt lat="38.68675" lon="-9.30347"><ele>30.0</ele></trkpt>
   <trkpt lat="38.68679" lon="-9.30337"><ele>29.8</ele></trkpt>
   <trkpt lat="38.68697" lon="-9.30304"><ele>29.4</ele></trkpt>
   <trkpt lat="38.68707" lon="-9.30288"><ele>29.2</ele></trkpt>
   <trkpt lat="38.68731" lon="-9.30257"><ele>28.6</ele></trkpt>
   <trkpt lat="38.68737" lon="-9.30250"><ele>28.6</ele></trkpt>
   <trkpt lat="38.68764" lon="-9.30224"><ele>27.8</ele></trkpt>
   <trkpt lat="38.68787" lon="-9.30205"><ele>27.4</ele></trkpt>
   <trkpt lat="38.68809" lon="-9.30189"><ele>26.8</ele></trkpt>
   <trkpt lat="38.68839" lon="-9.30164"><ele>26.4</ele></trkpt>
   <trkpt lat="38.68869" lon="-9.30139"><ele>25.8</ele></trkpt>
   <trkpt lat="38.68881" lon="-9.30127"><ele>25.8</ele></trkpt>
   <trkpt lat="38.68906" lon="-9.30098"><ele>25.6</ele></trkpt>
   <trkpt lat="38.68927" lon="-9.30070"><ele>25.4</ele></trkpt>
   <trkpt lat="38.68947" lon="-9.30039"><ele>25.6</ele></trkpt>
   <trkpt lat="38.68957" lon="-9.30024"><ele>25.6</ele></trkpt>
   <trkpt lat="38.68973" lon="-9.29994"><ele>26.0</ele></trkpt>
   <trkpt lat="38.68990" lon="-9.29963"><ele>26.4</ele></trkpt>
   <trkpt lat="38.69006" lon="-9.29933"><ele>26.8</ele></trkpt>
   <trkpt lat="38.69023" lon="-9.29902"><ele>26.8</ele></trkpt>
   <trkpt lat="38.69039" lon="-9.29870"><ele>26.8</ele></trkpt>
   <trkpt lat="38.69051" lon="-9.29844"><ele>26.4</ele></trkpt>
   <trkpt lat="38.69064" lon="-9.29807"><ele>26.2</ele></trkpt>
   <trkpt lat="38.69076" lon="-9.29771"><ele>25.8</ele></trkpt>
   <trkpt lat="38.69089" lon="-9.29735"><ele>25.2</ele></trkpt>
   <trkpt lat="38.69101" lon="-9.29699"><ele>24.8</ele></trkpt>
   <trkpt lat="38.69113" lon="-9.29661"><ele>24.4</ele></trkpt>
   <trkpt lat="38.69126" lon="-9.29623"><ele>24.0</ele></trkpt>
   <trkpt lat="38.69138" lon="-9.29584"><ele>23.6</ele></trkpt>
   <trkpt lat="38.69151" lon="-9.29547"><ele>22.8</ele></trkpt>
   <trkpt lat="38.69156" lon="-9.29534"><ele>22.6</ele></trkpt>
   <trkpt lat="38.69173" lon="-9.29496"><ele>21.8</ele></trkpt>
   <trkpt lat="38.69190" lon="-9.29458"><ele>20.8</ele></trkpt>
   <trkpt lat="38.69206" lon="-9.29422"><ele>20.2</ele></trkpt>
   <trkpt lat="38.69223" lon="-9.29384"><ele>19.6</ele></trkpt>
   <trkpt lat="38.69240" lon="-9.29347"><ele>19.2</ele></trkpt>
   <trkpt lat="38.69256" lon="-9.29310"><ele>18.8</ele></trkpt>
   <trkpt lat="38.69273" lon="-9.29274"><ele>18.8</ele></trkpt>
   <trkpt lat="38.69286" lon="-9.29248"><ele>18.8</ele></trkpt>
   <trkpt lat="38.69307" lon="-9.29218"><ele>18.6</ele></trkpt>
   <trkpt lat="38.69320" lon="-9.29206"><ele>18.4</ele></trkpt>
   <trkpt lat="38.69349" lon="-9.29188"><ele>18.0</ele></trkpt>
   <trkpt lat="38.69377" lon="-9.29176"><ele>17.8</ele></trkpt>
   <trkpt lat="38.69407" lon="-9.29160"><ele>17.8</ele></trkpt>
   <trkpt lat="38.69431" lon="-9.29140"><ele>18.0</ele></trkpt>
   <trkpt lat="38.69437" lon="-9.29134"><ele>18.0</ele></trkpt>
   <trkpt lat="38.69458" lon="-9.29104"><ele>18.0</ele></trkpt>
   <trkpt lat="38.69478" lon="-9.29071"><ele>17.4</ele></trkpt>
   <trkpt lat="38.69490" lon="-9.29050"><ele>17.2</ele></trkpt>
   <trkpt lat="38.69511" lon="-9.29017"><ele>17.4</ele></trkpt>
   <trkpt lat="38.69530" lon="-9.28986"><ele>17.6</ele></trkpt>
   <trkpt lat="38.69549" lon="-9.28954"><ele>18.0</ele></trkpt>
   <trkpt lat="38.69569" lon="-9.28921"><ele>18.2</ele></trkpt>
   <trkpt lat="38.69573" lon="-9.28914"><ele>18.2</ele></trkpt>
   <trkpt lat="38.69587" lon="-9.28875"><ele>18.4</ele></trkpt>
   <trkpt lat="38.69591" lon="-9.28859"><ele>18.4</ele></trkpt>
   <trkpt lat="38.69596" lon="-9.28816"><ele>18.6</ele></trkpt>
   <trkpt lat="38.69602" lon="-9.28772"><ele>18.6</ele></trkpt>
   <trkpt lat="38.69605" lon="-9.28755"><ele>18.6</ele></trkpt>
   <trkpt lat="38.69617" lon="-9.28714"><ele>18.6</ele></trkpt>
   <trkpt lat="38.69631" lon="-9.28684"><ele>18.6</ele></trkpt>
   <trkpt lat="38.69651" lon="-9.28654"><ele>18.6</ele></trkpt>
   <trkpt lat="38.69671" lon="-9.28625"><ele>18.4</ele></trkpt>
   <trkpt lat="38.69685" lon="-9.28601"><ele>18.4</ele></trkpt>
   <trkpt lat="38.69699" lon="-9.28567"><ele>18.4</ele></trkpt>
   <trkpt lat="38.69708" lon="-9.28531"><ele>18.4</ele></trkpt>
   <trkpt lat="38.69713" lon="-9.28494"><ele>18.4</ele></trkpt>
   <trkpt lat="38.69719" lon="-9.28449"><ele>18.8</ele></trkpt>
   <trkpt lat="38.69725" lon="-9.28406"><ele>18.8</ele></trkpt>
   <trkpt lat="38.69728" lon="-9.28390"><ele>19.0</ele></trkpt>
   <trkpt lat="38.69740" lon="-9.28350"><ele>19.4</ele></trkpt>
   <trkpt lat="38.69757" lon="-9.28317"><ele>19.8</ele></trkpt>
   <trkpt lat="38.69764" lon="-9.28306"><ele>19.8</ele></trkpt>
   <trkpt lat="38.69790" lon="-9.28275"><ele>19.2</ele></trkpt>
   <trkpt lat="38.69813" lon="-9.28246"><ele>19.2</ele></trkpt>
   <trkpt lat="38.69836" lon="-9.28216"><ele>19.4</ele></trkpt>
   <trkpt lat="38.69841" lon="-9.28210"><ele>19.6</ele></trkpt>
   <trkpt lat="38.69859" lon="-9.28174"><ele>19.6</ele></trkpt>
   <trkpt lat="38.69862" lon="-9.28167"><ele>19.6</ele></trkpt>
   <trkpt lat="38.69873" lon="-9.28126"><ele>19.4</ele></trkpt>
   <trkpt lat="38.69878" lon="-9.28083"><ele>19.2</ele></trkpt>
   <trkpt lat="38.69882" lon="-9.28040"><ele>19.2</ele></trkpt>
   <trkpt lat="38.69884" lon="-9.28014"><ele>19.2</ele></trkpt>
   <trkpt lat="38.69887" lon="-9.27971"><ele>19.2</ele></trkpt>
   <trkpt lat="38.69888" lon="-9.27928"><ele>19.0</ele></trkpt>
   <trkpt lat="38.69888" lon="-9.27919"><ele>19.2</ele></trkpt>
   <trkpt lat="38.69886" lon="-9.27876"><ele>19.2</ele></trkpt>
   <trkpt lat="38.69882" lon="-9.27833"><ele>19.2</ele></trkpt>
   <trkpt lat="38.69879" lon="-9.27789"><ele>19.4</ele></trkpt>
   <trkpt lat="38.69875" lon="-9.27745"><ele>19.8</ele></trkpt>
   <trkpt lat="38.69873" lon="-9.27701"><ele>20.4</ele></trkpt>
   <trkpt lat="38.69870" lon="-9.27660"><ele>20.8</ele></trkpt>
   <trkpt lat="38.69867" lon="-9.27620"><ele>20.8</ele></trkpt>
   <trkpt lat="38.69864" lon="-9.27576"><ele>21.0</ele></trkpt>
   <trkpt lat="38.69860" lon="-9.27533"><ele>21.0</ele></trkpt>
   <trkpt lat="38.69857" lon="-9.27492"><ele>20.6</ele></trkpt>
   <trkpt lat="38.69854" lon="-9.27452"><ele>20.4</ele></trkpt>
   <trkpt lat="38.69852" lon="-9.27414"><ele>20.4</ele></trkpt>
   <trkpt lat="38.69850" lon="-9.27390"><ele>20.4</ele></trkpt>
   <trkpt lat="38.69842" lon="-9.27348"><ele>20.2</ele></trkpt>
   <trkpt lat="38.69838" lon="-9.27332"><ele>20.2</ele></trkpt>
   <trkpt lat="38.69822" lon="-9.27292"><ele>20.2</ele></trkpt>
   <trkpt lat="38.69804" lon="-9.27254"><ele>20.2</ele></trkpt>
   <trkpt lat="38.69799" lon="-9.27238"><ele>20.0</ele></trkpt>
   <trkpt lat="38.69793" lon="-9.27195"><ele>20.2</ele></trkpt>
   <trkpt lat="38.69793" lon="-9.27185"><ele>20.2</ele></trkpt>
   <trkpt lat="38.69798" lon="-9.27149"><ele>20.0</ele></trkpt>
   <trkpt lat="38.69807" lon="-9.27122"><ele>19.6</ele></trkpt>
   <trkpt lat="38.69821" lon="-9.27088"><ele>19.2</ele></trkpt>
   <trkpt lat="38.69836" lon="-9.27050"><ele>18.8</ele></trkpt>
   <trkpt lat="38.69852" lon="-9.27013"><ele>18.8</ele></trkpt>
   <trkpt lat="38.69868" lon="-9.26975"><ele>19.4</ele></trkpt>
   <trkpt lat="38.69878" lon="-9.26950"><ele>20.0</ele></trkpt>
   <trkpt lat="38.69890" lon="-9.26910"><ele>21.4</ele></trkpt>
   <trkpt lat="38.69893" lon="-9.26899"><ele>22.0</ele></trkpt>
   <trkpt lat="38.69902" lon="-9.26861"><ele>24.4</ele></trkpt>
   <trkpt lat="38.69912" lon="-9.26820"><ele>26.8</ele></trkpt>
   <trkpt lat="38.69922" lon="-9.26777"><ele>29.0</ele></trkpt>
   <trkpt lat="38.69925" lon="-9.26734"><ele>31.4</ele></trkpt>
   <trkpt lat="38.69927" lon="-9.26689"><ele>33.4</ele></trkpt>
   <trkpt lat="38.69927" lon="-9.26671"><ele>34.4</ele></trkpt>
   <trkpt lat="38.69933" lon="-9.26629"><ele>36.4</ele></trkpt>
   <trkpt lat="38.69943" lon="-9.26590"><ele>37.4</ele></trkpt>
   <trkpt lat="38.69954" lon="-9.26547"><ele>38.4</ele></trkpt>
   <trkpt lat="38.69962" lon="-9.26507"><ele>39.2</ele></trkpt>
   <trkpt lat="38.69972" lon="-9.26470"><ele>39.2</ele></trkpt>
   <trkpt lat="38.69978" lon="-9.26446"><ele>39.0</ele></trkpt>
   <trkpt lat="38.69991" lon="-9.26404"><ele>38.8</ele></trkpt>
   <trkpt lat="38.70002" lon="-9.26362"><ele>38.8</ele></trkpt>
   <trkpt lat="38.70014" lon="-9.26321"><ele>38.8</ele></trkpt>
   <trkpt lat="38.70024" lon="-9.26286"><ele>38.6</ele></trkpt>
   <trkpt lat="38.70027" lon="-9.26275"><ele>38.6</ele></trkpt>
   <trkpt lat="38.70030" lon="-9.26240"><ele>38.4</ele></trkpt>
   <trkpt lat="38.70028" lon="-9.26212"><ele>38.4</ele></trkpt>
   <trkpt lat="38.70020" lon="-9.26173"><ele>38.4</ele></trkpt>
   <trkpt lat="38.70012" lon="-9.26137"><ele>38.4</ele></trkpt>
   <trkpt lat="38.70003" lon="-9.26093"><ele>38.4</ele></trkpt>
   <trkpt lat="38.69994" lon="-9.26049"><ele>38.2</ele></trkpt>
   <trkpt lat="38.69993" lon="-9.26005"><ele>38.4</ele></trkpt>
   <trkpt lat="38.70000" lon="-9.25967"><ele>38.8</ele></trkpt>
   <trkpt lat="38.70004" lon="-9.25952"><ele>39.0</ele></trkpt>
   <trkpt lat="38.70020" lon="-9.25913"><ele>39.6</ele></trkpt>
   <trkpt lat="38.70034" lon="-9.25874"><ele>40.2</ele></trkpt>
   <trkpt lat="38.70045" lon="-9.25840"><ele>40.8</ele></trkpt>
   <trkpt lat="38.70049" lon="-9.25801"><ele>41.0</ele></trkpt>
   <trkpt lat="38.70049" lon="-9.25765"><ele>41.0</ele></trkpt>
   <trkpt lat="38.70049" lon="-9.25725"><ele>40.4</ele></trkpt>
   <trkpt lat="38.70051" lon="-9.25689"><ele>40.0</ele></trkpt>
   <trkpt lat="38.70052" lon="-9.25678"><ele>39.8</ele></trkpt>
   <trkpt lat="38.70061" lon="-9.25643"><ele>38.4</ele></trkpt>
   <trkpt lat="38.70078" lon="-9.25607"><ele>37.2</ele></trkpt>
   <trkpt lat="38.70094" lon="-9.25583"><ele>36.4</ele></trkpt>
   <trkpt lat="38.70116" lon="-9.25552"><ele>34.4</ele></trkpt>
   <trkpt lat="38.70134" lon="-9.25528"><ele>33.2</ele></trkpt>
   <trkpt lat="38.70154" lon="-9.25494"><ele>31.2</ele></trkpt>
   <trkpt lat="38.70160" lon="-9.25481"><ele>30.6</ele></trkpt>
   <trkpt lat="38.70169" lon="-9.25453"><ele>29.6</ele></trkpt>
   <trkpt lat="38.70172" lon="-9.25437"><ele>28.2</ele></trkpt>
   <trkpt lat="38.70174" lon="-9.25392"><ele>24.2</ele></trkpt>
   <trkpt lat="38.70173" lon="-9.25373"><ele>20.6</ele></trkpt>
   <trkpt lat="38.70168" lon="-9.25332"><ele>20.4</ele></trkpt>
   <trkpt lat="38.70164" lon="-9.25294"><ele>20.4</ele></trkpt>
   <trkpt lat="38.70162" lon="-9.25279"><ele>20.6</ele></trkpt>
   <trkpt lat="38.70152" lon="-9.25240"><ele>20.8</ele></trkpt>
   <trkpt lat="38.70137" lon="-9.25203"><ele>20.6</ele></trkpt>
   <trkpt lat="38.70116" lon="-9.25171"><ele>20.6</ele></trkpt>
   <trkpt lat="38.70094" lon="-9.25140"><ele>20.8</ele></trkpt>
   <trkpt lat="38.70072" lon="-9.25107"><ele>20.8</ele></trkpt>
   <trkpt lat="38.70049" lon="-9.25075"><ele>20.8</ele></trkpt>
   <trkpt lat="38.70027" lon="-9.25042"><ele>20.8</ele></trkpt>
   <trkpt lat="38.70005" lon="-9.25009"><ele>20.6</ele></trkpt>
   <trkpt lat="38.70000" lon="-9.25002"><ele>20.6</ele></trkpt>
   <trkpt lat="38.69982" lon="-9.24963"><ele>20.6</ele></trkpt>
   <trkpt lat="38.69975" lon="-9.24946"><ele>20.4</ele></trkpt>
   <trkpt lat="38.69969" lon="-9.24918"><ele>19.8</ele></trkpt>
   <trkpt lat="38.69965" lon="-9.24879"><ele>19.4</ele></trkpt>
   <trkpt lat="38.69962" lon="-9.24838"><ele>18.8</ele></trkpt>
   <trkpt lat="38.69960" lon="-9.24799"><ele>18.4</ele></trkpt>
   <trkpt lat="38.69957" lon="-9.24761"><ele>17.8</ele></trkpt>
   <trkpt lat="38.69955" lon="-9.24725"><ele>17.6</ele></trkpt>
   <trkpt lat="38.69953" lon="-9.24686"><ele>17.6</ele></trkpt>
   <trkpt lat="38.69950" lon="-9.24649"><ele>17.6</ele></trkpt>
   <trkpt lat="38.69949" lon="-9.24612"><ele>17.6</ele></trkpt>
   <trkpt lat="38.69946" lon="-9.24567"><ele>17.6</ele></trkpt>
   <trkpt lat="38.69942" lon="-9.24522"><ele>17.6</ele></trkpt>
   <trkpt lat="38.69940" lon="-9.24478"><ele>17.4</ele></trkpt>
   <trkpt lat="38.69938" lon="-9.24435"><ele>17.6</ele></trkpt>
   <trkpt lat="38.69935" lon="-9.24392"><ele>17.8</ele></trkpt>
   <trkpt lat="38.69932" lon="-9.24349"><ele>18.0</ele></trkpt>
   <trkpt lat="38.69929" lon="-9.24306"><ele>18.2</ele></trkpt>
   <trkpt lat="38.69927" lon="-9.24263"><ele>18.2</ele></trkpt>
   <trkpt lat="38.69924" lon="-9.24221"><ele>18.2</ele></trkpt>
   <trkpt lat="38.69922" lon="-9.24178"><ele>18.2</ele></trkpt>
   <trkpt lat="38.69919" lon="-9.24136"><ele>18.0</ele></trkpt>
   <trkpt lat="38.69916" lon="-9.24093"><ele>18.0</ele></trkpt>
   <trkpt lat="38.69913" lon="-9.24051"><ele>18.0</ele></trkpt>
   <trkpt lat="38.69910" lon="-9.24006"><ele>18.2</ele></trkpt>
   <trkpt lat="38.69907" lon="-9.23968"><ele>18.2</ele></trkpt>
   <trkpt lat="38.69905" lon="-9.23923"><ele>18.2</ele></trkpt>
   <trkpt lat="38.69904" lon="-9.23905"><ele>18.2</ele></trkpt>
   <trkpt lat="38.69900" lon="-9.23862"><ele>18.0</ele></trkpt>
   <trkpt lat="38.69896" lon="-9.23818"><ele>18.4</ele></trkpt>
   <trkpt lat="38.69893" lon="-9.23775"><ele>18.8</ele></trkpt>
   <trkpt lat="38.69890" lon="-9.23731"><ele>18.8</ele></trkpt>
   <trkpt lat="38.69886" lon="-9.23686"><ele>18.8</ele></trkpt>
   <trkpt lat="38.69883" lon="-9.23642"><ele>18.8</ele></trkpt>
   <trkpt lat="38.69879" lon="-9.23598"><ele>18.8</ele></trkpt>
   <trkpt lat="38.69876" lon="-9.23554"><ele>19.0</ele></trkpt>
   <trkpt lat="38.69873" lon="-9.23509"><ele>19.2</ele></trkpt>
   <trkpt lat="38.69872" lon="-9.23501"><ele>19.2</ele></trkpt>
   <trkpt lat="38.69871" lon="-9.23457"><ele>19.0</ele></trkpt>
   <trkpt lat="38.69872" lon="-9.23419"><ele>19.0</ele></trkpt>
   <trkpt lat="38.69872" lon="-9.23379"><ele>18.8</ele></trkpt>
   <trkpt lat="38.69873" lon="-9.23333"><ele>18.8</ele></trkpt>
   <trkpt lat="38.69873" lon="-9.23294"><ele>18.8</ele></trkpt>
   <trkpt lat="38.69873" lon="-9.23249"><ele>18.6</ele></trkpt>
   <trkpt lat="38.69873" lon="-9.23204"><ele>18.6</ele></trkpt>
   <trkpt lat="38.69874" lon="-9.23159"><ele>19.0</ele></trkpt>
   <trkpt lat="38.69874" lon="-9.23124"><ele>19.2</ele></trkpt>
   <trkpt lat="38.69872" lon="-9.23080"><ele>19.0</ele></trkpt>
   <trkpt lat="38.69868" lon="-9.23040"><ele>19.2</ele></trkpt>
   <trkpt lat="38.69866" lon="-9.23017"><ele>19.4</ele></trkpt>
   <trkpt lat="38.69860" lon="-9.22976"><ele>19.8</ele></trkpt>
   <trkpt lat="38.69853" lon="-9.22931"><ele>20.2</ele></trkpt>
   <trkpt lat="38.69843" lon="-9.22890"><ele>20.0</ele></trkpt>
   <trkpt lat="38.69832" lon="-9.22848"><ele>20.2</ele></trkpt>
   <trkpt lat="38.69823" lon="-9.22814"><ele>20.2</ele></trkpt>
   <trkpt lat="38.69810" lon="-9.22775"><ele>20.4</ele></trkpt>
   <trkpt lat="38.69794" lon="-9.22734"><ele>20.6</ele></trkpt>
   <trkpt lat="38.69780" lon="-9.22697"><ele>20.6</ele></trkpt>
   <trkpt lat="38.69778" lon="-9.22691"><ele>20.6</ele></trkpt>
   <trkpt lat="38.69759" lon="-9.22656"><ele>20.6</ele></trkpt>
   <trkpt lat="38.69740" lon="-9.22620"><ele>20.4</ele></trkpt>
   <trkpt lat="38.69720" lon="-9.22584"><ele>20.4</ele></trkpt>
   <trkpt lat="38.69699" lon="-9.22548"><ele>20.4</ele></trkpt>
   <trkpt lat="38.69679" lon="-9.22512"><ele>20.4</ele></trkpt>
   <trkpt lat="38.69659" lon="-9.22475"><ele>20.0</ele></trkpt>
   <trkpt lat="38.69639" lon="-9.22438"><ele>19.8</ele></trkpt>
   <trkpt lat="38.69622" lon="-9.22409"><ele>19.8</ele></trkpt>
   <trkpt lat="38.69605" lon="-9.22377"><ele>20.0</ele></trkpt>
   <trkpt lat="38.69588" lon="-9.22348"><ele>19.6</ele></trkpt>
   <trkpt lat="38.69571" lon="-9.22316"><ele>19.4</ele></trkpt>
   <trkpt lat="38.69554" lon="-9.22286"><ele>19.2</ele></trkpt>
   <trkpt lat="38.69536" lon="-9.22255"><ele>19.2</ele></trkpt>
   <trkpt lat="38.69519" lon="-9.22224"><ele>19.0</ele></trkpt>
   <trkpt lat="38.69502" lon="-9.22193"><ele>19.2</ele></trkpt>
   <trkpt lat="38.69493" lon="-9.22177"><ele>19.2</ele></trkpt>
   <trkpt lat="38.69477" lon="-9.22144"><ele>19.4</ele></trkpt>
   <trkpt lat="38.69460" lon="-9.22105"><ele>19.4</ele></trkpt>
   <trkpt lat="38.69456" lon="-9.22097"><ele>19.4</ele></trkpt>
   <trkpt lat="38.69443" lon="-9.22063"><ele>19.0</ele></trkpt>
   <trkpt lat="38.69431" lon="-9.22022"><ele>18.4</ele></trkpt>
   <trkpt lat="38.69419" lon="-9.21983"><ele>18.4</ele></trkpt>
   <trkpt lat="38.69406" lon="-9.21942"><ele>18.6</ele></trkpt>
   <trkpt lat="38.69395" lon="-9.21906"><ele>18.6</ele></trkpt>
   <trkpt lat="38.69382" lon="-9.21869"><ele>18.6</ele></trkpt>
   <trkpt lat="38.69370" lon="-9.21829"><ele>18.6</ele></trkpt>
   <trkpt lat="38.69365" lon="-9.21813"><ele>18.8</ele></trkpt>
   <trkpt lat="38.69361" lon="-9.21770"><ele>18.8</ele></trkpt>
   <trkpt lat="38.69359" lon="-9.21741"><ele>18.8</ele></trkpt>
   <trkpt lat="38.69361" lon="-9.21695"><ele>18.8</ele></trkpt>
   <trkpt lat="38.69364" lon="-9.21658"><ele>18.8</ele></trkpt>
   <trkpt lat="38.69369" lon="-9.21613"><ele>18.8</ele></trkpt>
   <trkpt lat="38.69373" lon="-9.21576"><ele>18.6</ele></trkpt>
   <trkpt lat="38.69376" lon="-9.21532"><ele>18.6</ele></trkpt>
   <trkpt lat="38.69380" lon="-9.21493"><ele>18.6</ele></trkpt>
   <trkpt lat="38.69383" lon="-9.21456"><ele>18.8</ele></trkpt>
   <trkpt lat="38.69387" lon="-9.21411"><ele>18.6</ele></trkpt>
   <trkpt lat="38.69391" lon="-9.21374"><ele>18.8</ele></trkpt>
   <trkpt lat="38.69394" lon="-9.21338"><ele>19.0</ele></trkpt>
   <trkpt lat="38.69398" lon="-9.21299"><ele>19.2</ele></trkpt>
   <trkpt lat="38.69401" lon="-9.21263"><ele>18.8</ele></trkpt>
   <trkpt lat="38.69404" lon="-9.21225"><ele>19.0</ele></trkpt>
   <trkpt lat="38.69408" lon="-9.21180"><ele>19.2</ele></trkpt>
   <trkpt lat="38.69412" lon="-9.21142"><ele>19.4</ele></trkpt>
   <trkpt lat="38.69416" lon="-9.21102"><ele>18.8</ele></trkpt>
   <trkpt lat="38.69420" lon="-9.21063"><ele>19.0</ele></trkpt>
   <trkpt lat="38.69423" lon="-9.21024"><ele>18.8</ele></trkpt>
   <trkpt lat="38.69427" lon="-9.20985"><ele>18.8</ele></trkpt>
   <trkpt lat="38.69430" lon="-9.20948"><ele>18.6</ele></trkpt>
   <trkpt lat="38.69434" lon="-9.20910"><ele>18.6</ele></trkpt>
   <trkpt lat="38.69436" lon="-9.20891"><ele>18.8</ele></trkpt>
   <trkpt lat="38.69443" lon="-9.20854"><ele>19.0</ele></trkpt>
   <trkpt lat="38.69450" lon="-9.20817"><ele>19.2</ele></trkpt>
   <trkpt lat="38.69456" lon="-9.20780"><ele>19.0</ele></trkpt>
   <trkpt lat="38.69463" lon="-9.20744"><ele>19.0</ele></trkpt>
   <trkpt lat="38.69470" lon="-9.20708"><ele>18.8</ele></trkpt>
   <trkpt lat="38.69477" lon="-9.20672"><ele>19.0</ele></trkpt>
   <trkpt lat="38.69483" lon="-9.20635"><ele>19.0</ele></trkpt>
   <trkpt lat="38.69490" lon="-9.20598"><ele>19.0</ele></trkpt>
   <trkpt lat="38.69496" lon="-9.20561"><ele>19.0</ele></trkpt>
   <trkpt lat="38.69503" lon="-9.20523"><ele>19.0</ele></trkpt>
   <trkpt lat="38.69510" lon="-9.20485"><ele>18.8</ele></trkpt>
   <trkpt lat="38.69517" lon="-9.20447"><ele>18.8</ele></trkpt>
   <trkpt lat="38.69523" lon="-9.20409"><ele>19.0</ele></trkpt>
   <trkpt lat="38.69530" lon="-9.20371"><ele>19.0</ele></trkpt>
   <trkpt lat="38.69537" lon="-9.20334"><ele>19.0</ele></trkpt>
   <trkpt lat="38.69544" lon="-9.20295"><ele>19.0</ele></trkpt>
   <trkpt lat="38.69551" lon="-9.20255"><ele>19.2</ele></trkpt>
   <trkpt lat="38.69558" lon="-9.20217"><ele>19.2</ele></trkpt>
   <trkpt lat="38.69565" lon="-9.20180"><ele>19.2</ele></trkpt>
   <trkpt lat="38.69571" lon="-9.20144"><ele>18.8</ele></trkpt>
   <trkpt lat="38.69578" lon="-9.20106"><ele>18.8</ele></trkpt>
   <trkpt lat="38.69585" lon="-9.20069"><ele>18.8</ele></trkpt>
   <trkpt lat="38.69592" lon="-9.20031"><ele>19.0</ele></trkpt>
   <trkpt lat="38.69599" lon="-9.19994"><ele>19.4</ele></trkpt>
   <trkpt lat="38.69605" lon="-9.19957"><ele>19.4</ele></trkpt>
   <trkpt lat="38.69612" lon="-9.19921"><ele>19.2</ele></trkpt>
   <trkpt lat="38.69619" lon="-9.19885"><ele>19.2</ele></trkpt>
   <trkpt lat="38.69622" lon="-9.19867"><ele>19.4</ele></trkpt>
   <trkpt lat="38.69628" lon="-9.19823"><ele>19.4</ele></trkpt>
   <trkpt lat="38.69632" lon="-9.19778"><ele>19.6</ele></trkpt>
   <trkpt lat="38.69635" lon="-9.19740"><ele>19.6</ele></trkpt>
   <trkpt lat="38.69638" lon="-9.19713"><ele>19.6</ele></trkpt>
   <trkpt lat="38.69639" lon="-9.19668"><ele>19.8</ele></trkpt>
   <trkpt lat="38.69641" lon="-9.19631"><ele>19.8</ele></trkpt>
   <trkpt lat="38.69643" lon="-9.19594"><ele>19.8</ele></trkpt>
   <trkpt lat="38.69645" lon="-9.19556"><ele>19.8</ele></trkpt>
   <trkpt lat="38.69648" lon="-9.19519"><ele>19.8</ele></trkpt>
   <trkpt lat="38.69650" lon="-9.19481"><ele>19.6</ele></trkpt>
   <trkpt lat="38.69650" lon="-9.19472"><ele>19.6</ele></trkpt>
   <trkpt lat="38.69654" lon="-9.19435"><ele>19.6</ele></trkpt>
   <trkpt lat="38.69657" lon="-9.19396"><ele>19.6</ele></trkpt>
   <trkpt lat="38.69660" lon="-9.19358"><ele>19.6</ele></trkpt>
   <trkpt lat="38.69664" lon="-9.19319"><ele>19.6</ele></trkpt>
   <trkpt lat="38.69669" lon="-9.19280"><ele>19.4</ele></trkpt>
   <trkpt lat="38.69670" lon="-9.19270"><ele>19.4</ele></trkpt>
   <trkpt lat="38.69676" lon="-9.19230"><ele>19.4</ele></trkpt>
   <trkpt lat="38.69683" lon="-9.19191"><ele>19.2</ele></trkpt>
   <trkpt lat="38.69689" lon="-9.19152"><ele>19.2</ele></trkpt>
   <trkpt lat="38.69695" lon="-9.19113"><ele>19.2</ele></trkpt>
   <trkpt lat="38.69702" lon="-9.19074"><ele>19.4</ele></trkpt>
   <trkpt lat="38.69708" lon="-9.19038"><ele>19.6</ele></trkpt>
   <trkpt lat="38.69714" lon="-9.19001"><ele>19.6</ele></trkpt>
   <trkpt lat="38.69720" lon="-9.18964"><ele>19.6</ele></trkpt>
   <trkpt lat="38.69727" lon="-9.18927"><ele>19.6</ele></trkpt>
   <trkpt lat="38.69733" lon="-9.18882"><ele>19.6</ele></trkpt>
   <trkpt lat="38.69740" lon="-9.18846"><ele>19.6</ele></trkpt>
   <trkpt lat="38.69747" lon="-9.18809"><ele>19.6</ele></trkpt>
   <trkpt lat="38.69753" lon="-9.18771"><ele>19.6</ele></trkpt>
   <trkpt lat="38.69759" lon="-9.18733"><ele>19.6</ele></trkpt>
   <trkpt lat="38.69764" lon="-9.18695"><ele>19.8</ele></trkpt>
   <trkpt lat="38.69768" lon="-9.18667"><ele>19.8</ele></trkpt>
   <trkpt lat="38.69775" lon="-9.18629"><ele>19.6</ele></trkpt>
   <trkpt lat="38.69782" lon="-9.18592"><ele>19.4</ele></trkpt>
   <trkpt lat="38.69789" lon="-9.18554"><ele>19.6</ele></trkpt>
   <trkpt lat="38.69796" lon="-9.18517"><ele>19.6</ele></trkpt>
   <trkpt lat="38.69799" lon="-9.18498"><ele>19.6</ele></trkpt>
   <trkpt lat="38.69807" lon="-9.18461"><ele>19.8</ele></trkpt>
   <trkpt lat="38.69815" lon="-9.18425"><ele>20.0</ele></trkpt>
   <trkpt lat="38.69824" lon="-9.18390"><ele>20.2</ele></trkpt>
   <trkpt lat="38.69828" lon="-9.18372"><ele>20.2</ele></trkpt>
   <trkpt lat="38.69840" lon="-9.18329"><ele>20.0</ele></trkpt>
   <trkpt lat="38.69850" lon="-9.18295"><ele>20.0</ele></trkpt>
   <trkpt lat="38.69861" lon="-9.18261"><ele>20.0</ele></trkpt>
   <trkpt lat="38.69870" lon="-9.18228"><ele>20.0</ele></trkpt>
   <trkpt lat="38.69884" lon="-9.18187"><ele>20.0</ele></trkpt>
   <trkpt lat="38.69895" lon="-9.18153"><ele>19.8</ele></trkpt>
   <trkpt lat="38.69909" lon="-9.18119"><ele>20.0</ele></trkpt>
   <trkpt lat="38.69922" lon="-9.18085"><ele>20.0</ele></trkpt>
   <trkpt lat="38.69938" lon="-9.18045"><ele>20.2</ele></trkpt>
   <trkpt lat="38.69954" lon="-9.18005"><ele>20.4</ele></trkpt>
   <trkpt lat="38.69960" lon="-9.17988"><ele>20.4</ele></trkpt>
   <trkpt lat="38.69978" lon="-9.17949"><ele>20.2</ele></trkpt>
   <trkpt lat="38.69996" lon="-9.17912"><ele>20.4</ele></trkpt>
   <trkpt lat="38.70015" lon="-9.17877"><ele>20.6</ele></trkpt>
   <trkpt lat="38.70035" lon="-9.17840"><ele>20.6</ele></trkpt>
   <trkpt lat="38.70050" lon="-9.17808"><ele>20.6</ele></trkpt>
   <trkpt lat="38.70065" lon="-9.17777"><ele>20.4</ele></trkpt>
   <trkpt lat="38.70084" lon="-9.17739"><ele>20.6</ele></trkpt>
   <trkpt lat="38.70103" lon="-9.17701"><ele>20.8</ele></trkpt>
   <trkpt lat="38.70122" lon="-9.17665"><ele>20.6</ele></trkpt>
   <trkpt lat="38.70140" lon="-9.17630"><ele>20.2</ele></trkpt>
   <trkpt lat="38.70159" lon="-9.17595"><ele>20.6</ele></trkpt>
   <trkpt lat="38.70176" lon="-9.17561"><ele>21.0</ele></trkpt>
   <trkpt lat="38.70193" lon="-9.17522"><ele>21.2</ele></trkpt>
   <trkpt lat="38.70215" lon="-9.17487"><ele>21.2</ele></trkpt>
   <trkpt lat="38.70236" lon="-9.17453"><ele>21.0</ele></trkpt>
   <trkpt lat="38.70241" lon="-9.17446"><ele>21.0</ele></trkpt>
   <trkpt lat="38.70257" lon="-9.17415"><ele>21.0</ele></trkpt>
   <trkpt lat="38.70269" lon="-9.17391"><ele>20.8</ele></trkpt>
   <trkpt lat="38.70285" lon="-9.17352"><ele>20.8</ele></trkpt>
   <trkpt lat="38.70297" lon="-9.17318"><ele>20.8</ele></trkpt>
   <trkpt lat="38.70311" lon="-9.17276"><ele>20.6</ele></trkpt>
   <trkpt lat="38.70320" lon="-9.17234"><ele>20.4</ele></trkpt>
   <trkpt lat="38.70327" lon="-9.17198"><ele>20.2</ele></trkpt>
   <trkpt lat="38.70334" lon="-9.17161"><ele>20.2</ele></trkpt>
   <trkpt lat="38.70341" lon="-9.17124"><ele>20.2</ele></trkpt>
   <trkpt lat="38.70350" lon="-9.17086"><ele>20.4</ele></trkpt>
   <trkpt lat="38.70357" lon="-9.17051"><ele>20.2</ele></trkpt>
   <trkpt lat="38.70360" lon="-9.17020"><ele>20.2</ele></trkpt>
   <trkpt lat="38.70360" lon="-9.16982"><ele>20.0</ele></trkpt>
   <trkpt lat="38.70361" lon="-9.16938"><ele>20.0</ele></trkpt>
   <trkpt lat="38.70361" lon="-9.16897"><ele>20.0</ele></trkpt>
   <trkpt lat="38.70361" lon="-9.16858"><ele>20.0</ele></trkpt>
   <trkpt lat="38.70367" lon="-9.16850"><ele>20.0</ele></trkpt>
   <trkpt lat="38.70368" lon="-9.16832"><ele>19.6</ele></trkpt>
   <trkpt lat="38.70367" lon="-9.16788"><ele>19.2</ele></trkpt>
   <trkpt lat="38.70367" lon="-9.16779"><ele>19.2</ele></trkpt>
   <trkpt lat="38.70361" lon="-9.16746"><ele>19.2</ele></trkpt>
   <trkpt lat="38.70368" lon="-9.16706"><ele>19.0</ele></trkpt>
   <trkpt lat="38.70369" lon="-9.16664"><ele>19.2</ele></trkpt>
   <trkpt lat="38.70369" lon="-9.16618"><ele>19.4</ele></trkpt>
   <trkpt lat="38.70369" lon="-9.16612"><ele>19.6</ele></trkpt>
   <trkpt lat="38.70373" lon="-9.16581"><ele>19.6</ele></trkpt>
   <trkpt lat="38.70370" lon="-9.16555"><ele>20.0</ele></trkpt>
   <trkpt lat="38.70374" lon="-9.16536"><ele>19.8</ele></trkpt>
   <trkpt lat="38.70366" lon="-9.16496"><ele>19.8</ele></trkpt>
   <trkpt lat="38.70362" lon="-9.16455"><ele>19.8</ele></trkpt>
   <trkpt lat="38.70362" lon="-9.16443"><ele>19.8</ele></trkpt>
   <trkpt lat="38.70365" lon="-9.16401"><ele>20.2</ele></trkpt>
   <trkpt lat="38.70370" lon="-9.16357"><ele>19.6</ele></trkpt>
   <trkpt lat="38.70374" lon="-9.16325"><ele>19.6</ele></trkpt>
   <trkpt lat="38.70383" lon="-9.16285"><ele>20.0</ele></trkpt>
   <trkpt lat="38.70392" lon="-9.16242"><ele>20.4</ele></trkpt>
   <trkpt lat="38.70401" lon="-9.16198"><ele>20.6</ele></trkpt>
   <trkpt lat="38.70409" lon="-9.16165"><ele>20.6</ele></trkpt>
   <trkpt lat="38.70418" lon="-9.16128"><ele>20.6</ele></trkpt>
   <trkpt lat="38.70422" lon="-9.16110"><ele>20.8</ele></trkpt>
   <trkpt lat="38.70435" lon="-9.16068"><ele>21.0</ele></trkpt>
   <trkpt lat="38.70447" lon="-9.16034"><ele>21.0</ele></trkpt>
   <trkpt lat="38.70463" lon="-9.15994"><ele>21.2</ele></trkpt>
   <trkpt lat="38.70466" lon="-9.15986"><ele>21.2</ele></trkpt>
   <trkpt lat="38.70471" lon="-9.15952"><ele>21.2</ele></trkpt>
   <trkpt lat="38.70486" lon="-9.15913"><ele>21.2</ele></trkpt>
   <trkpt lat="38.70502" lon="-9.15880"><ele>21.2</ele></trkpt>
   <trkpt lat="38.70517" lon="-9.15846"><ele>21.4</ele></trkpt>
   <trkpt lat="38.70531" lon="-9.15815"><ele>21.4</ele></trkpt>
   <trkpt lat="38.70546" lon="-9.15783"><ele>21.6</ele></trkpt>
   <trkpt lat="38.70561" lon="-9.15751"><ele>21.6</ele></trkpt>
   <trkpt lat="38.70575" lon="-9.15719"><ele>21.4</ele></trkpt>
   <trkpt lat="38.70594" lon="-9.15680"><ele>21.6</ele></trkpt>
   <trkpt lat="38.70611" lon="-9.15642"><ele>21.8</ele></trkpt>
   <trkpt lat="38.70625" lon="-9.15612"><ele>22.0</ele></trkpt>
   <trkpt lat="38.70640" lon="-9.15573"><ele>22.2</ele></trkpt>
   <trkpt lat="38.70645" lon="-9.15558"><ele>22.2</ele></trkpt>
   <trkpt lat="38.70652" lon="-9.15515"><ele>22.6</ele></trkpt>
   <trkpt lat="38.70654" lon="-9.15509"><ele>22.6</ele></trkpt>
   <trkpt lat="38.70657" lon="-9.15470"><ele>22.2</ele></trkpt>
   <trkpt lat="38.70658" lon="-9.15434"><ele>22.2</ele></trkpt>
   <trkpt lat="38.70656" lon="-9.15394"><ele>22.4</ele></trkpt>
   <trkpt lat="38.70654" lon="-9.15358"><ele>22.6</ele></trkpt>
   <trkpt lat="38.70653" lon="-9.15319"><ele>22.6</ele></trkpt>
   <trkpt lat="38.70652" lon="-9.15281"><ele>22.6</ele></trkpt>
   <trkpt lat="38.70651" lon="-9.15242"><ele>22.4</ele></trkpt>
   <trkpt lat="38.70651" lon="-9.15203"><ele>22.0</ele></trkpt>
   <trkpt lat="38.70656" lon="-9.15162"><ele>22.0</ele></trkpt>
   <trkpt lat="38.70659" lon="-9.15142"><ele>22.0</ele></trkpt>
   <trkpt lat="38.70659" lon="-9.15101"><ele>22.0</ele></trkpt>
   <trkpt lat="38.70658" lon="-9.15059"><ele>22.0</ele></trkpt>
   <trkpt lat="38.70657" lon="-9.15021"><ele>22.0</ele></trkpt>
   <trkpt lat="38.70657" lon="-9.14992"><ele>21.8</ele></trkpt>
   <trkpt lat="38.70656" lon="-9.14964"><ele>21.6</ele></trkpt>
   <trkpt lat="38.70648" lon="-9.14938"><ele>21.6</ele></trkpt>
   <trkpt lat="38.70644" lon="-9.14901"><ele>21.4</ele></trkpt>
   <trkpt lat="38.70644" lon="-9.14857"><ele>21.2</ele></trkpt>
   <trkpt lat="38.70643" lon="-9.14817"><ele>21.2</ele></trkpt>
   <trkpt lat="38.70642" lon="-9.14772"><ele>20.6</ele></trkpt>
   <trkpt lat="38.70640" lon="-9.14727"><ele>20.6</ele></trkpt>
   <trkpt lat="38.70640" lon="-9.14682"><ele>21.0</ele></trkpt>
   <trkpt lat="38.70640" lon="-9.14640"><ele>21.0</ele></trkpt>
   <trkpt lat="38.70639" lon="-9.14595"><ele>20.8</ele></trkpt>
   <trkpt lat="38.70638" lon="-9.14554"><ele>21.2</ele></trkpt>
   <trkpt lat="38.70640" lon="-9.14511"><ele>21.2</ele></trkpt>
   <trkpt lat="38.70640" lon="-9.14499"><ele>21.0</ele></trkpt>
   <trkpt lat="38.70630" lon="-9.14473"><ele>21.2</ele></trkpt>
   <trkpt lat="38.70627" lon="-9.14429"><ele>21.4</ele></trkpt>
   <trkpt lat="38.70623" lon="-9.14388"><ele>21.6</ele></trkpt>
   <trkpt lat="38.70621" lon="-9.14347"><ele>21.8</ele></trkpt>
   <trkpt lat="38.70630" lon="-9.14309"><ele>21.6</ele></trkpt>
   <trkpt lat="38.70639" lon="-9.14271"><ele>21.6</ele></trkpt>
   <trkpt lat="38.70647" lon="-9.14232"><ele>22.6</ele></trkpt>
   <trkpt lat="38.70657" lon="-9.14192"><ele>22.8</ele></trkpt>
   <trkpt lat="38.70664" lon="-9.14163"><ele>23.0</ele></trkpt>
   <trkpt lat="38.70678" lon="-9.14152"><ele>22.8</ele></trkpt>
   <trkpt lat="38.70709" lon="-9.14159"><ele>23.0</ele></trkpt>
   <trkpt lat="38.70720" lon="-9.14144"><ele>22.6</ele></trkpt>
   <trkpt lat="38.70727" lon="-9.14121"><ele>22.6</ele></trkpt>
   <trkpt lat="38.70738" lon="-9.14082"><ele>22.4</ele></trkpt>
   <trkpt lat="38.70748" lon="-9.14042"><ele>22.2</ele></trkpt>
   <trkpt lat="38.70757" lon="-9.14009"><ele>22.2</ele></trkpt>
   <trkpt lat="38.70769" lon="-9.13974"><ele>22.6</ele></trkpt>
   <trkpt lat="38.70779" lon="-9.13931"><ele>23.0</ele></trkpt>
   <trkpt lat="38.70781" lon="-9.13922"><ele>23.2</ele></trkpt>
   <trkpt lat="38.70788" lon="-9.13880"><ele>23.6</ele></trkpt>
   <trkpt lat="38.70788" lon="-9.13871"><ele>23.8</ele></trkpt>
   <trkpt lat="38.70797" lon="-9.13829"><ele>23.6</ele></trkpt>
   <trkpt lat="38.70807" lon="-9.13791"><ele>23.4</ele></trkpt>
   <trkpt lat="38.70808" lon="-9.13747"><ele>23.4</ele></trkpt>
   <trkpt lat="38.70812" lon="-9.13710"><ele>23.6</ele></trkpt>
   <trkpt lat="38.70821" lon="-9.13673"><ele>23.4</ele></trkpt>
   <trkpt lat="38.70833" lon="-9.13631"><ele>23.0</ele></trkpt>
   <trkpt lat="38.70835" lon="-9.13624"><ele>22.6</ele></trkpt>
   <trkpt lat="38.70863" lon="-9.13598"><ele>22.4</ele></trkpt>
   <trkpt lat="38.70896" lon="-9.13612"><ele>22.8</ele></trkpt>
   <trkpt lat="38.70929" lon="-9.13626"><ele>23.2</ele></trkpt>
   <trkpt lat="38.70959" lon="-9.13640"><ele>23.2</ele></trkpt>
   <trkpt lat="38.70993" lon="-9.13654"><ele>24.0</ele></trkpt>
   <trkpt lat="38.71021" lon="-9.13667"><ele>24.4</ele></trkpt>
   <trkpt lat="38.71042" lon="-9.13678"><ele>24.6</ele></trkpt>
   <trkpt lat="38.71070" lon="-9.13687"><ele>25.0</ele></trkpt>
   <trkpt lat="38.71101" lon="-9.13699"><ele>25.4</ele></trkpt>
   <trkpt lat="38.71132" lon="-9.13711"><ele>25.8</ele></trkpt>
   <trkpt lat="38.71163" lon="-9.13724"><ele>27.0</ele></trkpt>
   <trkpt lat="38.71195" lon="-9.13735"><ele>27.2</ele></trkpt>
   <trkpt lat="38.71225" lon="-9.13747"><ele>27.2</ele></trkpt>
   <trkpt lat="38.71257" lon="-9.13758"><ele>27.6</ele></trkpt>
   <trkpt lat="38.71287" lon="-9.13770"><ele>27.6</ele></trkpt>
   <trkpt lat="38.71320" lon="-9.13785"><ele>28.2</ele></trkpt>
   <trkpt lat="38.71335" lon="-9.13765"><ele>28.4</ele></trkpt>
   <trkpt lat="38.71344" lon="-9.13721"><ele>28.6</ele></trkpt>
   <trkpt lat="38.71346" lon="-9.13698"><ele>29.2</ele></trkpt>
   <trkpt lat="38.71355" lon="-9.13669"><ele>29.8</ele></trkpt>
   <trkpt lat="38.71372" lon="-9.13655"><ele>30.6</ele></trkpt>
   <trkpt lat="38.71401" lon="-9.13638"><ele>30.8</ele></trkpt>
   <trkpt lat="38.71411" lon="-9.13634"><ele>31.0</ele></trkpt>
   <trkpt lat="38.71446" lon="-9.13637"><ele>31.2</ele></trkpt>
   <trkpt lat="38.71480" lon="-9.13626"><ele>30.8</ele></trkpt>
   <trkpt lat="38.71512" lon="-9.13632"><ele>30.8</ele></trkpt>
   <trkpt lat="38.71541" lon="-9.13616"><ele>31.2</ele></trkpt>
   <trkpt lat="38.71572" lon="-9.13603"><ele>31.0</ele></trkpt>
   <trkpt lat="38.71604" lon="-9.13589"><ele>32.0</ele></trkpt>
   <trkpt lat="38.71636" lon="-9.13573"><ele>33.2</ele></trkpt>
   <trkpt lat="38.71667" lon="-9.13558"><ele>33.6</ele></trkpt>
   <trkpt lat="38.71672" lon="-9.13557"><ele>33.8</ele></trkpt>
   <trkpt lat="38.71684" lon="-9.13560"><ele>34.2</ele></trkpt>
   <trkpt lat="38.71703" lon="-9.13579"><ele>35.0</ele></trkpt>
   <trkpt lat="38.71717" lon="-9.13584"><ele>35.0</ele></trkpt>
   <trkpt lat="38.71750" lon="-9.13579"><ele>35.8</ele></trkpt>
   <trkpt lat="38.71781" lon="-9.13578"><ele>35.8</ele></trkpt>
   <trkpt lat="38.71815" lon="-9.13574"><ele>35.6</ele></trkpt>
   <trkpt lat="38.71848" lon="-9.13571"><ele>35.8</ele></trkpt>
   <trkpt lat="38.71879" lon="-9.13568"><ele>36.8</ele></trkpt>
   <trkpt lat="38.71912" lon="-9.13565"><ele>37.6</ele></trkpt>
   <trkpt lat="38.71947" lon="-9.13560"><ele>39.4</ele></trkpt>
   <trkpt lat="38.71980" lon="-9.13557"><ele>40.2</ele></trkpt>
   <trkpt lat="38.72013" lon="-9.13553"><ele>40.8</ele></trkpt>
   <trkpt lat="38.72046" lon="-9.13551"><ele>41.6</ele></trkpt>
   <trkpt lat="38.72079" lon="-9.13546"><ele>42.2</ele></trkpt>
   <trkpt lat="38.72099" lon="-9.13543"><ele>42.8</ele></trkpt>
   <trkpt lat="38.72130" lon="-9.13540"><ele>43.8</ele></trkpt>
   <trkpt lat="38.72163" lon="-9.13540"><ele>44.8</ele></trkpt>
   <trkpt lat="38.72198" lon="-9.13536"><ele>46.2</ele></trkpt>
   <trkpt lat="38.72207" lon="-9.13536"><ele>46.8</ele></trkpt>
   <trkpt lat="38.72242" lon="-9.13530"><ele>47.8</ele></trkpt>
   <trkpt lat="38.72275" lon="-9.13526"><ele>49.0</ele></trkpt>
   <trkpt lat="38.72307" lon="-9.13521"><ele>50.0</ele></trkpt>
   <trkpt lat="38.72341" lon="-9.13519"><ele>50.6</ele></trkpt>
   <trkpt lat="38.72373" lon="-9.13517"><ele>51.0</ele></trkpt>
   <trkpt lat="38.72402" lon="-9.13517"><ele>52.0</ele></trkpt>
   <trkpt lat="38.72432" lon="-9.13513"><ele>52.8</ele></trkpt>
   <trkpt lat="38.72465" lon="-9.13509"><ele>53.6</ele></trkpt>
   <trkpt lat="38.72500" lon="-9.13506"><ele>54.6</ele></trkpt>
   <trkpt lat="38.72532" lon="-9.13503"><ele>55.8</ele></trkpt>
   <trkpt lat="38.72566" lon="-9.13501"><ele>56.4</ele></trkpt>
   <trkpt lat="38.72596" lon="-9.13499"><ele>57.0</ele></trkpt>
   <trkpt lat="38.72626" lon="-9.13495"><ele>58.2</ele></trkpt>
   <trkpt lat="38.72660" lon="-9.13490"><ele>59.2</ele></trkpt>
   <trkpt lat="38.72693" lon="-9.13486"><ele>60.2</ele></trkpt>
   <trkpt lat="38.72725" lon="-9.13484"><ele>60.8</ele></trkpt>
   <trkpt lat="38.72758" lon="-9.13481"><ele>61.8</ele></trkpt>
   <trkpt lat="38.72789" lon="-9.13477"><ele>62.6</ele></trkpt>
   <trkpt lat="38.72824" lon="-9.13473"><ele>63.6</ele></trkpt>
   <trkpt lat="38.72858" lon="-9.13470"><ele>64.8</ele></trkpt>
   <trkpt lat="38.72892" lon="-9.13467"><ele>65.8</ele></trkpt>
   <trkpt lat="38.72926" lon="-9.13463"><ele>67.0</ele></trkpt>
   <trkpt lat="38.72960" lon="-9.13459"><ele>67.8</ele></trkpt>
   <trkpt lat="38.72977" lon="-9.13460"><ele>68.2</ele></trkpt>
   <trkpt lat="38.73012" lon="-9.13452"><ele>69.4</ele></trkpt>
   <trkpt lat="38.73047" lon="-9.13448"><ele>69.6</ele></trkpt>
   <trkpt lat="38.73059" lon="-9.13445"><ele>69.8</ele></trkpt>
   <trkpt lat="38.73092" lon="-9.13445"><ele>70.4</ele></trkpt>
   <trkpt lat="38.73127" lon="-9.13442"><ele>70.6</ele></trkpt>
   <trkpt lat="38.73161" lon="-9.13439"><ele>71.4</ele></trkpt>
   <trkpt lat="38.73191" lon="-9.13435"><ele>71.6</ele></trkpt>
   <trkpt lat="38.73221" lon="-9.13433"><ele>71.8</ele></trkpt>
   <trkpt lat="38.73233" lon="-9.13432"><ele>71.8</ele></trkpt>
   <trkpt lat="38.73264" lon="-9.13427"><ele>72.0</ele></trkpt>
   <trkpt lat="38.73296" lon="-9.13424"><ele>72.0</ele></trkpt>
   <trkpt lat="38.73329" lon="-9.13421"><ele>72.6</ele></trkpt>
   <trkpt lat="38.73341" lon="-9.13420"><ele>73.0</ele></trkpt>
   <trkpt lat="38.73358" lon="-9.13414"><ele>72.6</ele></trkpt>
   <trkpt lat="38.73391" lon="-9.13415"><ele>73.0</ele></trkpt>
   <trkpt lat="38.73401" lon="-9.13415"><ele>73.0</ele></trkpt>
   <trkpt lat="38.73435" lon="-9.13410"><ele>73.4</ele></trkpt>
   <trkpt lat="38.73465" lon="-9.13406"><ele>73.6</ele></trkpt>
   <trkpt lat="38.73498" lon="-9.13402"><ele>74.0</ele></trkpt>
   <trkpt lat="38.73503" lon="-9.13401"><ele>74.2</ele></trkpt>
   <trkpt lat="38.73535" lon="-9.13400"><ele>74.6</ele></trkpt>
   <trkpt lat="38.73568" lon="-9.13396"><ele>75.8</ele></trkpt>
   <trkpt lat="38.73602" lon="-9.13394"><ele>76.0</ele></trkpt>
   <trkpt lat="38.73637" lon="-9.13389"><ele>76.2</ele></trkpt>
   <trkpt lat="38.73669" lon="-9.13388"><ele>77.2</ele></trkpt>
   <trkpt lat="38.73701" lon="-9.13387"><ele>78.0</ele></trkpt>
   <trkpt lat="38.73733" lon="-9.13383"><ele>79.0</ele></trkpt>
   <trkpt lat="38.73747" lon="-9.13397"><ele>79.4</ele></trkpt>
   <trkpt lat="38.73758" lon="-9.13427"><ele>79.8</ele></trkpt>
   <trkpt lat="38.73785" lon="-9.13451"><ele>80.0</ele></trkpt>
   <trkpt lat="38.73809" lon="-9.13476"><ele>80.8</ele></trkpt>
   <trkpt lat="38.73835" lon="-9.13504"><ele>81.8</ele></trkpt>
   <trkpt lat="38.73863" lon="-9.13531"><ele>83.2</ele></trkpt>
   <trkpt lat="38.73888" lon="-9.13556"><ele>84.0</ele></trkpt>
   <trkpt lat="38.73915" lon="-9.13582"><ele>85.6</ele></trkpt>
   <trkpt lat="38.73942" lon="-9.13608"><ele>87.0</ele></trkpt>
   <trkpt lat="38.73969" lon="-9.13634"><ele>88.0</ele></trkpt>
   <trkpt lat="38.73988" lon="-9.13651"><ele>88.6</ele></trkpt>
   <trkpt lat="38.73991" lon="-9.13669"><ele>89.6</ele></trkpt>
   <trkpt lat="38.73988" lon="-9.13679"><ele>89.8</ele></trkpt>
   <trkpt lat="38.73965" lon="-9.13710"><ele>91.2</ele></trkpt>
   <trkpt lat="38.73962" lon="-9.13710"><ele>91.2</ele></trkpt>
   <trkpt lat="38.73927" lon="-9.13702"><ele>91.6</ele></trkpt>
   <trkpt lat="38.73895" lon="-9.13698"><ele>92.0</ele></trkpt>
   <trkpt lat="38.73862" lon="-9.13690"><ele>94.0</ele></trkpt>
   <trkpt lat="38.73830" lon="-9.13682"><ele>94.4</ele></trkpt>
   <trkpt lat="38.73795" lon="-9.13674"><ele>95.4</ele></trkpt>
   <trkpt lat="38.73781" lon="-9.13670"><ele>95.8</ele></trkpt>
   <trkpt lat="38.73752" lon="-9.13677"><ele>96.8</ele></trkpt>
   <trkpt lat="38.73720" lon="-9.13667"><ele>97.4</ele></trkpt>
   <trkpt lat="38.73685" lon="-9.13659"><ele>97.4</ele></trkpt>
   <trkpt lat="38.73659" lon="-9.13654"><ele>97.2</ele></trkpt>
   <trkpt lat="38.73628" lon="-9.13640"><ele>97.0</ele></trkpt>
   <trkpt lat="38.73620" lon="-9.13635"><ele>97.4</ele></trkpt>
   <trkpt lat="38.73587" lon="-9.13636"><ele>96.8</ele></trkpt>
   <trkpt lat="38.73580" lon="-9.13636"><ele>96.6</ele></trkpt>
   <trkpt lat="38.73576" lon="-9.13640"><ele>96.6</ele></trkpt>
   <trkpt lat="38.73588" lon="-9.13637"><ele>96.2</ele></trkpt>
   <trkpt lat="38.73611" lon="-9.13642"><ele>97.0</ele></trkpt>
  </trkseg>
 </trk>
</gpx>
