<?xml version="1.0" encoding="UTF-8"?>
<gpx version="1.1" creator="Wind Cycling" xmlns="http://www.topografix.com/GPX/1/1">
 <trk>
  <name>Arrabida-Setubal</name>
  <trkseg>
   <trkpt lat="38.73620" lon="-9.13631"><ele>64.0</ele></trkpt>
   <trkpt lat="38.73607" lon="-9.13650"><ele>99.8</ele></trkpt>
   <trkpt lat="38.73600" lon="-9.13682"><ele>100.0</ele></trkpt>
   <trkpt lat="38.73580" lon="-9.13715"><ele>101.0</ele></trkpt>
   <trkpt lat="38.73562" lon="-9.13750"><ele>102.8</ele></trkpt>
   <trkpt lat="38.73557" lon="-9.13762"><ele>103.2</ele></trkpt>
   <trkpt lat="38.73544" lon="-9.13799"><ele>105.0</ele></trkpt>
   <trkpt lat="38.73536" lon="-9.13839"><ele>106.8</ele></trkpt>
   <trkpt lat="38.73532" lon="-9.13856"><ele>107.4</ele></trkpt>
   <trkpt lat="38.73529" lon="-9.13899"><ele>107.8</ele></trkpt>
   <trkpt lat="38.73528" lon="-9.13942"><ele>107.8</ele></trkpt>
   <trkpt lat="38.73527" lon="-9.13981"><ele>107.4</ele></trkpt>
   <trkpt lat="38.73526" lon="-9.13998"><ele>107.2</ele></trkpt>
   <trkpt lat="38.73526" lon="-9.14040"><ele>106.4</ele></trkpt>
   <trkpt lat="38.73526" lon="-9.14081"><ele>104.6</ele></trkpt>
   <trkpt lat="38.73527" lon="-9.14121"><ele>103.6</ele></trkpt>
   <trkpt lat="38.73526" lon="-9.14162"><ele>101.4</ele></trkpt>
   <trkpt lat="38.73527" lon="-9.14167"><ele>101.4</ele></trkpt>
   <trkpt lat="38.73524" lon="-9.14212"><ele>101.2</ele></trkpt>
   <trkpt lat="38.73522" lon="-9.14252"><ele>101.2</ele></trkpt>
   <trkpt lat="38.73521" lon="-9.14293"><ele>101.0</ele></trkpt>
   <trkpt lat="38.73521" lon="-9.14332"><ele>100.4</ele></trkpt>
   <trkpt lat="38.73517" lon="-9.14373"><ele>100.4</ele></trkpt>
   <trkpt lat="38.73516" lon="-9.14411"><ele>100.4</ele></trkpt>
   <trkpt lat="38.73515" lon="-9.14420"><ele>100.4</ele></trkpt>
   <trkpt lat="38.73514" lon="-9.14463"><ele>100.2</ele></trkpt>
   <trkpt lat="38.73515" lon="-9.14503"><ele>100.0</ele></trkpt>
   <trkpt lat="38.73515" lon="-9.14526"><ele>99.6</ele></trkpt>
   <trkpt lat="38.73505" lon="-9.14529"><ele>99.6</ele></trkpt>
   <trkpt lat="38.73471" lon="-9.14519"><ele>99.6</ele></trkpt>
   <trkpt lat="38.73439" lon="-9.14514"><ele>99.2</ele></trkpt>
   <trkpt lat="38.73425" lon="-9.14510"><ele>99.4</ele></trkpt>
   <trkpt lat="38.73420" lon="-9.14517"><ele>99.8</ele></trkpt>
   <trkpt lat="38.73413" lon="-9.14516"><ele>100.0</ele></trkpt>
   <trkpt lat="38.73401" lon="-9.14532"><ele>100.4</ele></trkpt>
   <trkpt lat="38.73369" lon="-9.14542"><ele>100.6</ele></trkpt>
   <trkpt lat="38.73338" lon="-9.14524"><ele>102.6</ele></trkpt>
   <trkpt lat="38.73335" lon="-9.14524"><ele>102.8</ele></trkpt>
   <trkpt lat="38.73304" lon="-9.14542"><ele>102.0</ele></trkpt>
   <trkpt lat="38.73276" lon="-9.14558"><ele>101.0</ele></trkpt>
   <trkpt lat="38.73246" lon="-9.14578"><ele>99.2</ele></trkpt>
   <trkpt lat="38.73224" lon="-9.14592"><ele>98.8</ele></trkpt>
   <trkpt lat="38.73195" lon="-9.14603"><ele>98.0</ele></trkpt>
   <trkpt lat="38.73169" lon="-9.14620"><ele>96.2</ele></trkpt>
   <trkpt lat="38.73147" lon="-9.14642"><ele>95.6</ele></trkpt>
   <trkpt lat="38.73116" lon="-9.14661"><ele>95.2</ele></trkpt>
   <trkpt lat="38.73086" lon="-9.14673"><ele>94.4</ele></trkpt>
   <trkpt lat="38.73076" lon="-9.14678"><ele>94.4</ele></trkpt>
   <trkpt lat="38.73048" lon="-9.14697"><ele>93.0</ele></trkpt>
   <trkpt lat="38.73023" lon="-9.14713"><ele>92.4</ele></trkpt>
   <trkpt lat="38.72991" lon="-9.14733"><ele>91.8</ele></trkpt>
   <trkpt lat="38.72959" lon="-9.14753"><ele>90.2</ele></trkpt>
   <trkpt lat="38.72928" lon="-9.14771"><ele>89.2</ele></trkpt>
   <trkpt lat="38.72900" lon="-9.14787"><ele>87.6</ele></trkpt>
   <trkpt lat="38.72870" lon="-9.14805"><ele>86.2</ele></trkpt>
   <trkpt lat="38.72843" lon="-9.14821"><ele>85.2</ele></trkpt>
   <trkpt lat="38.72837" lon="-9.14825"><ele>85.0</ele></trkpt>
   <trkpt lat="38.72805" lon="-9.14841"><ele>83.4</ele></trkpt>
   <trkpt lat="38.72775" lon="-9.14856"><ele>82.8</ele></trkpt>
   <trkpt lat="38.72750" lon="-9.14870"><ele>82.6</ele></trkpt>
   <trkpt lat="38.72728" lon="-9.14893"><ele>82.0</ele></trkpt>
   <trkpt lat="38.72721" lon="-9.14899"><ele>82.0</ele></trkpt>
   <trkpt lat="38.72690" lon="-9.14921"><ele>81.2</ele></trkpt>
   <trkpt lat="38.72659" lon="-9.14942"><ele>80.4</ele></trkpt>
   <trkpt lat="38.72637" lon="-9.14959"><ele>80.0</ele></trkpt>
   <trkpt lat="38.72612" lon="-9.14991"><ele>78.6</ele></trkpt>
   <trkpt lat="38.72611" lon="-9.14992"><ele>78.4</ele></trkpt>
   <trkpt lat="38.72593" lon="-9.14996"><ele>77.0</ele></trkpt>
   <trkpt lat="38.72581" lon="-9.15037"><ele>76.4</ele></trkpt>
   <trkpt lat="38.72577" lon="-9.15047"><ele>76.6</ele></trkpt>
   <trkpt lat="38.72552" lon="-9.15079"><ele>76.4</ele></trkpt>
   <trkpt lat="38.72546" lon="-9.15091"><ele>75.6</ele></trkpt>
   <trkpt lat="38.72513" lon="-9.15092"><ele>74.4</ele></trkpt>
   <trkpt lat="38.72506" lon="-9.15079"><ele>74.6</ele></trkpt>
   <trkpt lat="38.72478" lon="-9.15053"><ele>74.8</ele></trkpt>
   <trkpt lat="38.72473" lon="-9.15046"><ele>74.8</ele></trkpt>
   <trkpt lat="38.72467" lon="-9.15028"><ele>75.0</ele></trkpt>
   <trkpt lat="38.72471" lon="-9.14993"><ele>74.8</ele></trkpt>
   <trkpt lat="38.72466" lon="-9.14969"><ele>73.8</ele></trkpt>
   <trkpt lat="38.72440" lon="-9.14939"><ele>73.0</ele></trkpt>
   <trkpt lat="38.72429" lon="-9.14926"><ele>72.4</ele></trkpt>
   <trkpt lat="38.72402" lon="-9.14903"><ele>71.4</ele></trkpt>
   <trkpt lat="38.72378" lon="-9.14881"><ele>70.8</ele></trkpt>
   <trkpt lat="38.72353" lon="-9.14859"><ele>69.2</ele></trkpt>
   <trkpt lat="38.72328" lon="-9.14841"><ele>67.0</ele></trkpt>
   <trkpt lat="38.72301" lon="-9.14816"><ele>65.0</ele></trkpt>
   <trkpt lat="38.72277" lon="-9.14793"><ele>63.8</ele></trkpt>
   <trkpt lat="38.72255" lon="-9.14773"><ele>62.2</ele></trkpt>
   <trkpt lat="38.72226" lon="-9.14748"><ele>61.8</ele></trkpt>
   <trkpt lat="38.72209" lon="-9.14731"><ele>59.0</ele></trkpt>
   <trkpt lat="38.72180" lon="-9.14706"><ele>57.6</ele></trkpt>
   <trkpt lat="38.72156" lon="-9.14686"><ele>57.4</ele></trkpt>
   <trkpt lat="38.72128" lon="-9.14663"><ele>57.0</ele></trkpt>
   <trkpt lat="38.72106" lon="-9.14644"><ele>56.4</ele></trkpt>
   <trkpt lat="38.72082" lon="-9.14623"><ele>56.2</ele></trkpt>
   <trkpt lat="38.72056" lon="-9.14601"><ele>55.0</ele></trkpt>
   <trkpt lat="38.72031" lon="-9.14579"><ele>54.0</ele></trkpt>
   <trkpt lat="38.72006" lon="-9.14557"><ele>53.2</ele></trkpt>
   <trkpt lat="38.71981" lon="-9.14536"><ele>51.8</ele></trkpt>
   <trkpt lat="38.71953" lon="-9.14512"><ele>50.4</ele></trkpt>
   <trkpt lat="38.71927" lon="-9.14489"><ele>49.4</ele></trkpt>
   <trkpt lat="38.71902" lon="-9.14468"><ele>48.6</ele></trkpt>
   <trkpt lat="38.71879" lon="-9.14447"><ele>48.0</ele></trkpt>
   <trkpt lat="38.71856" lon="-9.14427"><ele>47.2</ele></trkpt>
   <trkpt lat="38.71833" lon="-9.14407"><ele>46.2</ele></trkpt>
   <trkpt lat="38.71804" lon="-9.14381"><ele>44.4</ele></trkpt>
   <trkpt lat="38.71778" lon="-9.14361"><ele>43.6</ele></trkpt>
   <trkpt lat="38.71749" lon="-9.14336"><ele>41.0</ele></trkpt>
   <trkpt lat="38.71744" lon="-9.14332"><ele>39.4</ele></trkpt>
   <trkpt lat="38.71716" lon="-9.14304"><ele>37.8</ele></trkpt>
   <trkpt lat="38.71689" lon="-9.14282"><ele>37.4</ele></trkpt>
   <trkpt lat="38.71663" lon="-9.14257"><ele>37.4</ele></trkpt>
   <trkpt lat="38.71652" lon="-9.14247"><ele>37.0</ele></trkpt>
   <trkpt lat="38.71623" lon="-9.14233"><ele>37.0</ele></trkpt>
   <trkpt lat="38.71606" lon="-9.14224"><ele>36.8</ele></trkpt>
   <trkpt lat="38.71579" lon="-9.14203"><ele>36.6</ele></trkpt>
   <trkpt lat="38.71553" lon="-9.14178"><ele>36.2</ele></trkpt>
   <trkpt lat="38.71532" lon="-9.14161"><ele>35.2</ele></trkpt>
   <trkpt lat="38.71512" lon="-9.14131"><ele>33.2</ele></trkpt>
   <trkpt lat="38.71502" lon="-9.14115"><ele>33.4</ele></trkpt>
   <trkpt lat="38.71475" lon="-9.14088"><ele>32.6</ele></trkpt>
   <trkpt lat="38.71460" lon="-9.14071"><ele>32.6</ele></trkpt>
   <trkpt lat="38.71447" lon="-9.14029"><ele>31.4</ele></trkpt>
   <trkpt lat="38.71444" lon="-9.14015"><ele>31.0</ele></trkpt>
   <trkpt lat="38.71433" lon="-9.14001"><ele>30.8</ele></trkpt>
   <trkpt lat="38.71400" lon="-9.13986"><ele>30.6</ele></trkpt>
   <trkpt lat="38.71369" lon="-9.13972"><ele>30.2</ele></trkpt>
   <trkpt lat="38.71347" lon="-9.13961"><ele>30.2</ele></trkpt>
   <trkpt lat="38.71314" lon="-9.13951"><ele>29.8</ele></trkpt>
   <trkpt lat="38.71282" lon="-9.13940"><ele>28.4</ele></trkpt>
   <trkpt lat="38.71253" lon="-9.13930"><ele>28.0</ele></trkpt>
   <trkpt lat="38.71220" lon="-9.13919"><ele>27.8</ele></trkpt>
   <trkpt lat="38.71195" lon="-9.13911"><ele>27.4</ele></trkpt>
   <trkpt lat="38.71164" lon="-9.13899"><ele>27.4</ele></trkpt>
   <trkpt lat="38.71132" lon="-9.13885"><ele>27.4</ele></trkpt>
   <trkpt lat="38.71102" lon="-9.13873"><ele>27.2</ele></trkpt>
   <trkpt lat="38.71077" lon="-9.13860"><ele>26.6</ele></trkpt>
   <trkpt lat="38.71042" lon="-9.13850"><ele>26.4</ele></trkpt>
   <trkpt lat="38.71022" lon="-9.13845"><ele>26.2</ele></trkpt>
   <trkpt lat="38.71006" lon="-9.13833"><ele>26.0</ele></trkpt>
   <trkpt lat="38.70973" lon="-9.13822"><ele>25.6</ele></trkpt>
   <trkpt lat="38.70941" lon="-9.13809"><ele>25.2</ele></trkpt>
   <trkpt lat="38.70909" lon="-9.13795"><ele>25.2</ele></trkpt>
   <trkpt lat="38.70877" lon="-9.13783"><ele>25.0</ele></trkpt>
   <trkpt lat="38.70844" lon="-9.13772"><ele>24.0</ele></trkpt>
   <trkpt lat="38.70828" lon="-9.13766"><ele>23.6</ele></trkpt>
   <trkpt lat="38.70810" lon="-9.13767"><ele>23.6</ele></trkpt>
   <trkpt lat="38.70803" lon="-9.13811"><ele>23.2</ele></trkpt>
   <trkpt lat="38.70796" lon="-9.13848"><ele>23.6</ele></trkpt>
   <trkpt lat="38.70787" lon="-9.13890"><ele>23.8</ele></trkpt>
   <trkpt lat="38.70781" lon="-9.13924"><ele>23.8</ele></trkpt>
   <trkpt lat="38.70770" lon="-9.13964"><ele>23.6</ele></trkpt>
   <trkpt lat="38.70760" lon="-9.13996"><ele>24.0</ele></trkpt>
   <trkpt lat="38.70752" lon="-9.14035"><ele>24.6</ele></trkpt>
   <trkpt lat="38.70743" lon="-9.14075"><ele>24.4</ele></trkpt>
   <trkpt lat="38.70739" lon="-9.14091"><ele>24.4</ele></trkpt>
   <trkpt lat="38.70728" lon="-9.14115"><ele>24.4</ele></trkpt>
   <trkpt lat="38.70721" lon="-9.14154"><ele>24.0</ele></trkpt>
   <trkpt lat="38.70714" lon="-9.14192"><ele>23.6</ele></trkpt>
   <trkpt lat="38.70704" lon="-9.14231"><ele>23.8</ele></trkpt>
   <trkpt lat="38.70697" lon="-9.14269"><ele>24.6</ele></trkpt>
   <trkpt lat="38.70694" lon="-9.14294"><ele>24.6</ele></trkpt>
   <trkpt lat="38.70682" lon="-9.14330"><ele>24.6</ele></trkpt>
   <trkpt lat="38.70682" lon="-9.14349"><ele>25.2</ele></trkpt>
   <trkpt lat="38.70674" lon="-9.14353"><ele>25.8</ele></trkpt>
   <trkpt lat="38.70660" lon="-9.14376"><ele>24.6</ele></trkpt>
   <trkpt lat="38.70639" lon="-9.14389"><ele>23.2</ele></trkpt>
   <trkpt lat="38.70605" lon="-9.14389"><ele>23.2</ele></trkpt>
   <trkpt lat="38.70580" lon="-9.14389"><ele>23.0</ele></trkpt>
   <trkpt lat="38.70554" lon="-9.14396"><ele>22.8</ele></trkpt>
   <trkpt lat="38.70548" lon="-9.14436"><ele>22.0</ele></trkpt>
   <trkpt lat="38.70544" lon="-9.14479"><ele>22.2</ele></trkpt>
   <trkpt lat="38.70544" lon="-9.14485"><ele>22.2</ele></trkpt>
   <trkpt lat="38.70530" lon="-9.14504"><ele>22.4</ele></trkpt>
   <trkpt lat="38.70532" lon="-9.14507"><ele>23.2</ele></trkpt>
   <trkpt lat="38.70533" lon="-9.14507"><ele>23.2</ele></trkpt>
   <trkpt lat="38.64749" lon="-9.09560"><ele>-5.8</ele></trkpt>
   <trkpt lat="38.64716" lon="-9.09572"><ele>25.0</ele></trkpt>
   <trkpt lat="38.64693" lon="-9.09577"><ele>25.0</ele></trkpt>
   <trkpt lat="38.64664" lon="-9.09597"><ele>25.0</ele></trkpt>
   <trkpt lat="38.64637" lon="-9.09619"><ele>24.8</ele></trkpt>
   <trkpt lat="38.64630" lon="-9.09625"><ele>24.8</ele></trkpt>
   <trkpt lat="38.64617" lon="-9.09628"><ele>24.8</ele></trkpt>
   <trkpt lat="38.64598" lon="-9.09614"><ele>24.2</ele></trkpt>
   <trkpt lat="38.64580" lon="-9.09577"><ele>24.8</ele></trkpt>
   <trkpt lat="38.64563" lon="-9.09542"><ele>24.8</ele></trkpt>
   <trkpt lat="38.64552" lon="-9.09531"><ele>24.8</ele></trkpt>
   <trkpt lat="38.64534" lon="-9.09538"><ele>24.8</ele></trkpt>
   <trkpt lat="38.64507" lon="-9.09561"><ele>24.2</ele></trkpt>
   <trkpt lat="38.64477" lon="-9.09586"><ele>24.2</ele></trkpt>
   <trkpt lat="38.64450" lon="-9.09606"><ele>24.4</ele></trkpt>
   <trkpt lat="38.64428" lon="-9.09625"><ele>24.4</ele></trkpt>
   <trkpt lat="38.64414" lon="-9.09644"><ele>24.2</ele></trkpt>
   <trkpt lat="38.64409" lon="-9.09663"><ele>24.2</ele></trkpt>
   <trkpt lat="38.64409" lon="-9.09698"><ele>24.2</ele></trkpt>
   <trkpt lat="38.64417" lon="-9.09738"><ele>24.4</ele></trkpt>
   <trkpt lat="38.64426" lon="-9.09779"><ele>24.6</ele></trkpt>
   <trkpt lat="38.64427" lon="-9.09794"><ele>24.6</ele></trkpt>
   <trkpt lat="38.64424" lon="-9.09830"><ele>24.6</ele></trkpt>
   <trkpt lat="38.64412" lon="-9.09869"><ele>24.6</ele></trkpt>
   <trkpt lat="38.64408" lon="-9.09881"><ele>24.6</ele></trkpt>
   <trkpt lat="38.64405" lon="-9.09904"><ele>24.8</ele></trkpt>
   <trkpt lat="38.64405" lon="-9.09945"><ele>25.2</ele></trkpt>
   <trkpt lat="38.64406" lon="-9.09987"><ele>25.2</ele></trkpt>
   <trkpt lat="38.64404" lon="-9.10031"><ele>25.0</ele></trkpt>
   <trkpt lat="38.64405" lon="-9.10069"><ele>24.6</ele></trkpt>
   <trkpt lat="38.64405" lon="-9.10114"><ele>24.2</ele></trkpt>
   <trkpt lat="38.64406" lon="-9.10151"><ele>23.8</ele></trkpt>
   <trkpt lat="38.64411" lon="-9.10172"><ele>23.6</ele></trkpt>
   <trkpt lat="38.64428" lon="-9.10210"><ele>24.4</ele></trkpt>
   <trkpt lat="38.64443" lon="-9.10245"><ele>25.2</ele></trkpt>
   <trkpt lat="38.64458" lon="-9.10283"><ele>25.4</ele></trkpt>
   <trkpt lat="38.64464" lon="-9.10301"><ele>25.2</ele></trkpt>
   <trkpt lat="38.64466" lon="-9.10335"><ele>24.8</ele></trkpt>
   <trkpt lat="38.64483" lon="-9.10341"><ele>24.0</ele></trkpt>
   <trkpt lat="38.64453" lon="-9.10329"><ele>23.6</ele></trkpt>
   <trkpt lat="38.64430" lon="-9.10341"><ele>23.8</ele></trkpt>
   <trkpt lat="38.64423" lon="-9.10369"><ele>23.8</ele></trkpt>
   <trkpt lat="38.64434" lon="-9.10398"><ele>24.2</ele></trkpt>
   <trkpt lat="38.64438" lon="-9.10426"><ele>24.6</ele></trkpt>
   <trkpt lat="38.64435" lon="-9.10440"><ele>24.8</ele></trkpt>
   <trkpt lat="38.64418" lon="-9.10475"><ele>24.8</ele></trkpt>
   <trkpt lat="38.64400" lon="-9.10511"><ele>24.4</ele></trkpt>
   <trkpt lat="38.64384" lon="-9.10545"><ele>24.2</ele></trkpt>
   <trkpt lat="38.64366" lon="-9.10581"><ele>24.2</ele></trkpt>
   <trkpt lat="38.64348" lon="-9.10617"><ele>24.2</ele></trkpt>
   <trkpt lat="38.64330" lon="-9.10653"><ele>24.6</ele></trkpt>
   <trkpt lat="38.64307" lon="-9.10684"><ele>25.4</ele></trkpt>
   <trkpt lat="38.64291" lon="-9.10703"><ele>25.2</ele></trkpt>
   <trkpt lat="38.64263" lon="-9.10731"><ele>24.8</ele></trkpt>
   <trkpt lat="38.64253" lon="-9.10737"><ele>24.8</ele></trkpt>
   <trkpt lat="38.64227" lon="-9.10743"><ele>25.0</ele></trkpt>
   <trkpt lat="38.64209" lon="-9.10740"><ele>24.8</ele></trkpt>
   <trkpt lat="38.64189" lon="-9.10728"><ele>24.8</ele></trkpt>
   <trkpt lat="38.64166" lon="-9.10697"><ele>25.0</ele></trkpt>
   <trkpt lat="38.64162" lon="-9.10690"><ele>25.0</ele></trkpt>
   <trkpt lat="38.64148" lon="-9.10653"><ele>25.0</ele></trkpt>
   <trkpt lat="38.64135" lon="-9.10616"><ele>25.2</ele></trkpt>
   <trkpt lat="38.64127" lon="-9.10593"><ele>25.2</ele></trkpt>
   <trkpt lat="38.64096" lon="-9.10572"><ele>25.6</ele></trkpt>
   <trkpt lat="38.64072" lon="-9.10559"><ele>25.8</ele></trkpt>
   <trkpt lat="38.64040" lon="-9.10558"><ele>25.6</ele></trkpt>
   <trkpt lat="38.64006" lon="-9.10558"><ele>25.6</ele></trkpt>
   <trkpt lat="38.63990" lon="-9.10559"><ele>25.6</ele></trkpt>
   <trkpt lat="38.63955" lon="-9.10553"><ele>25.8</ele></trkpt>
   <trkpt lat="38.63926" lon="-9.10549"><ele>25.8</ele></trkpt>
   <trkpt lat="38.63893" lon="-9.10545"><ele>25.4</ele></trkpt>
   <trkpt lat="38.63884" lon="-9.10545"><ele>25.2</ele></trkpt>
   <trkpt lat="38.63854" lon="-9.10555"><ele>25.6</ele></trkpt>
   <trkpt lat="38.63844" lon="-9.10558"><ele>25.8</ele></trkpt>
   <trkpt lat="38.63821" lon="-9.10558"><ele>25.8</ele></trkpt>
   <trkpt lat="38.63795" lon="-9.10576"><ele>25.0</ele></trkpt>
   <trkpt lat="38.63781" lon="-9.10579"><ele>24.6</ele></trkpt>
   <trkpt lat="38.63750" lon="-9.10577"><ele>24.4</ele></trkpt>
   <trkpt lat="38.63745" lon="-9.10577"><ele>24.4</ele></trkpt>
   <trkpt lat="38.63722" lon="-9.10583"><ele>24.2</ele></trkpt>
   <trkpt lat="38.63692" lon="-9.10584"><ele>24.4</ele></trkpt>
   <trkpt lat="38.63658" lon="-9.10586"><ele>24.6</ele></trkpt>
   <trkpt lat="38.63625" lon="-9.10587"><ele>25.0</ele></trkpt>
   <trkpt lat="38.63591" lon="-9.10590"><ele>25.0</ele></trkpt>
   <trkpt lat="38.63557" lon="-9.10594"><ele>25.2</ele></trkpt>
   <trkpt lat="38.63523" lon="-9.10597"><ele>25.4</ele></trkpt>
   <trkpt lat="38.63496" lon="-9.10600"><ele>25.6</ele></trkpt>
   <trkpt lat="38.63467" lon="-9.10603"><ele>25.6</ele></trkpt>
   <trkpt lat="38.63432" lon="-9.10606"><ele>25.4</ele></trkpt>
   <trkpt lat="38.63397" lon="-9.10609"><ele>25.4</ele></trkpt>
   <trkpt lat="38.63363" lon="-9.10609"><ele>25.4</ele></trkpt>
   <trkpt lat="38.63329" lon="-9.10597"><ele>25.4</ele></trkpt>
   <trkpt lat="38.63303" lon="-9.10585"><ele>25.4</ele></trkpt>
   <trkpt lat="38.63276" lon="-9.10573"><ele>25.4</ele></trkpt>
   <trkpt lat="38.63243" lon="-9.10558"><ele>25.4</ele></trkpt>
   <trkpt lat="38.63234" lon="-9.10555"><ele>25.4</ele></trkpt>
   <trkpt lat="38.63200" lon="-9.10549"><ele>25.0</ele></trkpt>
   <trkpt lat="38.63166" lon="-9.10544"><ele>25.0</ele></trkpt>
   <trkpt lat="38.63160" lon="-9.10544"><ele>25.2</ele></trkpt>
   <trkpt lat="38.63130" lon="-9.10556"><ele>25.4</ele></trkpt>
   <trkpt lat="38.63118" lon="-9.10559"><ele>25.4</ele></trkpt>
   <trkpt lat="38.63090" lon="-9.10542"><ele>25.6</ele></trkpt>
   <trkpt lat="38.63084" lon="-9.10540"><ele>25.6</ele></trkpt>
   <trkpt lat="38.63054" lon="-9.10541"><ele>25.4</ele></trkpt>
   <trkpt lat="38.63022" lon="-9.10539"><ele>25.2</ele></trkpt>
   <trkpt lat="38.63014" lon="-9.10538"><ele>25.2</ele></trkpt>
   <trkpt lat="38.62991" lon="-9.10528"><ele>25.4</ele></trkpt>
   <trkpt lat="38.62963" lon="-9.10508"><ele>26.0</ele></trkpt>
   <trkpt lat="38.62934" lon="-9.10489"><ele>26.2</ele></trkpt>
   <trkpt lat="38.62917" lon="-9.10479"><ele>26.0</ele></trkpt>
   <trkpt lat="38.62891" lon="-9.10469"><ele>26.2</ele></trkpt>
   <trkpt lat="38.62862" lon="-9.10463"><ele>26.0</ele></trkpt>
   <trkpt lat="38.62832" lon="-9.10460"><ele>25.6</ele></trkpt>
   <trkpt lat="38.62801" lon="-9.10455"><ele>25.6</ele></trkpt>
   <trkpt lat="38.62766" lon="-9.10451"><ele>25.6</ele></trkpt>
   <trkpt lat="38.62738" lon="-9.10449"><ele>26.0</ele></trkpt>
   <trkpt lat="38.62703" lon="-9.10456"><ele>25.6</ele></trkpt>
   <trkpt lat="38.62674" lon="-9.10464"><ele>25.6</ele></trkpt>
   <trkpt lat="38.62640" lon="-9.10476"><ele>25.6</ele></trkpt>
   <trkpt lat="38.62612" lon="-9.10486"><ele>25.8</ele></trkpt>
   <trkpt lat="38.62584" lon="-9.10495"><ele>25.6</ele></trkpt>
   <trkpt lat="38.62550" lon="-9.10507"><ele>25.6</ele></trkpt>
   <trkpt lat="38.62516" lon="-9.10519"><ele>25.4</ele></trkpt>
   <trkpt lat="38.62487" lon="-9.10529"><ele>25.4</ele></trkpt>
   <trkpt lat="38.62459" lon="-9.10539"><ele>25.2</ele></trkpt>
   <trkpt lat="38.62430" lon="-9.10548"><ele>25.0</ele></trkpt>
   <trkpt lat="38.62402" lon="-9.10557"><ele>24.8</ele></trkpt>
   <trkpt lat="38.62395" lon="-9.10559"><ele>24.8</ele></trkpt>
   <trkpt lat="38.62360" lon="-9.10559"><ele>24.8</ele></trkpt>
   <trkpt lat="38.62330" lon="-9.10557"><ele>25.0</ele></trkpt>
   <trkpt lat="38.62300" lon="-9.10557"><ele>25.0</ele></trkpt>
   <trkpt lat="38.62265" lon="-9.10555"><ele>25.0</ele></trkpt>
   <trkpt lat="38.62234" lon="-9.10555"><ele>25.2</ele></trkpt>
   <trkpt lat="38.62220" lon="-9.10555"><ele>25.2</ele></trkpt>
   <trkpt lat="38.62191" lon="-9.10560"><ele>25.2</ele></trkpt>
   <trkpt lat="38.62184" lon="-9.10562"><ele>25.4</ele></trkpt>
   <trkpt lat="38.62151" lon="-9.10578"><ele>25.2</ele></trkpt>
   <trkpt lat="38.62122" lon="-9.10598"><ele>25.0</ele></trkpt>
   <trkpt lat="38.62098" lon="-9.10620"><ele>25.0</ele></trkpt>
   <trkpt lat="38.62072" lon="-9.10647"><ele>25.4</ele></trkpt>
   <trkpt lat="38.62051" lon="-9.10667"><ele>25.4</ele></trkpt>
   <trkpt lat="38.62022" lon="-9.10659"><ele>25.4</ele></trkpt>
   <trkpt lat="38.61991" lon="-9.10652"><ele>25.6</ele></trkpt>
   <trkpt lat="38.61967" lon="-9.10645"><ele>26.0</ele></trkpt>
   <trkpt lat="38.61940" lon="-9.10626"><ele>26.0</ele></trkpt>
   <trkpt lat="38.61912" lon="-9.10603"><ele>26.8</ele></trkpt>
   <trkpt lat="38.61890" lon="-9.10587"><ele>28.4</ele></trkpt>
   <trkpt lat="38.61864" lon="-9.10579"><ele>29.8</ele></trkpt>
   <trkpt lat="38.61829" lon="-9.10577"><ele>32.4</ele></trkpt>
   <trkpt lat="38.61797" lon="-9.10576"><ele>33.8</ele></trkpt>
   <trkpt lat="38.61762" lon="-9.10575"><ele>34.0</ele></trkpt>
   <trkpt lat="38.61733" lon="-9.10574"><ele>33.8</ele></trkpt>
   <trkpt lat="38.61702" lon="-9.10575"><ele>33.4</ele></trkpt>
   <trkpt lat="38.61670" lon="-9.10574"><ele>32.4</ele></trkpt>
   <trkpt lat="38.61662" lon="-9.10574"><ele>32.4</ele></trkpt>
   <trkpt lat="38.61636" lon="-9.10581"><ele>31.2</ele></trkpt>
   <trkpt lat="38.61615" lon="-9.10601"><ele>30.4</ele></trkpt>
   <trkpt lat="38.61604" lon="-9.10641"><ele>29.4</ele></trkpt>
   <trkpt lat="38.61601" lon="-9.10678"><ele>28.6</ele></trkpt>
   <trkpt lat="38.61597" lon="-9.10718"><ele>27.4</ele></trkpt>
   <trkpt lat="38.61593" lon="-9.10763"><ele>27.6</ele></trkpt>
   <trkpt lat="38.61588" lon="-9.10808"><ele>27.4</ele></trkpt>
   <trkpt lat="38.61586" lon="-9.10852"><ele>27.0</ele></trkpt>
   <trkpt lat="38.61583" lon="-9.10894"><ele>27.4</ele></trkpt>
   <trkpt lat="38.61578" lon="-9.10934"><ele>27.4</ele></trkpt>
   <trkpt lat="38.61572" lon="-9.10969"><ele>28.2</ele></trkpt>
   <trkpt lat="38.61574" lon="-9.10980"><ele>29.4</ele></trkpt>
   <trkpt lat="38.61569" lon="-9.10993"><ele>29.6</ele></trkpt>
   <trkpt lat="38.61562" lon="-9.10997"><ele>29.8</ele></trkpt>
   <trkpt lat="38.61532" lon="-9.10981"><ele>30.4</ele></trkpt>
   <trkpt lat="38.61520" lon="-9.10976"><ele>30.4</ele></trkpt>
   <trkpt lat="38.61490" lon="-9.10954"><ele>30.4</ele></trkpt>
   <trkpt lat="38.61462" lon="-9.10933"><ele>30.4</ele></trkpt>
   <trkpt lat="38.61434" lon="-9.10913"><ele>30.2</ele></trkpt>
   <trkpt lat="38.61404" lon="-9.10891"><ele>30.0</ele></trkpt>
   <trkpt lat="38.61374" lon="-9.10868"><ele>30.2</ele></trkpt>
   <trkpt lat="38.61343" lon="-9.10846"><ele>30.0</ele></trkpt>
   <trkpt lat="38.61314" lon="-9.10826"><ele>30.0</ele></trkpt>
   <trkpt lat="38.61284" lon="-9.10807"><ele>29.8</ele></trkpt>
   <trkpt lat="38.61255" lon="-9.10786"><ele>29.8</ele></trkpt>
   <trkpt lat="38.61227" lon="-9.10766"><ele>30.0</ele></trkpt>
   <trkpt lat="38.61199" lon="-9.10745"><ele>29.8</ele></trkpt>
   <trkpt lat="38.61194" lon="-9.10741"><ele>29.6</ele></trkpt>
   <trkpt lat="38.61162" lon="-9.10721"><ele>30.2</ele></trkpt>
   <trkpt lat="38.61132" lon="-9.10703"><ele>30.2</ele></trkpt>
   <trkpt lat="38.61120" lon="-9.10697"><ele>30.2</ele></trkpt>
   <trkpt lat="38.61088" lon="-9.10690"><ele>30.0</ele></trkpt>
   <trkpt lat="38.61059" lon="-9.10687"><ele>30.2</ele></trkpt>
   <trkpt lat="38.61030" lon="-9.10683"><ele>30.2</ele></trkpt>
   <trkpt lat="38.61002" lon="-9.10680"><ele>30.4</ele></trkpt>
   <trkpt lat="38.60979" lon="-9.10677"><ele>30.4</ele></trkpt>
   <trkpt lat="38.60944" lon="-9.10678"><ele>30.6</ele></trkpt>
   <trkpt lat="38.60924" lon="-9.10677"><ele>30.8</ele></trkpt>
   <trkpt lat="38.60896" lon="-9.10672"><ele>31.2</ele></trkpt>
   <trkpt lat="38.60867" lon="-9.10668"><ele>31.2</ele></trkpt>
   <trkpt lat="38.60838" lon="-9.10664"><ele>31.4</ele></trkpt>
   <trkpt lat="38.60803" lon="-9.10659"><ele>31.8</ele></trkpt>
   <trkpt lat="38.60769" lon="-9.10656"><ele>32.2</ele></trkpt>
   <trkpt lat="38.60737" lon="-9.10652"><ele>32.8</ele></trkpt>
   <trkpt lat="38.60706" lon="-9.10648"><ele>33.2</ele></trkpt>
   <trkpt lat="38.60671" lon="-9.10643"><ele>33.8</ele></trkpt>
   <trkpt lat="38.60637" lon="-9.10638"><ele>34.4</ele></trkpt>
   <trkpt lat="38.60605" lon="-9.10631"><ele>35.0</ele></trkpt>
   <trkpt lat="38.60599" lon="-9.10630"><ele>35.0</ele></trkpt>
   <trkpt lat="38.60565" lon="-9.10616"><ele>36.4</ele></trkpt>
   <trkpt lat="38.60543" lon="-9.10605"><ele>37.0</ele></trkpt>
   <trkpt lat="38.60515" lon="-9.10590"><ele>37.0</ele></trkpt>
   <trkpt lat="38.60484" lon="-9.10573"><ele>36.8</ele></trkpt>
   <trkpt lat="38.60452" lon="-9.10557"><ele>36.2</ele></trkpt>
   <trkpt lat="38.60419" lon="-9.10540"><ele>35.8</ele></trkpt>
   <trkpt lat="38.60386" lon="-9.10522"><ele>35.6</ele></trkpt>
   <trkpt lat="38.60354" lon="-9.10506"><ele>35.6</ele></trkpt>
   <trkpt lat="38.60322" lon="-9.10489"><ele>35.6</ele></trkpt>
   <trkpt lat="38.60290" lon="-9.10472"><ele>35.2</ele></trkpt>
   <trkpt lat="38.60257" lon="-9.10454"><ele>35.0</ele></trkpt>
   <trkpt lat="38.60243" lon="-9.10447"><ele>35.0</ele></trkpt>
   <trkpt lat="38.60215" lon="-9.10437"><ele>34.8</ele></trkpt>
   <trkpt lat="38.60186" lon="-9.10429"><ele>34.6</ele></trkpt>
   <trkpt lat="38.60157" lon="-9.10427"><ele>34.6</ele></trkpt>
   <trkpt lat="38.60142" lon="-9.10427"><ele>34.6</ele></trkpt>
   <trkpt lat="38.60107" lon="-9.10433"><ele>34.6</ele></trkpt>
   <trkpt lat="38.60100" lon="-9.10434"><ele>34.6</ele></trkpt>
   <trkpt lat="38.60067" lon="-9.10446"><ele>34.6</ele></trkpt>
   <trkpt lat="38.60035" lon="-9.10459"><ele>34.8</ele></trkpt>
   <trkpt lat="38.60005" lon="-9.10470"><ele>35.2</ele></trkpt>
   <trkpt lat="38.59973" lon="-9.10482"><ele>35.4</ele></trkpt>
   <trkpt lat="38.59953" lon="-9.10488"><ele>35.8</ele></trkpt>
   <trkpt lat="38.59934" lon="-9.10501"><ele>35.8</ele></trkpt>
   <trkpt lat="38.59911" lon="-9.10535"><ele>35.8</ele></trkpt>
   <trkpt lat="38.59896" lon="-9.10538"><ele>35.8</ele></trkpt>
   <trkpt lat="38.59867" lon="-9.10532"><ele>35.6</ele></trkpt>
   <trkpt lat="38.59851" lon="-9.10536"><ele>35.4</ele></trkpt>
   <trkpt lat="38.59820" lon="-9.10548"><ele>35.0</ele></trkpt>
   <trkpt lat="38.59791" lon="-9.10559"><ele>34.4</ele></trkpt>
   <trkpt lat="38.59762" lon="-9.10571"><ele>34.2</ele></trkpt>
   <trkpt lat="38.59728" lon="-9.10585"><ele>34.2</ele></trkpt>
   <trkpt lat="38.59694" lon="-9.10599"><ele>34.4</ele></trkpt>
   <trkpt lat="38.59661" lon="-9.10612"><ele>34.8</ele></trkpt>
   <trkpt lat="38.59628" lon="-9.10626"><ele>34.8</ele></trkpt>
   <trkpt lat="38.59595" lon="-9.10640"><ele>35.4</ele></trkpt>
   <trkpt lat="38.59561" lon="-9.10653"><ele>36.0</ele></trkpt>
   <trkpt lat="38.59542" lon="-9.10661"><ele>36.4</ele></trkpt>
   <trkpt lat="38.59509" lon="-9.10675"><ele>36.6</ele></trkpt>
   <trkpt lat="38.59475" lon="-9.10690"><ele>36.8</ele></trkpt>
   <trkpt lat="38.59442" lon="-9.10707"><ele>37.0</ele></trkpt>
   <trkpt lat="38.59409" lon="-9.10725"><ele>37.0</ele></trkpt>
   <trkpt lat="38.59380" lon="-9.10744"><ele>37.4</ele></trkpt>
   <trkpt lat="38.59358" lon="-9.10769"><ele>37.8</ele></trkpt>
   <trkpt lat="38.59347" lon="-9.10774"><ele>38.0</ele></trkpt>
   <trkpt lat="38.59321" lon="-9.10754"><ele>38.4</ele></trkpt>
   <trkpt lat="38.59309" lon="-9.10745"><ele>38.4</ele></trkpt>
   <trkpt lat="38.59278" lon="-9.10730"><ele>38.4</ele></trkpt>
   <trkpt lat="38.59246" lon="-9.10715"><ele>38.2</ele></trkpt>
   <trkpt lat="38.59220" lon="-9.10702"><ele>38.2</ele></trkpt>
   <trkpt lat="38.59189" lon="-9.10682"><ele>38.2</ele></trkpt>
   <trkpt lat="38.59158" lon="-9.10661"><ele>38.4</ele></trkpt>
   <trkpt lat="38.59127" lon="-9.10641"><ele>38.4</ele></trkpt>
   <trkpt lat="38.59097" lon="-9.10622"><ele>38.8</ele></trkpt>
   <trkpt lat="38.59067" lon="-9.10602"><ele>39.0</ele></trkpt>
   <trkpt lat="38.59038" lon="-9.10585"><ele>39.6</ele></trkpt>
   <trkpt lat="38.59026" lon="-9.10576"><ele>39.8</ele></trkpt>
   <trkpt lat="38.59003" lon="-9.10565"><ele>40.2</ele></trkpt>
   <trkpt lat="38.58980" lon="-9.10563"><ele>40.4</ele></trkpt>
   <trkpt lat="38.58955" lon="-9.10532"><ele>41.2</ele></trkpt>
   <trkpt lat="38.58928" lon="-9.10513"><ele>41.6</ele></trkpt>
   <trkpt lat="38.58899" lon="-9.10497"><ele>42.0</ele></trkpt>
   <trkpt lat="38.58871" lon="-9.10482"><ele>42.2</ele></trkpt>
   <trkpt lat="38.58843" lon="-9.10467"><ele>42.8</ele></trkpt>
   <trkpt lat="38.58811" lon="-9.10449"><ele>43.8</ele></trkpt>
   <trkpt lat="38.58780" lon="-9.10434"><ele>45.0</ele></trkpt>
   <trkpt lat="38.58749" lon="-9.10417"><ele>45.6</ele></trkpt>
   <trkpt lat="38.58718" lon="-9.10401"><ele>47.2</ele></trkpt>
   <trkpt lat="38.58687" lon="-9.10383"><ele>47.6</ele></trkpt>
   <trkpt lat="38.58657" lon="-9.10367"><ele>48.6</ele></trkpt>
   <trkpt lat="38.58625" lon="-9.10350"><ele>49.0</ele></trkpt>
   <trkpt lat="38.58592" lon="-9.10336"><ele>49.6</ele></trkpt>
   <trkpt lat="38.58563" lon="-9.10324"><ele>50.0</ele></trkpt>
   <trkpt lat="38.58532" lon="-9.10312"><ele>50.0</ele></trkpt>
   <trkpt lat="38.58501" lon="-9.10299"><ele>49.8</ele></trkpt>
   <trkpt lat="38.58470" lon="-9.10287"><ele>50.0</ele></trkpt>
   <trkpt lat="38.58439" lon="-9.10275"><ele>50.2</ele></trkpt>
   <trkpt lat="38.58408" lon="-9.10262"><ele>50.4</ele></trkpt>
   <trkpt lat="38.58377" lon="-9.10249"><ele>50.4</ele></trkpt>
   <trkpt lat="38.58346" lon="-9.10237"><ele>51.0</ele></trkpt>
   <trkpt lat="38.58316" lon="-9.10225"><ele>51.0</ele></trkpt>
   <trkpt lat="38.58286" lon="-9.10214"><ele>51.6</ele></trkpt>
   <trkpt lat="38.58257" lon="-9.10202"><ele>51.6</ele></trkpt>
   <trkpt lat="38.58239" lon="-9.10196"><ele>51.6</ele></trkpt>
   <trkpt lat="38.58207" lon="-9.10190"><ele>51.6</ele></trkpt>
   <trkpt lat="38.58189" lon="-9.10186"><ele>51.8</ele></trkpt>
   <trkpt lat="38.58158" lon="-9.10188"><ele>52.0</ele></trkpt>
   <trkpt lat="38.58147" lon="-9.10188"><ele>52.0</ele></trkpt>
   <trkpt lat="38.58125" lon="-9.10173"><ele>52.0</ele></trkpt>
   <trkpt lat="38.58094" lon="-9.10163"><ele>52.0</ele></trkpt>
   <trkpt lat="38.58069" lon="-9.10155"><ele>52.2</ele></trkpt>
   <trkpt lat="38.58037" lon="-9.10148"><ele>52.4</ele></trkpt>
   <trkpt lat="38.58007" lon="-9.10141"><ele>52.6</ele></trkpt>
   <trkpt lat="38.57972" lon="-9.10134"><ele>53.4</ele></trkpt>
   <trkpt lat="38.57939" lon="-9.10126"><ele>53.6</ele></trkpt>
   <trkpt lat="38.57934" lon="-9.10125"><ele>53.8</ele></trkpt>
   <trkpt lat="38.57900" lon="-9.10119"><ele>53.8</ele></trkpt>
   <trkpt lat="38.57865" lon="-9.10118"><ele>54.0</ele></trkpt>
   <trkpt lat="38.57860" lon="-9.10118"><ele>54.2</ele></trkpt>
   <trkpt lat="38.57826" lon="-9.10123"><ele>54.4</ele></trkpt>
   <trkpt lat="38.57794" lon="-9.10129"><ele>54.6</ele></trkpt>
   <trkpt lat="38.57762" lon="-9.10134"><ele>55.2</ele></trkpt>
   <trkpt lat="38.57730" lon="-9.10139"><ele>56.4</ele></trkpt>
   <trkpt lat="38.57704" lon="-9.10143"><ele>57.2</ele></trkpt>
   <trkpt lat="38.57671" lon="-9.10143"><ele>57.8</ele></trkpt>
   <trkpt lat="38.57641" lon="-9.10138"><ele>58.2</ele></trkpt>
   <trkpt lat="38.57608" lon="-9.10130"><ele>58.0</ele></trkpt>
   <trkpt lat="38.57578" lon="-9.10124"><ele>58.0</ele></trkpt>
   <trkpt lat="38.57543" lon="-9.10117"><ele>58.0</ele></trkpt>
   <trkpt lat="38.57509" lon="-9.10110"><ele>58.6</ele></trkpt>
   <trkpt lat="38.57475" lon="-9.10103"><ele>59.0</ele></trkpt>
   <trkpt lat="38.57445" lon="-9.10097"><ele>59.0</ele></trkpt>
   <trkpt lat="38.57411" lon="-9.10089"><ele>59.2</ele></trkpt>
   <trkpt lat="38.57381" lon="-9.10083"><ele>59.6</ele></trkpt>
   <trkpt lat="38.57346" lon="-9.10076"><ele>59.8</ele></trkpt>
   <trkpt lat="38.57311" lon="-9.10069"><ele>60.4</ele></trkpt>
   <trkpt lat="38.57277" lon="-9.10061"><ele>60.8</ele></trkpt>
   <trkpt lat="38.57245" lon="-9.10055"><ele>61.4</ele></trkpt>
   <trkpt lat="38.57213" lon="-9.10049"><ele>62.0</ele></trkpt>
   <trkpt lat="38.57180" lon="-9.10042"><ele>62.2</ele></trkpt>
   <trkpt lat="38.57146" lon="-9.10035"><ele>62.4</ele></trkpt>
   <trkpt lat="38.57114" lon="-9.10028"><ele>62.8</ele></trkpt>
   <trkpt lat="38.57081" lon="-9.10022"><ele>62.6</ele></trkpt>
   <trkpt lat="38.57050" lon="-9.10015"><ele>62.8</ele></trkpt>
   <trkpt lat="38.57017" lon="-9.10008"><ele>63.6</ele></trkpt>
   <trkpt lat="38.56986" lon="-9.10002"><ele>64.0</ele></trkpt>
   <trkpt lat="38.56952" lon="-9.09996"><ele>64.2</ele></trkpt>
   <trkpt lat="38.56920" lon="-9.09989"><ele>65.6</ele></trkpt>
   <trkpt lat="38.56886" lon="-9.09982"><ele>66.6</ele></trkpt>
   <trkpt lat="38.56852" lon="-9.09975"><ele>67.8</ele></trkpt>
   <trkpt lat="38.56817" lon="-9.09967"><ele>69.0</ele></trkpt>
   <trkpt lat="38.56782" lon="-9.09960"><ele>70.4</ele></trkpt>
   <trkpt lat="38.56751" lon="-9.09954"><ele>71.6</ele></trkpt>
   <trkpt lat="38.56723" lon="-9.09950"><ele>72.4</ele></trkpt>
   <trkpt lat="38.56690" lon="-9.09950"><ele>73.2</ele></trkpt>
   <trkpt lat="38.56656" lon="-9.09953"><ele>73.8</ele></trkpt>
   <trkpt lat="38.56632" lon="-9.09957"><ele>74.4</ele></trkpt>
   <trkpt lat="38.56602" lon="-9.09966"><ele>74.8</ele></trkpt>
   <trkpt lat="38.56568" lon="-9.09979"><ele>76.4</ele></trkpt>
   <trkpt lat="38.56537" lon="-9.09990"><ele>76.6</ele></trkpt>
   <trkpt lat="38.56506" lon="-9.10002"><ele>76.6</ele></trkpt>
   <trkpt lat="38.56475" lon="-9.10014"><ele>77.2</ele></trkpt>
   <trkpt lat="38.56470" lon="-9.10016"><ele>77.2</ele></trkpt>
   <trkpt lat="38.56436" lon="-9.10025"><ele>78.4</ele></trkpt>
   <trkpt lat="38.56406" lon="-9.10029"><ele>78.8</ele></trkpt>
   <trkpt lat="38.56373" lon="-9.10030"><ele>79.2</ele></trkpt>
   <trkpt lat="38.56338" lon="-9.10031"><ele>79.8</ele></trkpt>
   <trkpt lat="38.56303" lon="-9.10033"><ele>80.6</ele></trkpt>
   <trkpt lat="38.56271" lon="-9.10035"><ele>81.0</ele></trkpt>
   <trkpt lat="38.56238" lon="-9.10036"><ele>81.6</ele></trkpt>
   <trkpt lat="38.56204" lon="-9.10038"><ele>82.0</ele></trkpt>
   <trkpt lat="38.56170" lon="-9.10040"><ele>82.2</ele></trkpt>
   <trkpt lat="38.56137" lon="-9.10042"><ele>82.6</ele></trkpt>
   <trkpt lat="38.56104" lon="-9.10043"><ele>82.8</ele></trkpt>
   <trkpt lat="38.56070" lon="-9.10046"><ele>83.2</ele></trkpt>
   <trkpt lat="38.56035" lon="-9.10048"><ele>83.6</ele></trkpt>
   <trkpt lat="38.56001" lon="-9.10050"><ele>84.2</ele></trkpt>
   <trkpt lat="38.55966" lon="-9.10052"><ele>84.6</ele></trkpt>
   <trkpt lat="38.55931" lon="-9.10054"><ele>84.8</ele></trkpt>
   <trkpt lat="38.55898" lon="-9.10055"><ele>85.2</ele></trkpt>
   <trkpt lat="38.55865" lon="-9.10057"><ele>86.2</ele></trkpt>
   <trkpt lat="38.55830" lon="-9.10060"><ele>86.6</ele></trkpt>
   <trkpt lat="38.55798" lon="-9.10061"><ele>87.8</ele></trkpt>
   <trkpt lat="38.55763" lon="-9.10063"><ele>88.6</ele></trkpt>
   <trkpt lat="38.55729" lon="-9.10065"><ele>89.6</ele></trkpt>
   <trkpt lat="38.55698" lon="-9.10065"><ele>90.4</ele></trkpt>
   <trkpt lat="38.55666" lon="-9.10067"><ele>91.0</ele></trkpt>
   <trkpt lat="38.55631" lon="-9.10069"><ele>92.0</ele></trkpt>
   <trkpt lat="38.55598" lon="-9.10071"><ele>93.0</ele></trkpt>
   <trkpt lat="38.55563" lon="-9.10073"><ele>93.8</ele></trkpt>
   <trkpt lat="38.55533" lon="-9.10075"><ele>94.0</ele></trkpt>
   <trkpt lat="38.55498" lon="-9.10076"><ele>95.0</ele></trkpt>
   <trkpt lat="38.55466" lon="-9.10078"><ele>95.8</ele></trkpt>
   <trkpt lat="38.55432" lon="-9.10080"><ele>96.4</ele></trkpt>
   <trkpt lat="38.55401" lon="-9.10080"><ele>97.8</ele></trkpt>
   <trkpt lat="38.55368" lon="-9.10083"><ele>98.4</ele></trkpt>
   <trkpt lat="38.55333" lon="-9.10084"><ele>99.0</ele></trkpt>
   <trkpt lat="38.55300" lon="-9.10086"><ele>99.6</ele></trkpt>
   <trkpt lat="38.55265" lon="-9.10091"><ele>99.4</ele></trkpt>
   <trkpt lat="38.55256" lon="-9.10092"><ele>99.2</ele></trkpt>
   <trkpt lat="38.55225" lon="-9.10093"><ele>99.0</ele></trkpt>
   <trkpt lat="38.55193" lon="-9.10094"><ele>99.2</ele></trkpt>
   <trkpt lat="38.55162" lon="-9.10092"><ele>99.4</ele></trkpt>
   <trkpt lat="38.55145" lon="-9.10090"><ele>99.4</ele></trkpt>
   <trkpt lat="38.55115" lon="-9.10105"><ele>99.2</ele></trkpt>
   <trkpt lat="38.55101" lon="-9.10109"><ele>99.2</ele></trkpt>
   <trkpt lat="38.55076" lon="-9.10097"><ele>99.2</ele></trkpt>
   <trkpt lat="38.55055" lon="-9.10065"><ele>99.8</ele></trkpt>
   <trkpt lat="38.55049" lon="-9.10060"><ele>100.0</ele></trkpt>
   <trkpt lat="38.55021" lon="-9.10047"><ele>100.2</ele></trkpt>
   <trkpt lat="38.54998" lon="-9.10038"><ele>100.4</ele></trkpt>
   <trkpt lat="38.54965" lon="-9.10028"><ele>100.6</ele></trkpt>
   <trkpt lat="38.54935" lon="-9.10018"><ele>100.6</ele></trkpt>
   <trkpt lat="38.54901" lon="-9.10007"><ele>100.4</ele></trkpt>
   <trkpt lat="38.54871" lon="-9.09996"><ele>100.2</ele></trkpt>
   <trkpt lat="38.54838" lon="-9.09985"><ele>100.2</ele></trkpt>
   <trkpt lat="38.54807" lon="-9.09975"><ele>100.6</ele></trkpt>
   <trkpt lat="38.54773" lon="-9.09964"><ele>101.2</ele></trkpt>
   <trkpt lat="38.54742" lon="-9.09954"><ele>101.4</ele></trkpt>
   <trkpt lat="38.54710" lon="-9.09943"><ele>101.4</ele></trkpt>
   <trkpt lat="38.54679" lon="-9.09933"><ele>101.4</ele></trkpt>
   <trkpt lat="38.54648" lon="-9.09923"><ele>101.6</ele></trkpt>
   <trkpt lat="38.54617" lon="-9.09913"><ele>101.8</ele></trkpt>
   <trkpt lat="38.54585" lon="-9.09903"><ele>101.6</ele></trkpt>
   <trkpt lat="38.54553" lon="-9.09892"><ele>101.8</ele></trkpt>
   <trkpt lat="38.54521" lon="-9.09881"><ele>102.0</ele></trkpt>
   <trkpt lat="38.54489" lon="-9.09871"><ele>102.2</ele></trkpt>
   <trkpt lat="38.54456" lon="-9.09861"><ele>102.0</ele></trkpt>
   <trkpt lat="38.54424" lon="-9.09850"><ele>102.0</ele></trkpt>
   <trkpt lat="38.54390" lon="-9.09839"><ele>101.8</ele></trkpt>
   <trkpt lat="38.54362" lon="-9.09830"><ele>101.8</ele></trkpt>
   <trkpt lat="38.54332" lon="-9.09821"><ele>101.6</ele></trkpt>
   <trkpt lat="38.54310" lon="-9.09813"><ele>101.2</ele></trkpt>
   <trkpt lat="38.54277" lon="-9.09805"><ele>100.6</ele></trkpt>
   <trkpt lat="38.54250" lon="-9.09801"><ele>99.4</ele></trkpt>
   <trkpt lat="38.54223" lon="-9.09798"><ele>99.0</ele></trkpt>
   <trkpt lat="38.54213" lon="-9.09797"><ele>98.8</ele></trkpt>
   <trkpt lat="38.54184" lon="-9.09797"><ele>98.0</ele></trkpt>
   <trkpt lat="38.54154" lon="-9.09799"><ele>96.2</ele></trkpt>
   <trkpt lat="38.54125" lon="-9.09802"><ele>94.8</ele></trkpt>
   <trkpt lat="38.54095" lon="-9.09808"><ele>91.8</ele></trkpt>
   <trkpt lat="38.54065" lon="-9.09817"><ele>90.4</ele></trkpt>
   <trkpt lat="38.54035" lon="-9.09828"><ele>88.8</ele></trkpt>
   <trkpt lat="38.54004" lon="-9.09841"><ele>87.0</ele></trkpt>
   <trkpt lat="38.53971" lon="-9.09857"><ele>84.6</ele></trkpt>
   <trkpt lat="38.53940" lon="-9.09871"><ele>82.6</ele></trkpt>
   <trkpt lat="38.53915" lon="-9.09883"><ele>81.4</ele></trkpt>
   <trkpt lat="38.53891" lon="-9.09894"><ele>80.2</ele></trkpt>
   <trkpt lat="38.53868" lon="-9.09905"><ele>79.2</ele></trkpt>
   <trkpt lat="38.53844" lon="-9.09916"><ele>77.8</ele></trkpt>
   <trkpt lat="38.53822" lon="-9.09926"><ele>76.0</ele></trkpt>
   <trkpt lat="38.53796" lon="-9.09938"><ele>74.2</ele></trkpt>
   <trkpt lat="38.53773" lon="-9.09949"><ele>72.8</ele></trkpt>
   <trkpt lat="38.53748" lon="-9.09960"><ele>71.2</ele></trkpt>
   <trkpt lat="38.53723" lon="-9.09972"><ele>70.0</ele></trkpt>
   <trkpt lat="38.53697" lon="-9.09984"><ele>68.8</ele></trkpt>
   <trkpt lat="38.53672" lon="-9.09996"><ele>67.6</ele></trkpt>
   <trkpt lat="38.53646" lon="-9.10008"><ele>65.8</ele></trkpt>
   <trkpt lat="38.53621" lon="-9.10020"><ele>63.6</ele></trkpt>
   <trkpt lat="38.53596" lon="-9.10031"><ele>62.4</ele></trkpt>
   <trkpt lat="38.53572" lon="-9.10042"><ele>61.4</ele></trkpt>
   <trkpt lat="38.53538" lon="-9.10057"><ele>59.6</ele></trkpt>
   <trkpt lat="38.53504" lon="-9.10070"><ele>57.6</ele></trkpt>
   <trkpt lat="38.53471" lon="-9.10082"><ele>55.8</ele></trkpt>
   <trkpt lat="38.53444" lon="-9.10091"><ele>54.8</ele></trkpt>
   <trkpt lat="38.53417" lon="-9.10100"><ele>54.8</ele></trkpt>
   <trkpt lat="38.53382" lon="-9.10109"><ele>55.0</ele></trkpt>
   <trkpt lat="38.53349" lon="-9.10116"><ele>56.2</ele></trkpt>
   <trkpt lat="38.53316" lon="-9.10122"><ele>57.0</ele></trkpt>
   <trkpt lat="38.53308" lon="-9.10124"><ele>57.0</ele></trkpt>
   <trkpt lat="38.53275" lon="-9.10129"><ele>57.8</ele></trkpt>
   <trkpt lat="38.53243" lon="-9.10133"><ele>58.2</ele></trkpt>
   <trkpt lat="38.53212" lon="-9.10136"><ele>58.2</ele></trkpt>
   <trkpt lat="38.53181" lon="-9.10138"><ele>58.4</ele></trkpt>
   <trkpt lat="38.53150" lon="-9.10139"><ele>58.4</ele></trkpt>
   <trkpt lat="38.53119" lon="-9.10139"><ele>58.8</ele></trkpt>
   <trkpt lat="38.53089" lon="-9.10139"><ele>59.0</ele></trkpt>
   <trkpt lat="38.53083" lon="-9.10139"><ele>59.0</ele></trkpt>
   <trkpt lat="38.53049" lon="-9.10137"><ele>59.6</ele></trkpt>
   <trkpt lat="38.53016" lon="-9.10134"><ele>59.8</ele></trkpt>
   <trkpt lat="38.52987" lon="-9.10133"><ele>60.0</ele></trkpt>
   <trkpt lat="38.52954" lon="-9.10131"><ele>60.4</ele></trkpt>
   <trkpt lat="38.52925" lon="-9.10130"><ele>60.6</ele></trkpt>
   <trkpt lat="38.52893" lon="-9.10128"><ele>60.8</ele></trkpt>
   <trkpt lat="38.52860" lon="-9.10127"><ele>62.2</ele></trkpt>
   <trkpt lat="38.52827" lon="-9.10125"><ele>62.2</ele></trkpt>
   <trkpt lat="38.52795" lon="-9.10123"><ele>61.6</ele></trkpt>
   <trkpt lat="38.52762" lon="-9.10122"><ele>62.0</ele></trkpt>
   <trkpt lat="38.52729" lon="-9.10119"><ele>62.2</ele></trkpt>
   <trkpt lat="38.52696" lon="-9.10118"><ele>62.6</ele></trkpt>
   <trkpt lat="38.52663" lon="-9.10116"><ele>62.8</ele></trkpt>
   <trkpt lat="38.52630" lon="-9.10114"><ele>63.0</ele></trkpt>
   <trkpt lat="38.52597" lon="-9.10112"><ele>63.4</ele></trkpt>
   <trkpt lat="38.52564" lon="-9.10111"><ele>63.6</ele></trkpt>
   <trkpt lat="38.52530" lon="-9.10108"><ele>64.0</ele></trkpt>
   <trkpt lat="38.52496" lon="-9.10107"><ele>64.2</ele></trkpt>
   <trkpt lat="38.52462" lon="-9.10106"><ele>65.0</ele></trkpt>
   <trkpt lat="38.52430" lon="-9.10104"><ele>65.4</ele></trkpt>
   <trkpt lat="38.52399" lon="-9.10102"><ele>66.0</ele></trkpt>
   <trkpt lat="38.52387" lon="-9.10101"><ele>66.2</ele></trkpt>
   <trkpt lat="38.52356" lon="-9.10102"><ele>66.8</ele></trkpt>
   <trkpt lat="38.52324" lon="-9.10106"><ele>67.2</ele></trkpt>
   <trkpt lat="38.52318" lon="-9.10107"><ele>67.4</ele></trkpt>
   <trkpt lat="38.52286" lon="-9.10116"><ele>68.0</ele></trkpt>
   <trkpt lat="38.52280" lon="-9.10117"><ele>68.0</ele></trkpt>
   <trkpt lat="38.52248" lon="-9.10132"><ele>69.4</ele></trkpt>
   <trkpt lat="38.52237" lon="-9.10137"><ele>69.8</ele></trkpt>
   <trkpt lat="38.52209" lon="-9.10154"><ele>71.0</ele></trkpt>
   <trkpt lat="38.52181" lon="-9.10171"><ele>72.0</ele></trkpt>
   <trkpt lat="38.52151" lon="-9.10188"><ele>73.0</ele></trkpt>
   <trkpt lat="38.52119" lon="-9.10205"><ele>74.4</ele></trkpt>
   <trkpt lat="38.52102" lon="-9.10215"><ele>75.2</ele></trkpt>
   <trkpt lat="38.52072" lon="-9.10236"><ele>76.0</ele></trkpt>
   <trkpt lat="38.52042" lon="-9.10258"><ele>77.2</ele></trkpt>
   <trkpt lat="38.52015" lon="-9.10282"><ele>79.0</ele></trkpt>
   <trkpt lat="38.51988" lon="-9.10306"><ele>79.6</ele></trkpt>
   <trkpt lat="38.51960" lon="-9.10331"><ele>80.8</ele></trkpt>
   <trkpt lat="38.51933" lon="-9.10354"><ele>81.6</ele></trkpt>
   <trkpt lat="38.51906" lon="-9.10378"><ele>81.6</ele></trkpt>
   <trkpt lat="38.51879" lon="-9.10402"><ele>82.2</ele></trkpt>
   <trkpt lat="38.51876" lon="-9.10405"><ele>82.4</ele></trkpt>
   <trkpt lat="38.51848" lon="-9.10424"><ele>83.0</ele></trkpt>
   <trkpt lat="38.51816" lon="-9.10441"><ele>83.4</ele></trkpt>
   <trkpt lat="38.51811" lon="-9.10444"><ele>83.4</ele></trkpt>
   <trkpt lat="38.51780" lon="-9.10452"><ele>83.6</ele></trkpt>
   <trkpt lat="38.51775" lon="-9.10453"><ele>83.6</ele></trkpt>
   <trkpt lat="38.51745" lon="-9.10454"><ele>84.4</ele></trkpt>
   <trkpt lat="38.51729" lon="-9.10454"><ele>84.6</ele></trkpt>
   <trkpt lat="38.51694" lon="-9.10450"><ele>85.0</ele></trkpt>
   <trkpt lat="38.51660" lon="-9.10446"><ele>85.8</ele></trkpt>
   <trkpt lat="38.51629" lon="-9.10442"><ele>86.2</ele></trkpt>
   <trkpt lat="38.51594" lon="-9.10438"><ele>86.6</ele></trkpt>
   <trkpt lat="38.51559" lon="-9.10433"><ele>86.8</ele></trkpt>
   <trkpt lat="38.51526" lon="-9.10429"><ele>87.6</ele></trkpt>
   <trkpt lat="38.51493" lon="-9.10426"><ele>87.4</ele></trkpt>
   <trkpt lat="38.51459" lon="-9.10421"><ele>87.2</ele></trkpt>
   <trkpt lat="38.51425" lon="-9.10417"><ele>88.0</ele></trkpt>
   <trkpt lat="38.51390" lon="-9.10413"><ele>88.2</ele></trkpt>
   <trkpt lat="38.51359" lon="-9.10413"><ele>88.2</ele></trkpt>
   <trkpt lat="38.51336" lon="-9.10415"><ele>88.2</ele></trkpt>
   <trkpt lat="38.51304" lon="-9.10422"><ele>88.6</ele></trkpt>
   <trkpt lat="38.51282" lon="-9.10427"><ele>88.8</ele></trkpt>
   <trkpt lat="38.51250" lon="-9.10440"><ele>89.4</ele></trkpt>
   <trkpt lat="38.51216" lon="-9.10454"><ele>90.6</ele></trkpt>
   <trkpt lat="38.51184" lon="-9.10469"><ele>92.2</ele></trkpt>
   <trkpt lat="38.51152" lon="-9.10482"><ele>92.8</ele></trkpt>
   <trkpt lat="38.51119" lon="-9.10497"><ele>93.8</ele></trkpt>
   <trkpt lat="38.51088" lon="-9.10510"><ele>95.4</ele></trkpt>
   <trkpt lat="38.51058" lon="-9.10522"><ele>96.0</ele></trkpt>
   <trkpt lat="38.51053" lon="-9.10524"><ele>96.0</ele></trkpt>
   <trkpt lat="38.51020" lon="-9.10533"><ele>96.4</ele></trkpt>
   <trkpt lat="38.50998" lon="-9.10537"><ele>96.6</ele></trkpt>
   <trkpt lat="38.50968" lon="-9.10538"><ele>96.6</ele></trkpt>
   <trkpt lat="38.50937" lon="-9.10535"><ele>96.6</ele></trkpt>
   <trkpt lat="38.50917" lon="-9.10534"><ele>96.6</ele></trkpt>
   <trkpt lat="38.50885" lon="-9.10530"><ele>96.4</ele></trkpt>
   <trkpt lat="38.50852" lon="-9.10526"><ele>96.4</ele></trkpt>
   <trkpt lat="38.50817" lon="-9.10522"><ele>96.6</ele></trkpt>
   <trkpt lat="38.50782" lon="-9.10518"><ele>96.8</ele></trkpt>
   <trkpt lat="38.50753" lon="-9.10515"><ele>97.0</ele></trkpt>
   <trkpt lat="38.50724" lon="-9.10512"><ele>97.0</ele></trkpt>
   <trkpt lat="38.50695" lon="-9.10508"><ele>97.0</ele></trkpt>
   <trkpt lat="38.50666" lon="-9.10506"><ele>96.8</ele></trkpt>
   <trkpt lat="38.50631" lon="-9.10503"><ele>97.0</ele></trkpt>
   <trkpt lat="38.50597" lon="-9.10499"><ele>97.0</ele></trkpt>
   <trkpt lat="38.50563" lon="-9.10495"><ele>96.8</ele></trkpt>
   <trkpt lat="38.50534" lon="-9.10492"><ele>96.8</ele></trkpt>
   <trkpt lat="38.50500" lon="-9.10488"><ele>96.0</ele></trkpt>
   <trkpt lat="38.50469" lon="-9.10485"><ele>96.6</ele></trkpt>
   <trkpt lat="38.50434" lon="-9.10481"><ele>97.2</ele></trkpt>
   <trkpt lat="38.50404" lon="-9.10477"><ele>97.8</ele></trkpt>
   <trkpt lat="38.50369" lon="-9.10474"><ele>98.6</ele></trkpt>
   <trkpt lat="38.50335" lon="-9.10470"><ele>99.4</ele></trkpt>
   <trkpt lat="38.50302" lon="-9.10467"><ele>99.6</ele></trkpt>
   <trkpt lat="38.50271" lon="-9.10463"><ele>99.8</ele></trkpt>
   <trkpt lat="38.50237" lon="-9.10459"><ele>100.2</ele></trkpt>
   <trkpt lat="38.50204" lon="-9.10456"><ele>101.0</ele></trkpt>
   <trkpt lat="38.50172" lon="-9.10454"><ele>101.6</ele></trkpt>
   <trkpt lat="38.50140" lon="-9.10450"><ele>102.0</ele></trkpt>
   <trkpt lat="38.50106" lon="-9.10446"><ele>102.2</ele></trkpt>
   <trkpt lat="38.50073" lon="-9.10443"><ele>103.0</ele></trkpt>
   <trkpt lat="38.50039" lon="-9.10439"><ele>104.0</ele></trkpt>
   <trkpt lat="38.50007" lon="-9.10436"><ele>104.8</ele></trkpt>
   <trkpt lat="38.49974" lon="-9.10432"><ele>105.2</ele></trkpt>
   <trkpt lat="38.49940" lon="-9.10429"><ele>105.6</ele></trkpt>
   <trkpt lat="38.49907" lon="-9.10425"><ele>106.2</ele></trkpt>
   <trkpt lat="38.49875" lon="-9.10422"><ele>106.4</ele></trkpt>
   <trkpt lat="38.49870" lon="-9.10421"><ele>106.4</ele></trkpt>
   <trkpt lat="38.49838" lon="-9.10418"><ele>106.8</ele></trkpt>
   <trkpt lat="38.49805" lon="-9.10417"><ele>107.0</ele></trkpt>
   <trkpt lat="38.49785" lon="-9.10417"><ele>107.0</ele></trkpt>
   <trkpt lat="38.49753" lon="-9.10419"><ele>107.0</ele></trkpt>
   <trkpt lat="38.49721" lon="-9.10423"><ele>107.0</ele></trkpt>
   <trkpt lat="38.49694" lon="-9.10426"><ele>107.0</ele></trkpt>
   <trkpt lat="38.49659" lon="-9.10432"><ele>107.0</ele></trkpt>
   <trkpt lat="38.49624" lon="-9.10437"><ele>106.8</ele></trkpt>
   <trkpt lat="38.49595" lon="-9.10441"><ele>107.0</ele></trkpt>
   <trkpt lat="38.49565" lon="-9.10446"><ele>107.4</ele></trkpt>
   <trkpt lat="38.49530" lon="-9.10451"><ele>108.4</ele></trkpt>
   <trkpt lat="38.49498" lon="-9.10456"><ele>109.2</ele></trkpt>
   <trkpt lat="38.49468" lon="-9.10460"><ele>110.0</ele></trkpt>
   <trkpt lat="38.49436" lon="-9.10465"><ele>110.8</ele></trkpt>
   <trkpt lat="38.49401" lon="-9.10470"><ele>111.4</ele></trkpt>
   <trkpt lat="38.49371" lon="-9.10474"><ele>111.6</ele></trkpt>
   <trkpt lat="38.49339" lon="-9.10479"><ele>111.8</ele></trkpt>
   <trkpt lat="38.49308" lon="-9.10484"><ele>111.6</ele></trkpt>
   <trkpt lat="38.49277" lon="-9.10488"><ele>111.4</ele></trkpt>
   <trkpt lat="38.49245" lon="-9.10493"><ele>110.8</ele></trkpt>
   <trkpt lat="38.49217" lon="-9.10498"><ele>110.0</ele></trkpt>
   <trkpt lat="38.49188" lon="-9.10502"><ele>109.8</ele></trkpt>
   <trkpt lat="38.49158" lon="-9.10506"><ele>109.6</ele></trkpt>
   <trkpt lat="38.49125" lon="-9.10515"><ele>109.6</ele></trkpt>
   <trkpt lat="38.49093" lon="-9.10521"><ele>110.0</ele></trkpt>
   <trkpt lat="38.49060" lon="-9.10526"><ele>111.0</ele></trkpt>
   <trkpt lat="38.49054" lon="-9.10528"><ele>111.0</ele></trkpt>
   <trkpt lat="38.49027" lon="-9.10552"><ele>111.4</ele></trkpt>
   <trkpt lat="38.49021" lon="-9.10554"><ele>111.4</ele></trkpt>
   <trkpt lat="38.48991" lon="-9.10540"><ele>111.8</ele></trkpt>
   <trkpt lat="38.48986" lon="-9.10538"><ele>111.8</ele></trkpt>
   <trkpt lat="38.48973" lon="-9.10537"><ele>112.0</ele></trkpt>
   <trkpt lat="38.48940" lon="-9.10541"><ele>112.8</ele></trkpt>
   <trkpt lat="38.48910" lon="-9.10543"><ele>113.6</ele></trkpt>
   <trkpt lat="38.48877" lon="-9.10548"><ele>114.6</ele></trkpt>
   <trkpt lat="38.48842" lon="-9.10553"><ele>115.2</ele></trkpt>
   <trkpt lat="38.48809" lon="-9.10556"><ele>115.8</ele></trkpt>
   <trkpt lat="38.48778" lon="-9.10557"><ele>116.2</ele></trkpt>
   <trkpt lat="38.48763" lon="-9.10557"><ele>117.0</ele></trkpt>
   <trkpt lat="38.48728" lon="-9.10553"><ele>118.2</ele></trkpt>
   <trkpt lat="38.48696" lon="-9.10546"><ele>119.6</ele></trkpt>
   <trkpt lat="38.48664" lon="-9.10538"><ele>121.0</ele></trkpt>
   <trkpt lat="38.48656" lon="-9.10536"><ele>121.0</ele></trkpt>
   <trkpt lat="38.48623" lon="-9.10526"><ele>121.8</ele></trkpt>
   <trkpt lat="38.48591" lon="-9.10516"><ele>122.8</ele></trkpt>
   <trkpt lat="38.48559" lon="-9.10505"><ele>124.0</ele></trkpt>
   <trkpt lat="38.48527" lon="-9.10496"><ele>124.4</ele></trkpt>
   <trkpt lat="38.48495" lon="-9.10486"><ele>124.8</ele></trkpt>
   <trkpt lat="38.48464" lon="-9.10476"><ele>125.2</ele></trkpt>
   <trkpt lat="38.48429" lon="-9.10466"><ele>125.6</ele></trkpt>
   <trkpt lat="38.48395" lon="-9.10456"><ele>126.0</ele></trkpt>
   <trkpt lat="38.48362" lon="-9.10447"><ele>126.6</ele></trkpt>
   <trkpt lat="38.48330" lon="-9.10436"><ele>127.2</ele></trkpt>
   <trkpt lat="38.48296" lon="-9.10426"><ele>128.4</ele></trkpt>
   <trkpt lat="38.48269" lon="-9.10418"><ele>129.6</ele></trkpt>
   <trkpt lat="38.48239" lon="-9.10415"><ele>130.6</ele></trkpt>
   <trkpt lat="38.48229" lon="-9.10403"><ele>131.4</ele></trkpt>
   <trkpt lat="38.48239" lon="-9.10363"><ele>132.2</ele></trkpt>
   <trkpt lat="38.48239" lon="-9.10358"><ele>132.2</ele></trkpt>
   <trkpt lat="38.48228" lon="-9.10351"><ele>132.6</ele></trkpt>
   <trkpt lat="38.48241" lon="-9.10368"><ele>134.4</ele></trkpt>
   <trkpt lat="38.48248" lon="-9.10393"><ele>134.2</ele></trkpt>
   <trkpt lat="38.48248" lon="-9.10410"><ele>134.2</ele></trkpt>
   <trkpt lat="38.48241" lon="-9.10416"><ele>134.2</ele></trkpt>
   <trkpt lat="38.48211" lon="-9.10405"><ele>134.6</ele></trkpt>
   <trkpt lat="38.48178" lon="-9.10398"><ele>135.2</ele></trkpt>
   <trkpt lat="38.48154" lon="-9.10393"><ele>136.8</ele></trkpt>
   <trkpt lat="38.48121" lon="-9.10392"><ele>137.6</ele></trkpt>
   <trkpt lat="38.48087" lon="-9.10393"><ele>139.6</ele></trkpt>
   <trkpt lat="38.48084" lon="-9.10393"><ele>139.8</ele></trkpt>
   <trkpt lat="38.48051" lon="-9.10400"><ele>141.4</ele></trkpt>
   <trkpt lat="38.48016" lon="-9.10408"><ele>143.0</ele></trkpt>
   <trkpt lat="38.47983" lon="-9.10416"><ele>144.2</ele></trkpt>
   <trkpt lat="38.47948" lon="-9.10424"><ele>146.0</ele></trkpt>
   <trkpt lat="38.47914" lon="-9.10431"><ele>147.6</ele></trkpt>
   <trkpt lat="38.47911" lon="-9.10431"><ele>148.0</ele></trkpt>
   <trkpt lat="38.47878" lon="-9.10445"><ele>150.6</ele></trkpt>
   <trkpt lat="38.47865" lon="-9.10451"><ele>151.6</ele></trkpt>
   <trkpt lat="38.47836" lon="-9.10448"><ele>152.4</ele></trkpt>
   <trkpt lat="38.47802" lon="-9.10457"><ele>154.0</ele></trkpt>
   <trkpt lat="38.47767" lon="-9.10465"><ele>155.4</ele></trkpt>
   <trkpt lat="38.47733" lon="-9.10475"><ele>157.2</ele></trkpt>
   <trkpt lat="38.47700" lon="-9.10485"><ele>158.6</ele></trkpt>
   <trkpt lat="38.47665" lon="-9.10494"><ele>160.6</ele></trkpt>
   <trkpt lat="38.47659" lon="-9.10496"><ele>161.0</ele></trkpt>
   <trkpt lat="38.47626" lon="-9.10502"><ele>162.6</ele></trkpt>
   <trkpt lat="38.47593" lon="-9.10506"><ele>164.4</ele></trkpt>
   <trkpt lat="38.47587" lon="-9.10507"><ele>164.6</ele></trkpt>
   <trkpt lat="38.47555" lon="-9.10506"><ele>166.4</ele></trkpt>
   <trkpt lat="38.47530" lon="-9.10495"><ele>167.4</ele></trkpt>
   <trkpt lat="38.47502" lon="-9.10467"><ele>169.0</ele></trkpt>
   <trkpt lat="38.47475" lon="-9.10437"><ele>169.8</ele></trkpt>
   <trkpt lat="38.47455" lon="-9.10413"><ele>170.4</ele></trkpt>
   <trkpt lat="38.47433" lon="-9.10384"><ele>170.8</ele></trkpt>
   <trkpt lat="38.47412" lon="-9.10350"><ele>171.0</ele></trkpt>
   <trkpt lat="38.47409" lon="-9.10346"><ele>171.2</ele></trkpt>
   <trkpt lat="38.47391" lon="-9.10314"><ele>171.4</ele></trkpt>
   <trkpt lat="38.47373" lon="-9.10279"><ele>171.2</ele></trkpt>
   <trkpt lat="38.47353" lon="-9.10244"><ele>171.2</ele></trkpt>
   <trkpt lat="38.47346" lon="-9.10233"><ele>171.2</ele></trkpt>
   <trkpt lat="38.47322" lon="-9.10203"><ele>171.4</ele></trkpt>
   <trkpt lat="38.47315" lon="-9.10194"><ele>171.2</ele></trkpt>
   <trkpt lat="38.47287" lon="-9.10173"><ele>171.0</ele></trkpt>
   <trkpt lat="38.47280" lon="-9.10163"><ele>171.0</ele></trkpt>
   <trkpt lat="38.47283" lon="-9.10151"><ele>170.8</ele></trkpt>
   <trkpt lat="38.47303" lon="-9.10134"><ele>171.0</ele></trkpt>
   <trkpt lat="38.47311" lon="-9.10120"><ele>171.6</ele></trkpt>
   <trkpt lat="38.47316" lon="-9.10077"><ele>173.2</ele></trkpt>
   <trkpt lat="38.47317" lon="-9.10035"><ele>174.4</ele></trkpt>
   <trkpt lat="38.47318" lon="-9.09994"><ele>175.6</ele></trkpt>
   <trkpt lat="38.47320" lon="-9.09975"><ele>175.8</ele></trkpt>
   <trkpt lat="38.47329" lon="-9.09931"><ele>175.4</ele></trkpt>
   <trkpt lat="38.47335" lon="-9.09903"><ele>175.2</ele></trkpt>
   <trkpt lat="38.47332" lon="-9.09862"><ele>173.0</ele></trkpt>
   <trkpt lat="38.47328" lon="-9.09824"><ele>172.2</ele></trkpt>
   <trkpt lat="38.47323" lon="-9.09782"><ele>171.6</ele></trkpt>
   <trkpt lat="38.47321" lon="-9.09756"><ele>170.8</ele></trkpt>
   <trkpt lat="38.47320" lon="-9.09716"><ele>170.0</ele></trkpt>
   <trkpt lat="38.47320" lon="-9.09675"><ele>168.4</ele></trkpt>
   <trkpt lat="38.47317" lon="-9.09630"><ele>167.6</ele></trkpt>
   <trkpt lat="38.47316" lon="-9.09600"><ele>166.8</ele></trkpt>
   <trkpt lat="38.47316" lon="-9.09561"><ele>165.0</ele></trkpt>
   <trkpt lat="38.47319" lon="-9.09517"><ele>164.0</ele></trkpt>
   <trkpt lat="38.47320" lon="-9.09477"><ele>163.8</ele></trkpt>
   <trkpt lat="38.47322" lon="-9.09432"><ele>163.6</ele></trkpt>
   <trkpt lat="38.47325" lon="-9.09388"><ele>164.0</ele></trkpt>
   <trkpt lat="38.47326" lon="-9.09344"><ele>164.0</ele></trkpt>
   <trkpt lat="38.47326" lon="-9.09337"><ele>164.0</ele></trkpt>
   <trkpt lat="38.47331" lon="-9.09294"><ele>164.0</ele></trkpt>
   <trkpt lat="38.47335" lon="-9.09252"><ele>163.8</ele></trkpt>
   <trkpt lat="38.47334" lon="-9.09214"><ele>162.2</ele></trkpt>
   <trkpt lat="38.47334" lon="-9.09194"><ele>161.2</ele></trkpt>
   <trkpt lat="38.47330" lon="-9.09157"><ele>160.0</ele></trkpt>
   <trkpt lat="38.47329" lon="-9.09148"><ele>159.6</ele></trkpt>
   <trkpt lat="38.47320" lon="-9.09122"><ele>158.4</ele></trkpt>
   <trkpt lat="38.47304" lon="-9.09085"><ele>156.4</ele></trkpt>
   <trkpt lat="38.47289" lon="-9.09047"><ele>153.6</ele></trkpt>
   <trkpt lat="38.47274" lon="-9.09010"><ele>151.8</ele></trkpt>
   <trkpt lat="38.47259" lon="-9.08974"><ele>151.0</ele></trkpt>
   <trkpt lat="38.47245" lon="-9.08941"><ele>150.0</ele></trkpt>
   <trkpt lat="38.47233" lon="-9.08906"><ele>149.4</ele></trkpt>
   <trkpt lat="38.47222" lon="-9.08870"><ele>149.2</ele></trkpt>
   <trkpt lat="38.47210" lon="-9.08834"><ele>149.0</ele></trkpt>
   <trkpt lat="38.47198" lon="-9.08798"><ele>148.0</ele></trkpt>
   <trkpt lat="38.47196" lon="-9.08790"><ele>147.8</ele></trkpt>
   <trkpt lat="38.47182" lon="-9.08752"><ele>147.8</ele></trkpt>
   <trkpt lat="38.47166" lon="-9.08713"><ele>147.6</ele></trkpt>
   <trkpt lat="38.47158" lon="-9.08689"><ele>148.0</ele></trkpt>
   <trkpt lat="38.47141" lon="-9.08654"><ele>148.2</ele></trkpt>
   <trkpt lat="38.47135" lon="-9.08643"><ele>148.4</ele></trkpt>
   <trkpt lat="38.47117" lon="-9.08629"><ele>149.2</ele></trkpt>
   <trkpt lat="38.47118" lon="-9.08608"><ele>149.2</ele></trkpt>
   <trkpt lat="38.47133" lon="-9.08595"><ele>149.0</ele></trkpt>
   <trkpt lat="38.47150" lon="-9.08570"><ele>148.6</ele></trkpt>
   <trkpt lat="38.47169" lon="-9.08534"><ele>148.2</ele></trkpt>
   <trkpt lat="38.47190" lon="-9.08497"><ele>147.8</ele></trkpt>
   <trkpt lat="38.47207" lon="-9.08465"><ele>146.8</ele></trkpt>
   <trkpt lat="38.47224" lon="-9.08433"><ele>145.4</ele></trkpt>
   <trkpt lat="38.47241" lon="-9.08401"><ele>144.6</ele></trkpt>
   <trkpt lat="38.47259" lon="-9.08368"><ele>144.0</ele></trkpt>
   <trkpt lat="38.47277" lon="-9.08335"><ele>142.2</ele></trkpt>
   <trkpt lat="38.47295" lon="-9.08302"><ele>141.0</ele></trkpt>
   <trkpt lat="38.47314" lon="-9.08269"><ele>140.2</ele></trkpt>
   <trkpt lat="38.47332" lon="-9.08236"><ele>139.0</ele></trkpt>
   <trkpt lat="38.47349" lon="-9.08202"><ele>137.4</ele></trkpt>
   <trkpt lat="38.47366" lon="-9.08171"><ele>136.4</ele></trkpt>
   <trkpt lat="38.47387" lon="-9.08134"><ele>135.2</ele></trkpt>
   <trkpt lat="38.47406" lon="-9.08098"><ele>135.0</ele></trkpt>
   <trkpt lat="38.47427" lon="-9.08062"><ele>135.0</ele></trkpt>
   <trkpt lat="38.47448" lon="-9.08025"><ele>135.0</ele></trkpt>
   <trkpt lat="38.47463" lon="-9.07993"><ele>135.2</ele></trkpt>
   <trkpt lat="38.47481" lon="-9.07964"><ele>135.2</ele></trkpt>
   <trkpt lat="38.47500" lon="-9.07926"><ele>135.2</ele></trkpt>
   <trkpt lat="38.47520" lon="-9.07889"><ele>135.0</ele></trkpt>
   <trkpt lat="38.47540" lon="-9.07852"><ele>135.2</ele></trkpt>
   <trkpt lat="38.47556" lon="-9.07822"><ele>135.0</ele></trkpt>
   <trkpt lat="38.47577" lon="-9.07792"><ele>134.8</ele></trkpt>
   <trkpt lat="38.47598" lon="-9.07759"><ele>135.6</ele></trkpt>
   <trkpt lat="38.47621" lon="-9.07726"><ele>135.8</ele></trkpt>
   <trkpt lat="38.47643" lon="-9.07691"><ele>135.8</ele></trkpt>
   <trkpt lat="38.47665" lon="-9.07659"><ele>136.2</ele></trkpt>
   <trkpt lat="38.47687" lon="-9.07626"><ele>137.4</ele></trkpt>
   <trkpt lat="38.47709" lon="-9.07594"><ele>138.2</ele></trkpt>
   <trkpt lat="38.47731" lon="-9.07561"><ele>139.6</ele></trkpt>
   <trkpt lat="38.47743" lon="-9.07545"><ele>140.0</ele></trkpt>
   <trkpt lat="38.47767" lon="-9.07520"><ele>140.6</ele></trkpt>
   <trkpt lat="38.47796" lon="-9.07497"><ele>140.6</ele></trkpt>
   <trkpt lat="38.47822" lon="-9.07477"><ele>140.4</ele></trkpt>
   <trkpt lat="38.47848" lon="-9.07457"><ele>140.2</ele></trkpt>
   <trkpt lat="38.47876" lon="-9.07435"><ele>140.4</ele></trkpt>
   <trkpt lat="38.47903" lon="-9.07415"><ele>140.4</ele></trkpt>
   <trkpt lat="38.47934" lon="-9.07393"><ele>140.6</ele></trkpt>
   <trkpt lat="38.47962" lon="-9.07371"><ele>140.2</ele></trkpt>
   <trkpt lat="38.47966" lon="-9.07368"><ele>140.0</ele></trkpt>
   <trkpt lat="38.47995" lon="-9.07354"><ele>140.2</ele></trkpt>
   <trkpt lat="38.48000" lon="-9.07352"><ele>140.2</ele></trkpt>
   <trkpt lat="38.48033" lon="-9.07345"><ele>140.2</ele></trkpt>
   <trkpt lat="38.48067" lon="-9.07339"><ele>140.2</ele></trkpt>
   <trkpt lat="38.48090" lon="-9.07334"><ele>140.0</ele></trkpt>
   <trkpt lat="38.48120" lon="-9.07312"><ele>140.4</ele></trkpt>
   <trkpt lat="38.48137" lon="-9.07276"><ele>140.8</ele></trkpt>
   <trkpt lat="38.48151" lon="-9.07241"><ele>140.4</ele></trkpt>
   <trkpt lat="38.48165" lon="-9.07206"><ele>140.0</ele></trkpt>
   <trkpt lat="38.48180" lon="-9.07166"><ele>140.0</ele></trkpt>
   <trkpt lat="38.48197" lon="-9.07126"><ele>141.2</ele></trkpt>
   <trkpt lat="38.48212" lon="-9.07087"><ele>142.8</ele></trkpt>
   <trkpt lat="38.48228" lon="-9.07048"><ele>144.2</ele></trkpt>
   <trkpt lat="38.48244" lon="-9.07008"><ele>146.2</ele></trkpt>
   <trkpt lat="38.48259" lon="-9.06971"><ele>148.0</ele></trkpt>
   <trkpt lat="38.48275" lon="-9.06931"><ele>149.2</ele></trkpt>
   <trkpt lat="38.48289" lon="-9.06893"><ele>150.8</ele></trkpt>
   <trkpt lat="38.48305" lon="-9.06854"><ele>151.2</ele></trkpt>
   <trkpt lat="38.48320" lon="-9.06818"><ele>151.2</ele></trkpt>
   <trkpt lat="38.48335" lon="-9.06779"><ele>151.4</ele></trkpt>
   <trkpt lat="38.48351" lon="-9.06740"><ele>151.6</ele></trkpt>
   <trkpt lat="38.48365" lon="-9.06705"><ele>151.8</ele></trkpt>
   <trkpt lat="38.48375" lon="-9.06680"><ele>152.0</ele></trkpt>
   <trkpt lat="38.48394" lon="-9.06643"><ele>152.0</ele></trkpt>
   <trkpt lat="38.48397" lon="-9.06639"><ele>152.0</ele></trkpt>
   <trkpt lat="38.48425" lon="-9.06611"><ele>153.2</ele></trkpt>
   <trkpt lat="38.48453" lon="-9.06588"><ele>154.6</ele></trkpt>
   <trkpt lat="38.48481" lon="-9.06564"><ele>156.6</ele></trkpt>
   <trkpt lat="38.48509" lon="-9.06540"><ele>159.0</ele></trkpt>
   <trkpt lat="38.48537" lon="-9.06516"><ele>161.0</ele></trkpt>
   <trkpt lat="38.48564" lon="-9.06492"><ele>162.8</ele></trkpt>
   <trkpt lat="38.48593" lon="-9.06466"><ele>164.8</ele></trkpt>
   <trkpt lat="38.48620" lon="-9.06443"><ele>166.4</ele></trkpt>
   <trkpt lat="38.48626" lon="-9.06438"><ele>166.6</ele></trkpt>
   <trkpt lat="38.48649" lon="-9.06404"><ele>166.6</ele></trkpt>
   <trkpt lat="38.48669" lon="-9.06372"><ele>166.6</ele></trkpt>
   <trkpt lat="38.48692" lon="-9.06337"><ele>166.2</ele></trkpt>
   <trkpt lat="38.48713" lon="-9.06303"><ele>166.0</ele></trkpt>
   <trkpt lat="38.48735" lon="-9.06268"><ele>164.8</ele></trkpt>
   <trkpt lat="38.48755" lon="-9.06238"><ele>164.0</ele></trkpt>
   <trkpt lat="38.48775" lon="-9.06207"><ele>163.0</ele></trkpt>
   <trkpt lat="38.48794" lon="-9.06176"><ele>162.4</ele></trkpt>
   <trkpt lat="38.48812" lon="-9.06152"><ele>161.6</ele></trkpt>
   <trkpt lat="38.48838" lon="-9.06126"><ele>160.6</ele></trkpt>
   <trkpt lat="38.48864" lon="-9.06099"><ele>159.2</ele></trkpt>
   <trkpt lat="38.48888" lon="-9.06076"><ele>158.2</ele></trkpt>
   <trkpt lat="38.48914" lon="-9.06052"><ele>157.2</ele></trkpt>
   <trkpt lat="38.48940" lon="-9.06025"><ele>156.4</ele></trkpt>
   <trkpt lat="38.48965" lon="-9.06000"><ele>154.0</ele></trkpt>
   <trkpt lat="38.48991" lon="-9.05974"><ele>152.4</ele></trkpt>
   <trkpt lat="38.49017" lon="-9.05948"><ele>150.4</ele></trkpt>
   <trkpt lat="38.49043" lon="-9.05922"><ele>147.8</ele></trkpt>
   <trkpt lat="38.49070" lon="-9.05895"><ele>145.6</ele></trkpt>
   <trkpt lat="38.49096" lon="-9.05869"><ele>144.8</ele></trkpt>
   <trkpt lat="38.49123" lon="-9.05843"><ele>142.6</ele></trkpt>
   <trkpt lat="38.49144" lon="-9.05822"><ele>141.6</ele></trkpt>
   <trkpt lat="38.49170" lon="-9.05804"><ele>139.6</ele></trkpt>
   <trkpt lat="38.49191" lon="-9.05798"><ele>138.8</ele></trkpt>
   <trkpt lat="38.49226" lon="-9.05800"><ele>138.2</ele></trkpt>
   <trkpt lat="38.49261" lon="-9.05806"><ele>137.2</ele></trkpt>
   <trkpt lat="38.49284" lon="-9.05807"><ele>135.2</ele></trkpt>
   <trkpt lat="38.49308" lon="-9.05802"><ele>134.2</ele></trkpt>
   <trkpt lat="38.49317" lon="-9.05793"><ele>133.4</ele></trkpt>
   <trkpt lat="38.49324" lon="-9.05781"><ele>132.6</ele></trkpt>
   <trkpt lat="38.49327" lon="-9.05737"><ele>130.2</ele></trkpt>
   <trkpt lat="38.49332" lon="-9.05695"><ele>127.0</ele></trkpt>
   <trkpt lat="38.49347" lon="-9.05658"><ele>125.0</ele></trkpt>
   <trkpt lat="38.49357" lon="-9.05635"><ele>123.6</ele></trkpt>
   <trkpt lat="38.49362" lon="-9.05610"><ele>122.8</ele></trkpt>
   <trkpt lat="38.49361" lon="-9.05584"><ele>122.0</ele></trkpt>
   <trkpt lat="38.49351" lon="-9.05549"><ele>120.2</ele></trkpt>
   <trkpt lat="38.49343" lon="-9.05517"><ele>118.4</ele></trkpt>
   <trkpt lat="38.49345" lon="-9.05495"><ele>117.4</ele></trkpt>
   <trkpt lat="38.49354" lon="-9.05477"><ele>116.6</ele></trkpt>
   <trkpt lat="38.49375" lon="-9.05459"><ele>115.2</ele></trkpt>
   <trkpt lat="38.49400" lon="-9.05447"><ele>114.0</ele></trkpt>
   <trkpt lat="38.49426" lon="-9.05433"><ele>112.2</ele></trkpt>
   <trkpt lat="38.49444" lon="-9.05430"><ele>111.8</ele></trkpt>
   <trkpt lat="38.49471" lon="-9.05435"><ele>110.4</ele></trkpt>
   <trkpt lat="38.49498" lon="-9.05442"><ele>108.2</ele></trkpt>
   <trkpt lat="38.49531" lon="-9.05449"><ele>106.6</ele></trkpt>
   <trkpt lat="38.49561" lon="-9.05457"><ele>104.8</ele></trkpt>
   <trkpt lat="38.49592" lon="-9.05465"><ele>103.2</ele></trkpt>
   <trkpt lat="38.49620" lon="-9.05473"><ele>101.6</ele></trkpt>
   <trkpt lat="38.49629" lon="-9.05475"><ele>101.2</ele></trkpt>
   <trkpt lat="38.49663" lon="-9.05474"><ele>100.6</ele></trkpt>
   <trkpt lat="38.49694" lon="-9.05461"><ele>100.8</ele></trkpt>
   <trkpt lat="38.49725" lon="-9.05445"><ele>102.6</ele></trkpt>
   <trkpt lat="38.49755" lon="-9.05430"><ele>105.0</ele></trkpt>
   <trkpt lat="38.49775" lon="-9.05414"><ele>106.2</ele></trkpt>
   <trkpt lat="38.49784" lon="-9.05393"><ele>107.0</ele></trkpt>
   <trkpt lat="38.49785" lon="-9.05369"><ele>107.6</ele></trkpt>
   <trkpt lat="38.49780" lon="-9.05325"><ele>110.0</ele></trkpt>
   <trkpt lat="38.49777" lon="-9.05282"><ele>111.6</ele></trkpt>
   <trkpt lat="38.49773" lon="-9.05237"><ele>113.4</ele></trkpt>
   <trkpt lat="38.49768" lon="-9.05193"><ele>114.8</ele></trkpt>
   <trkpt lat="38.49764" lon="-9.05151"><ele>115.6</ele></trkpt>
   <trkpt lat="38.49764" lon="-9.05146"><ele>115.6</ele></trkpt>
   <trkpt lat="38.49772" lon="-9.05105"><ele>116.8</ele></trkpt>
   <trkpt lat="38.49773" lon="-9.05101"><ele>116.8</ele></trkpt>
   <trkpt lat="38.49785" lon="-9.05061"><ele>118.4</ele></trkpt>
   <trkpt lat="38.49797" lon="-9.05020"><ele>118.8</ele></trkpt>
   <trkpt lat="38.49808" lon="-9.04981"><ele>119.6</ele></trkpt>
   <trkpt lat="38.49819" lon="-9.04939"><ele>120.8</ele></trkpt>
   <trkpt lat="38.49831" lon="-9.04896"><ele>122.2</ele></trkpt>
   <trkpt lat="38.49838" lon="-9.04877"><ele>123.2</ele></trkpt>
   <trkpt lat="38.49859" lon="-9.04855"><ele>124.4</ele></trkpt>
   <trkpt lat="38.49892" lon="-9.04842"><ele>125.4</ele></trkpt>
   <trkpt lat="38.49926" lon="-9.04829"><ele>127.0</ele></trkpt>
   <trkpt lat="38.49930" lon="-9.04828"><ele>127.0</ele></trkpt>
   <trkpt lat="38.49961" lon="-9.04813"><ele>127.6</ele></trkpt>
   <trkpt lat="38.49981" lon="-9.04801"><ele>127.8</ele></trkpt>
   <trkpt lat="38.50010" lon="-9.04774"><ele>128.0</ele></trkpt>
   <trkpt lat="38.50038" lon="-9.04749"><ele>127.2</ele></trkpt>
   <trkpt lat="38.50066" lon="-9.04721"><ele>126.4</ele></trkpt>
   <trkpt lat="38.50092" lon="-9.04697"><ele>125.8</ele></trkpt>
   <trkpt lat="38.50119" lon="-9.04671"><ele>124.8</ele></trkpt>
   <trkpt lat="38.50125" lon="-9.04666"><ele>124.8</ele></trkpt>
   <trkpt lat="38.50153" lon="-9.04638"><ele>124.0</ele></trkpt>
   <trkpt lat="38.50168" lon="-9.04620"><ele>124.0</ele></trkpt>
   <trkpt lat="38.50188" lon="-9.04590"><ele>124.0</ele></trkpt>
   <trkpt lat="38.50211" lon="-9.04559"><ele>124.0</ele></trkpt>
   <trkpt lat="38.50232" lon="-9.04527"><ele>124.2</ele></trkpt>
   <trkpt lat="38.50255" lon="-9.04494"><ele>124.2</ele></trkpt>
   <trkpt lat="38.50279" lon="-9.04461"><ele>124.2</ele></trkpt>
   <trkpt lat="38.50302" lon="-9.04429"><ele>124.0</ele></trkpt>
   <trkpt lat="38.50324" lon="-9.04398"><ele>124.6</ele></trkpt>
   <trkpt lat="38.50348" lon="-9.04365"><ele>124.6</ele></trkpt>
   <trkpt lat="38.50368" lon="-9.04335"><ele>124.6</ele></trkpt>
   <trkpt lat="38.50390" lon="-9.04304"><ele>124.4</ele></trkpt>
   <trkpt lat="38.50414" lon="-9.04271"><ele>123.8</ele></trkpt>
   <trkpt lat="38.50437" lon="-9.04237"><ele>123.4</ele></trkpt>
   <trkpt lat="38.50461" lon="-9.04204"><ele>122.6</ele></trkpt>
   <trkpt lat="38.50483" lon="-9.04172"><ele>122.2</ele></trkpt>
   <trkpt lat="38.50506" lon="-9.04139"><ele>122.0</ele></trkpt>
   <trkpt lat="38.50529" lon="-9.04107"><ele>121.0</ele></trkpt>
   <trkpt lat="38.50538" lon="-9.04094"><ele>120.8</ele></trkpt>
   <trkpt lat="38.50558" lon="-9.04063"><ele>120.2</ele></trkpt>
   <trkpt lat="38.50579" lon="-9.04027"><ele>119.8</ele></trkpt>
   <trkpt lat="38.50600" lon="-9.03997"><ele>119.4</ele></trkpt>
   <trkpt lat="38.50611" lon="-9.03979"><ele>119.2</ele></trkpt>
   <trkpt lat="38.50634" lon="-9.03950"><ele>119.0</ele></trkpt>
   <trkpt lat="38.50658" lon="-9.03924"><ele>118.8</ele></trkpt>
   <trkpt lat="38.50666" lon="-9.03912"><ele>118.6</ele></trkpt>
   <trkpt lat="38.50673" lon="-9.03885"><ele>118.4</ele></trkpt>
   <trkpt lat="38.50673" lon="-9.03844"><ele>118.0</ele></trkpt>
   <trkpt lat="38.50674" lon="-9.03831"><ele>118.0</ele></trkpt>
   <trkpt lat="38.50688" lon="-9.03793"><ele>118.2</ele></trkpt>
   <trkpt lat="38.50706" lon="-9.03759"><ele>118.4</ele></trkpt>
   <trkpt lat="38.50723" lon="-9.03719"><ele>118.2</ele></trkpt>
   <trkpt lat="38.50726" lon="-9.03710"><ele>118.0</ele></trkpt>
   <trkpt lat="38.50729" lon="-9.03672"><ele>117.2</ele></trkpt>
   <trkpt lat="38.50728" lon="-9.03663"><ele>117.0</ele></trkpt>
   <trkpt lat="38.50714" lon="-9.03623"><ele>116.2</ele></trkpt>
   <trkpt lat="38.50711" lon="-9.03616"><ele>116.0</ele></trkpt>
   <trkpt lat="38.50699" lon="-9.03596"><ele>115.4</ele></trkpt>
   <trkpt lat="38.50675" lon="-9.03567"><ele>114.6</ele></trkpt>
   <trkpt lat="38.50651" lon="-9.03539"><ele>114.2</ele></trkpt>
   <trkpt lat="38.50626" lon="-9.03511"><ele>113.4</ele></trkpt>
   <trkpt lat="38.50600" lon="-9.03481"><ele>112.6</ele></trkpt>
   <trkpt lat="38.50574" lon="-9.03452"><ele>111.6</ele></trkpt>
   <trkpt lat="38.50561" lon="-9.03432"><ele>111.4</ele></trkpt>
   <trkpt lat="38.50556" lon="-9.03409"><ele>111.2</ele></trkpt>
   <trkpt lat="38.50568" lon="-9.03369"><ele>111.2</ele></trkpt>
   <trkpt lat="38.50571" lon="-9.03351"><ele>111.8</ele></trkpt>
   <trkpt lat="38.50564" lon="-9.03323"><ele>112.8</ele></trkpt>
   <trkpt lat="38.50538" lon="-9.03313"><ele>115.2</ele></trkpt>
   <trkpt lat="38.50503" lon="-9.03311"><ele>117.2</ele></trkpt>
   <trkpt lat="38.50493" lon="-9.03306"><ele>117.4</ele></trkpt>
   <trkpt lat="38.50466" lon="-9.03279"><ele>117.8</ele></trkpt>
   <trkpt lat="38.50444" lon="-9.03252"><ele>117.2</ele></trkpt>
   <trkpt lat="38.50440" lon="-9.03247"><ele>117.2</ele></trkpt>
   <trkpt lat="38.50419" lon="-9.03233"><ele>116.6</ele></trkpt>
   <trkpt lat="38.50386" lon="-9.03223"><ele>116.4</ele></trkpt>
   <trkpt lat="38.50351" lon="-9.03220"><ele>116.4</ele></trkpt>
   <trkpt lat="38.50339" lon="-9.03216"><ele>116.8</ele></trkpt>
   <trkpt lat="38.50312" lon="-9.03192"><ele>117.4</ele></trkpt>
   <trkpt lat="38.50287" lon="-9.03170"><ele>118.0</ele></trkpt>
   <trkpt lat="38.50261" lon="-9.03146"><ele>118.2</ele></trkpt>
   <trkpt lat="38.50233" lon="-9.03120"><ele>118.4</ele></trkpt>
   <trkpt lat="38.50205" lon="-9.03096"><ele>118.6</ele></trkpt>
   <trkpt lat="38.50178" lon="-9.03072"><ele>118.4</ele></trkpt>
   <trkpt lat="38.50161" lon="-9.03055"><ele>118.4</ele></trkpt>
   <trkpt lat="38.50130" lon="-9.03032"><ele>118.4</ele></trkpt>
   <trkpt lat="38.50099" lon="-9.03009"><ele>119.0</ele></trkpt>
   <trkpt lat="38.50088" lon="-9.03002"><ele>119.0</ele></trkpt>
   <trkpt lat="38.50061" lon="-9.02972"><ele>119.2</ele></trkpt>
   <trkpt lat="38.50034" lon="-9.02943"><ele>118.8</ele></trkpt>
   <trkpt lat="38.50005" lon="-9.02929"><ele>119.2</ele></trkpt>
   <trkpt lat="38.49978" lon="-9.02918"><ele>119.2</ele></trkpt>
   <trkpt lat="38.49948" lon="-9.02897"><ele>119.2</ele></trkpt>
   <trkpt lat="38.49917" lon="-9.02878"><ele>119.4</ele></trkpt>
   <trkpt lat="38.49882" lon="-9.02869"><ele>119.4</ele></trkpt>
   <trkpt lat="38.49876" lon="-9.02867"><ele>119.6</ele></trkpt>
   <trkpt lat="38.49843" lon="-9.02862"><ele>120.2</ele></trkpt>
   <trkpt lat="38.49820" lon="-9.02861"><ele>120.8</ele></trkpt>
   <trkpt lat="38.49788" lon="-9.02867"><ele>121.6</ele></trkpt>
   <trkpt lat="38.49755" lon="-9.02876"><ele>122.0</ele></trkpt>
   <trkpt lat="38.49750" lon="-9.02877"><ele>122.0</ele></trkpt>
   <trkpt lat="38.49719" lon="-9.02891"><ele>122.2</ele></trkpt>
   <trkpt lat="38.49690" lon="-9.02907"><ele>122.4</ele></trkpt>
   <trkpt lat="38.49662" lon="-9.02923"><ele>122.4</ele></trkpt>
   <trkpt lat="38.49630" lon="-9.02942"><ele>122.8</ele></trkpt>
   <trkpt lat="38.49602" lon="-9.02957"><ele>122.8</ele></trkpt>
   <trkpt lat="38.49573" lon="-9.02971"><ele>123.0</ele></trkpt>
   <trkpt lat="38.49567" lon="-9.02973"><ele>123.2</ele></trkpt>
   <trkpt lat="38.49532" lon="-9.02978"><ele>123.2</ele></trkpt>
   <trkpt lat="38.49516" lon="-9.02978"><ele>123.2</ele></trkpt>
   <trkpt lat="38.49484" lon="-9.02976"><ele>123.4</ele></trkpt>
   <trkpt lat="38.49451" lon="-9.02974"><ele>124.2</ele></trkpt>
   <trkpt lat="38.49418" lon="-9.02972"><ele>124.8</ele></trkpt>
   <trkpt lat="38.49386" lon="-9.02971"><ele>124.6</ele></trkpt>
   <trkpt lat="38.49377" lon="-9.02972"><ele>124.6</ele></trkpt>
   <trkpt lat="38.49345" lon="-9.02964"><ele>125.2</ele></trkpt>
   <trkpt lat="38.49317" lon="-9.02945"><ele>126.0</ele></trkpt>
   <trkpt lat="38.49313" lon="-9.02942"><ele>126.2</ele></trkpt>
   <trkpt lat="38.49292" lon="-9.02911"><ele>127.0</ele></trkpt>
   <trkpt lat="38.49269" lon="-9.02880"><ele>127.8</ele></trkpt>
   <trkpt lat="38.49246" lon="-9.02848"><ele>128.4</ele></trkpt>
   <trkpt lat="38.49224" lon="-9.02816"><ele>129.0</ele></trkpt>
   <trkpt lat="38.49216" lon="-9.02804"><ele>129.2</ele></trkpt>
   <trkpt lat="38.49195" lon="-9.02787"><ele>130.0</ele></trkpt>
   <trkpt lat="38.49182" lon="-9.02785"><ele>130.4</ele></trkpt>
   <trkpt lat="38.49150" lon="-9.02790"><ele>131.2</ele></trkpt>
   <trkpt lat="38.49122" lon="-9.02797"><ele>132.0</ele></trkpt>
   <trkpt lat="38.49090" lon="-9.02811"><ele>132.6</ele></trkpt>
   <trkpt lat="38.49086" lon="-9.02812"><ele>132.6</ele></trkpt>
   <trkpt lat="38.49053" lon="-9.02828"><ele>133.4</ele></trkpt>
   <trkpt lat="38.49022" lon="-9.02842"><ele>133.6</ele></trkpt>
   <trkpt lat="38.48990" lon="-9.02858"><ele>134.0</ele></trkpt>
   <trkpt lat="38.48958" lon="-9.02872"><ele>134.8</ele></trkpt>
   <trkpt lat="38.48927" lon="-9.02886"><ele>136.0</ele></trkpt>
   <trkpt lat="38.48894" lon="-9.02902"><ele>136.6</ele></trkpt>
   <trkpt lat="38.48862" lon="-9.02917"><ele>137.2</ele></trkpt>
   <trkpt lat="38.48831" lon="-9.02931"><ele>137.8</ele></trkpt>
   <trkpt lat="38.48801" lon="-9.02945"><ele>138.6</ele></trkpt>
   <trkpt lat="38.48768" lon="-9.02961"><ele>139.2</ele></trkpt>
   <trkpt lat="38.48736" lon="-9.02977"><ele>141.0</ele></trkpt>
   <trkpt lat="38.48720" lon="-9.02984"><ele>141.6</ele></trkpt>
   <trkpt lat="38.48687" lon="-9.02994"><ele>143.4</ele></trkpt>
   <trkpt lat="38.48653" lon="-9.03002"><ele>144.8</ele></trkpt>
   <trkpt lat="38.48620" lon="-9.03009"><ele>145.2</ele></trkpt>
   <trkpt lat="38.48586" lon="-9.03016"><ele>145.8</ele></trkpt>
   <trkpt lat="38.48560" lon="-9.03007"><ele>146.4</ele></trkpt>
   <trkpt lat="38.48535" lon="-9.02979"><ele>147.0</ele></trkpt>
   <trkpt lat="38.48511" lon="-9.02951"><ele>148.8</ele></trkpt>
   <trkpt lat="38.48487" lon="-9.02922"><ele>151.0</ele></trkpt>
   <trkpt lat="38.48474" lon="-9.02908"><ele>152.4</ele></trkpt>
   <trkpt lat="38.48445" lon="-9.02901"><ele>153.2</ele></trkpt>
   <trkpt lat="38.48417" lon="-9.02913"><ele>153.0</ele></trkpt>
   <trkpt lat="38.48389" lon="-9.02934"><ele>151.8</ele></trkpt>
   <trkpt lat="38.48360" lon="-9.02955"><ele>150.4</ele></trkpt>
   <trkpt lat="38.48355" lon="-9.02959"><ele>150.0</ele></trkpt>
   <trkpt lat="38.48329" lon="-9.02976"><ele>148.2</ele></trkpt>
   <trkpt lat="38.48305" lon="-9.02987"><ele>146.6</ele></trkpt>
   <trkpt lat="38.48278" lon="-9.02990"><ele>145.2</ele></trkpt>
   <trkpt lat="38.48243" lon="-9.02992"><ele>143.8</ele></trkpt>
   <trkpt lat="38.48213" lon="-9.02994"><ele>143.0</ele></trkpt>
   <trkpt lat="38.48178" lon="-9.02996"><ele>142.2</ele></trkpt>
   <trkpt lat="38.48144" lon="-9.02999"><ele>145.0</ele></trkpt>
   <trkpt lat="38.48119" lon="-9.03000"><ele>147.4</ele></trkpt>
   <trkpt lat="38.48086" lon="-9.03001"><ele>149.2</ele></trkpt>
   <trkpt lat="38.48054" lon="-9.03000"><ele>149.4</ele></trkpt>
   <trkpt lat="38.48023" lon="-9.03000"><ele>148.8</ele></trkpt>
   <trkpt lat="38.47989" lon="-9.03001"><ele>147.0</ele></trkpt>
   <trkpt lat="38.47957" lon="-9.03000"><ele>145.0</ele></trkpt>
   <trkpt lat="38.47924" lon="-9.03000"><ele>142.8</ele></trkpt>
   <trkpt lat="38.47890" lon="-9.03000"><ele>140.8</ele></trkpt>
   <trkpt lat="38.47858" lon="-9.03000"><ele>140.6</ele></trkpt>
   <trkpt lat="38.47824" lon="-9.03002"><ele>143.6</ele></trkpt>
   <trkpt lat="38.47804" lon="-9.03002"><ele>145.0</ele></trkpt>
   <trkpt lat="38.47771" lon="-9.02999"><ele>145.8</ele></trkpt>
   <trkpt lat="38.47747" lon="-9.02998"><ele>145.8</ele></trkpt>
   <trkpt lat="38.47713" lon="-9.02994"><ele>145.2</ele></trkpt>
   <trkpt lat="38.47679" lon="-9.02991"><ele>144.6</ele></trkpt>
   <trkpt lat="38.47644" lon="-9.02989"><ele>144.8</ele></trkpt>
   <trkpt lat="38.47611" lon="-9.02986"><ele>145.6</ele></trkpt>
   <trkpt lat="38.47576" lon="-9.02983"><ele>148.2</ele></trkpt>
   <trkpt lat="38.47542" lon="-9.02980"><ele>152.0</ele></trkpt>
   <trkpt lat="38.47509" lon="-9.02976"><ele>155.0</ele></trkpt>
   <trkpt lat="38.47488" lon="-9.02976"><ele>157.4</ele></trkpt>
   <trkpt lat="38.47458" lon="-9.02957"><ele>161.0</ele></trkpt>
   <trkpt lat="38.47436" lon="-9.02946"><ele>163.0</ele></trkpt>
   <trkpt lat="38.47401" lon="-9.02948"><ele>166.2</ele></trkpt>
   <trkpt lat="38.47367" lon="-9.02950"><ele>169.6</ele></trkpt>
   <trkpt lat="38.47365" lon="-9.02950"><ele>169.6</ele></trkpt>
   <trkpt lat="38.47331" lon="-9.02945"><ele>173.0</ele></trkpt>
   <trkpt lat="38.47302" lon="-9.02941"><ele>174.0</ele></trkpt>
   <trkpt lat="38.47268" lon="-9.02951"><ele>173.8</ele></trkpt>
   <trkpt lat="38.47256" lon="-9.02956"><ele>174.0</ele></trkpt>
   <trkpt lat="38.47225" lon="-9.02975"><ele>175.0</ele></trkpt>
   <trkpt lat="38.47194" lon="-9.02993"><ele>177.2</ele></trkpt>
   <trkpt lat="38.47163" lon="-9.03011"><ele>180.8</ele></trkpt>
   <trkpt lat="38.47132" lon="-9.03027"><ele>184.6</ele></trkpt>
   <trkpt lat="38.47109" lon="-9.03041"><ele>188.2</ele></trkpt>
   <trkpt lat="38.47089" lon="-9.03044"><ele>190.6</ele></trkpt>
   <trkpt lat="38.47073" lon="-9.03033"><ele>192.4</ele></trkpt>
   <trkpt lat="38.47057" lon="-9.02993"><ele>196.0</ele></trkpt>
   <trkpt lat="38.47055" lon="-9.02988"><ele>196.4</ele></trkpt>
   <trkpt lat="38.47035" lon="-9.02958"><ele>199.4</ele></trkpt>
   <trkpt lat="38.47006" lon="-9.02933"><ele>203.0</ele></trkpt>
   <trkpt lat="38.46978" lon="-9.02908"><ele>206.6</ele></trkpt>
   <trkpt lat="38.46951" lon="-9.02883"><ele>211.4</ele></trkpt>
   <trkpt lat="38.46947" lon="-9.02879"><ele>211.8</ele></trkpt>
   <trkpt lat="38.46925" lon="-9.02846"><ele>214.4</ele></trkpt>
   <trkpt lat="38.46917" lon="-9.02836"><ele>215.0</ele></trkpt>
   <trkpt lat="38.46890" lon="-9.02811"><ele>216.0</ele></trkpt>
   <trkpt lat="38.46875" lon="-9.02796"><ele>217.0</ele></trkpt>
   <trkpt lat="38.46863" lon="-9.02777"><ele>217.8</ele></trkpt>
   <trkpt lat="38.46851" lon="-9.02737"><ele>219.4</ele></trkpt>
   <trkpt lat="38.46848" lon="-9.02731"><ele>219.8</ele></trkpt>
   <trkpt lat="38.46828" lon="-9.02708"><ele>220.6</ele></trkpt>
   <trkpt lat="38.46814" lon="-9.02703"><ele>221.0</ele></trkpt>
   <trkpt lat="38.46781" lon="-9.02702"><ele>221.8</ele></trkpt>
   <trkpt lat="38.46748" lon="-9.02700"><ele>223.4</ele></trkpt>
   <trkpt lat="38.46713" lon="-9.02699"><ele>226.2</ele></trkpt>
   <trkpt lat="38.46678" lon="-9.02698"><ele>229.0</ele></trkpt>
   <trkpt lat="38.46643" lon="-9.02695"><ele>231.4</ele></trkpt>
   <trkpt lat="38.46609" lon="-9.02694"><ele>234.4</ele></trkpt>
   <trkpt lat="38.46589" lon="-9.02693"><ele>235.8</ele></trkpt>
   <trkpt lat="38.46556" lon="-9.02696"><ele>238.4</ele></trkpt>
   <trkpt lat="38.46522" lon="-9.02701"><ele>240.2</ele></trkpt>
   <trkpt lat="38.46488" lon="-9.02706"><ele>240.4</ele></trkpt>
   <trkpt lat="38.46456" lon="-9.02710"><ele>240.8</ele></trkpt>
   <trkpt lat="38.46438" lon="-9.02710"><ele>240.8</ele></trkpt>
   <trkpt lat="38.46408" lon="-9.02700"><ele>240.8</ele></trkpt>
   <trkpt lat="38.46377" lon="-9.02687"><ele>240.8</ele></trkpt>
   <trkpt lat="38.46346" lon="-9.02674"><ele>240.6</ele></trkpt>
   <trkpt lat="38.46332" lon="-9.02667"><ele>240.6</ele></trkpt>
   <trkpt lat="38.46301" lon="-9.02646"><ele>240.0</ele></trkpt>
   <trkpt lat="38.46274" lon="-9.02624"><ele>239.2</ele></trkpt>
   <trkpt lat="38.46246" lon="-9.02602"><ele>238.8</ele></trkpt>
   <trkpt lat="38.46217" lon="-9.02580"><ele>238.4</ele></trkpt>
   <trkpt lat="38.46187" lon="-9.02557"><ele>238.0</ele></trkpt>
   <trkpt lat="38.46158" lon="-9.02536"><ele>237.4</ele></trkpt>
   <trkpt lat="38.46131" lon="-9.02515"><ele>237.2</ele></trkpt>
   <trkpt lat="38.46108" lon="-9.02497"><ele>236.8</ele></trkpt>
   <trkpt lat="38.46085" lon="-9.02466"><ele>236.6</ele></trkpt>
   <trkpt lat="38.46069" lon="-9.02437"><ele>236.2</ele></trkpt>
   <trkpt lat="38.46056" lon="-9.02399"><ele>235.8</ele></trkpt>
   <trkpt lat="38.46044" lon="-9.02360"><ele>235.4</ele></trkpt>
   <trkpt lat="38.46033" lon="-9.02322"><ele>235.0</ele></trkpt>
   <trkpt lat="38.46030" lon="-9.02277"><ele>234.4</ele></trkpt>
   <trkpt lat="38.46028" lon="-9.02236"><ele>233.8</ele></trkpt>
   <trkpt lat="38.46026" lon="-9.02191"><ele>234.0</ele></trkpt>
   <trkpt lat="38.46023" lon="-9.02149"><ele>235.8</ele></trkpt>
   <trkpt lat="38.46020" lon="-9.02106"><ele>237.2</ele></trkpt>
   <trkpt lat="38.46019" lon="-9.02062"><ele>239.8</ele></trkpt>
   <trkpt lat="38.46016" lon="-9.02017"><ele>242.6</ele></trkpt>
   <trkpt lat="38.46015" lon="-9.02013"><ele>242.8</ele></trkpt>
   <trkpt lat="38.46016" lon="-9.01968"><ele>244.8</ele></trkpt>
   <trkpt lat="38.46015" lon="-9.01925"><ele>247.2</ele></trkpt>
   <trkpt lat="38.46016" lon="-9.01882"><ele>249.2</ele></trkpt>
   <trkpt lat="38.46017" lon="-9.01838"><ele>251.2</ele></trkpt>
   <trkpt lat="38.46019" lon="-9.01815"><ele>252.8</ele></trkpt>
   <trkpt lat="38.46029" lon="-9.01774"><ele>254.6</ele></trkpt>
   <trkpt lat="38.46035" lon="-9.01760"><ele>255.2</ele></trkpt>
   <trkpt lat="38.46061" lon="-9.01734"><ele>259.0</ele></trkpt>
   <trkpt lat="38.46082" lon="-9.01711"><ele>261.0</ele></trkpt>
   <trkpt lat="38.46098" lon="-9.01674"><ele>263.0</ele></trkpt>
   <trkpt lat="38.46102" lon="-9.01666"><ele>263.4</ele></trkpt>
   <trkpt lat="38.46112" lon="-9.01625"><ele>264.8</ele></trkpt>
   <trkpt lat="38.46104" lon="-9.01600"><ele>265.4</ele></trkpt>
   <trkpt lat="38.46091" lon="-9.01589"><ele>265.8</ele></trkpt>
   <trkpt lat="38.46075" lon="-9.01591"><ele>267.2</ele></trkpt>
   <trkpt lat="38.46045" lon="-9.01610"><ele>268.2</ele></trkpt>
   <trkpt lat="38.46013" lon="-9.01608"><ele>269.0</ele></trkpt>
   <trkpt lat="38.45996" lon="-9.01589"><ele>270.4</ele></trkpt>
   <trkpt lat="38.45991" lon="-9.01556"><ele>272.2</ele></trkpt>
   <trkpt lat="38.45997" lon="-9.01514"><ele>274.2</ele></trkpt>
   <trkpt lat="38.46000" lon="-9.01496"><ele>275.0</ele></trkpt>
   <trkpt lat="38.46020" lon="-9.01459"><ele>277.2</ele></trkpt>
   <trkpt lat="38.46037" lon="-9.01424"><ele>277.6</ele></trkpt>
   <trkpt lat="38.46041" lon="-9.01416"><ele>277.6</ele></trkpt>
   <trkpt lat="38.46053" lon="-9.01375"><ele>277.4</ele></trkpt>
   <trkpt lat="38.46062" lon="-9.01338"><ele>277.0</ele></trkpt>
   <trkpt lat="38.46064" lon="-9.01330"><ele>277.0</ele></trkpt>
   <trkpt lat="38.46072" lon="-9.01292"><ele>276.6</ele></trkpt>
   <trkpt lat="38.46079" lon="-9.01252"><ele>276.2</ele></trkpt>
   <trkpt lat="38.46087" lon="-9.01208"><ele>276.0</ele></trkpt>
   <trkpt lat="38.46094" lon="-9.01166"><ele>276.4</ele></trkpt>
   <trkpt lat="38.46101" lon="-9.01128"><ele>277.8</ele></trkpt>
   <trkpt lat="38.46105" lon="-9.01085"><ele>278.8</ele></trkpt>
   <trkpt lat="38.46107" lon="-9.01043"><ele>280.0</ele></trkpt>
   <trkpt lat="38.46108" lon="-9.01033"><ele>280.4</ele></trkpt>
   <trkpt lat="38.46113" lon="-9.01013"><ele>280.8</ele></trkpt>
   <trkpt lat="38.46122" lon="-9.00985"><ele>281.6</ele></trkpt>
   <trkpt lat="38.46139" lon="-9.00968"><ele>282.6</ele></trkpt>
   <trkpt lat="38.46160" lon="-9.00964"><ele>284.0</ele></trkpt>
   <trkpt lat="38.46192" lon="-9.00980"><ele>286.0</ele></trkpt>
   <trkpt lat="38.46213" lon="-9.00988"><ele>286.6</ele></trkpt>
   <trkpt lat="38.46230" lon="-9.00983"><ele>287.2</ele></trkpt>
   <trkpt lat="38.46241" lon="-9.00968"><ele>287.8</ele></trkpt>
   <trkpt lat="38.46250" lon="-9.00930"><ele>288.6</ele></trkpt>
   <trkpt lat="38.46252" lon="-9.00912"><ele>288.4</ele></trkpt>
   <trkpt lat="38.46237" lon="-9.00872"><ele>287.6</ele></trkpt>
   <trkpt lat="38.46229" lon="-9.00848"><ele>286.6</ele></trkpt>
   <trkpt lat="38.46227" lon="-9.00810"><ele>285.2</ele></trkpt>
   <trkpt lat="38.46228" lon="-9.00802"><ele>285.2</ele></trkpt>
   <trkpt lat="38.46242" lon="-9.00767"><ele>283.8</ele></trkpt>
   <trkpt lat="38.46245" lon="-9.00761"><ele>283.8</ele></trkpt>
   <trkpt lat="38.46272" lon="-9.00733"><ele>282.4</ele></trkpt>
   <trkpt lat="38.46299" lon="-9.00707"><ele>282.0</ele></trkpt>
   <trkpt lat="38.46303" lon="-9.00703"><ele>282.0</ele></trkpt>
   <trkpt lat="38.46314" lon="-9.00686"><ele>282.0</ele></trkpt>
   <trkpt lat="38.46316" lon="-9.00651"><ele>282.4</ele></trkpt>
   <trkpt lat="38.46301" lon="-9.00616"><ele>282.8</ele></trkpt>
   <trkpt lat="38.46299" lon="-9.00610"><ele>282.8</ele></trkpt>
   <trkpt lat="38.46295" lon="-9.00575"><ele>282.8</ele></trkpt>
   <trkpt lat="38.46301" lon="-9.00545"><ele>282.0</ele></trkpt>
   <trkpt lat="38.46320" lon="-9.00510"><ele>280.6</ele></trkpt>
   <trkpt lat="38.46339" lon="-9.00475"><ele>279.6</ele></trkpt>
   <trkpt lat="38.46360" lon="-9.00446"><ele>278.8</ele></trkpt>
   <trkpt lat="38.46387" lon="-9.00417"><ele>278.6</ele></trkpt>
   <trkpt lat="38.46413" lon="-9.00392"><ele>278.8</ele></trkpt>
   <trkpt lat="38.46441" lon="-9.00366"><ele>279.0</ele></trkpt>
   <trkpt lat="38.46466" lon="-9.00340"><ele>279.6</ele></trkpt>
   <trkpt lat="38.46486" lon="-9.00316"><ele>280.2</ele></trkpt>
   <trkpt lat="38.46514" lon="-9.00292"><ele>281.2</ele></trkpt>
   <trkpt lat="38.46540" lon="-9.00272"><ele>281.6</ele></trkpt>
   <trkpt lat="38.46566" lon="-9.00247"><ele>282.2</ele></trkpt>
   <trkpt lat="38.46586" lon="-9.00226"><ele>282.8</ele></trkpt>
   <trkpt lat="38.46607" lon="-9.00192"><ele>283.0</ele></trkpt>
   <trkpt lat="38.46624" lon="-9.00156"><ele>283.2</ele></trkpt>
   <trkpt lat="38.46643" lon="-9.00123"><ele>283.8</ele></trkpt>
   <trkpt lat="38.46655" lon="-9.00103"><ele>283.8</ele></trkpt>
   <trkpt lat="38.46678" lon="-9.00077"><ele>284.2</ele></trkpt>
   <trkpt lat="38.46702" lon="-9.00047"><ele>284.8</ele></trkpt>
   <trkpt lat="38.46726" lon="-9.00015"><ele>284.4</ele></trkpt>
   <trkpt lat="38.46750" lon="-8.99984"><ele>283.8</ele></trkpt>
   <trkpt lat="38.46773" lon="-8.99955"><ele>283.0</ele></trkpt>
   <trkpt lat="38.46797" lon="-8.99923"><ele>282.2</ele></trkpt>
   <trkpt lat="38.46822" lon="-8.99893"><ele>281.6</ele></trkpt>
   <trkpt lat="38.46852" lon="-8.99875"><ele>280.0</ele></trkpt>
   <trkpt lat="38.46884" lon="-8.99868"><ele>278.8</ele></trkpt>
   <trkpt lat="38.46890" lon="-8.99867"><ele>278.6</ele></trkpt>
   <trkpt lat="38.46906" lon="-8.99868"><ele>277.8</ele></trkpt>
   <trkpt lat="38.46934" lon="-8.99892"><ele>276.2</ele></trkpt>
   <trkpt lat="38.46952" lon="-8.99919"><ele>276.2</ele></trkpt>
   <trkpt lat="38.46966" lon="-8.99959"><ele>277.6</ele></trkpt>
   <trkpt lat="38.46972" lon="-8.99982"><ele>278.4</ele></trkpt>
   <trkpt lat="38.46982" lon="-9.00025"><ele>280.2</ele></trkpt>
   <trkpt lat="38.46990" lon="-9.00060"><ele>281.8</ele></trkpt>
   <trkpt lat="38.46995" lon="-9.00101"><ele>285.6</ele></trkpt>
   <trkpt lat="38.46997" lon="-9.00145"><ele>287.8</ele></trkpt>
   <trkpt lat="38.47002" lon="-9.00170"><ele>288.8</ele></trkpt>
   <trkpt lat="38.47010" lon="-9.00182"><ele>289.0</ele></trkpt>
   <trkpt lat="38.47026" lon="-9.00185"><ele>289.8</ele></trkpt>
   <trkpt lat="38.47058" lon="-9.00167"><ele>290.2</ele></trkpt>
   <trkpt lat="38.47065" lon="-9.00163"><ele>290.4</ele></trkpt>
   <trkpt lat="38.47091" lon="-9.00144"><ele>290.2</ele></trkpt>
   <trkpt lat="38.47118" lon="-9.00117"><ele>290.0</ele></trkpt>
   <trkpt lat="38.47130" lon="-9.00104"><ele>289.8</ele></trkpt>
   <trkpt lat="38.47154" lon="-9.00073"><ele>289.2</ele></trkpt>
   <trkpt lat="38.47158" lon="-9.00067"><ele>289.2</ele></trkpt>
   <trkpt lat="38.47171" lon="-9.00034"><ele>289.0</ele></trkpt>
   <trkpt lat="38.47174" lon="-8.99991"><ele>288.8</ele></trkpt>
   <trkpt lat="38.47171" lon="-8.99951"><ele>288.8</ele></trkpt>
   <trkpt lat="38.47172" lon="-8.99913"><ele>288.4</ele></trkpt>
   <trkpt lat="38.47174" lon="-8.99877"><ele>287.8</ele></trkpt>
   <trkpt lat="38.47174" lon="-8.99836"><ele>286.2</ele></trkpt>
   <trkpt lat="38.47174" lon="-8.99791"><ele>284.0</ele></trkpt>
   <trkpt lat="38.47172" lon="-8.99755"><ele>283.0</ele></trkpt>
   <trkpt lat="38.47170" lon="-8.99710"><ele>281.0</ele></trkpt>
   <trkpt lat="38.47169" lon="-8.99675"><ele>279.0</ele></trkpt>
   <trkpt lat="38.47177" lon="-8.99633"><ele>277.8</ele></trkpt>
   <trkpt lat="38.47196" lon="-8.99597"><ele>277.4</ele></trkpt>
   <trkpt lat="38.47201" lon="-8.99588"><ele>277.4</ele></trkpt>
   <trkpt lat="38.47218" lon="-8.99578"><ele>277.6</ele></trkpt>
   <trkpt lat="38.47242" lon="-8.99584"><ele>278.6</ele></trkpt>
   <trkpt lat="38.47262" lon="-8.99618"><ele>280.0</ele></trkpt>
   <trkpt lat="38.47264" lon="-8.99621"><ele>280.4</ele></trkpt>
   <trkpt lat="38.47289" lon="-8.99647"><ele>282.2</ele></trkpt>
   <trkpt lat="38.47304" lon="-8.99659"><ele>283.6</ele></trkpt>
   <trkpt lat="38.47323" lon="-8.99662"><ele>285.0</ele></trkpt>
   <trkpt lat="38.47357" lon="-8.99652"><ele>288.0</ele></trkpt>
   <trkpt lat="38.47371" lon="-8.99649"><ele>288.4</ele></trkpt>
   <trkpt lat="38.47401" lon="-8.99628"><ele>289.8</ele></trkpt>
   <trkpt lat="38.47404" lon="-8.99626"><ele>289.8</ele></trkpt>
   <trkpt lat="38.47425" lon="-8.99592"><ele>291.4</ele></trkpt>
   <trkpt lat="38.47448" lon="-8.99560"><ele>294.8</ele></trkpt>
   <trkpt lat="38.47450" lon="-8.99556"><ele>295.2</ele></trkpt>
   <trkpt lat="38.47476" lon="-8.99526"><ele>298.6</ele></trkpt>
   <trkpt lat="38.47500" lon="-8.99498"><ele>302.4</ele></trkpt>
   <trkpt lat="38.47508" lon="-8.99489"><ele>303.6</ele></trkpt>
   <trkpt lat="38.47537" lon="-8.99464"><ele>308.0</ele></trkpt>
   <trkpt lat="38.47541" lon="-8.99461"><ele>308.4</ele></trkpt>
   <trkpt lat="38.47573" lon="-8.99445"><ele>312.0</ele></trkpt>
   <trkpt lat="38.47606" lon="-8.99430"><ele>316.0</ele></trkpt>
   <trkpt lat="38.47625" lon="-8.99420"><ele>318.2</ele></trkpt>
   <trkpt lat="38.47658" lon="-8.99408"><ele>322.2</ele></trkpt>
   <trkpt lat="38.47691" lon="-8.99399"><ele>325.6</ele></trkpt>
   <trkpt lat="38.47724" lon="-8.99390"><ele>328.8</ele></trkpt>
   <trkpt lat="38.47757" lon="-8.99379"><ele>333.4</ele></trkpt>
   <trkpt lat="38.47761" lon="-8.99379"><ele>334.0</ele></trkpt>
   <trkpt lat="38.47783" lon="-8.99367"><ele>337.8</ele></trkpt>
   <trkpt lat="38.47817" lon="-8.99361"><ele>342.4</ele></trkpt>
   <trkpt lat="38.47844" lon="-8.99360"><ele>345.8</ele></trkpt>
   <trkpt lat="38.47877" lon="-8.99352"><ele>350.4</ele></trkpt>
   <trkpt lat="38.47905" lon="-8.99345"><ele>353.6</ele></trkpt>
   <trkpt lat="38.47915" lon="-8.99332"><ele>355.6</ele></trkpt>
   <trkpt lat="38.47920" lon="-8.99316"><ele>357.4</ele></trkpt>
   <trkpt lat="38.47922" lon="-8.99284"><ele>361.0</ele></trkpt>
   <trkpt lat="38.47916" lon="-8.99241"><ele>365.8</ele></trkpt>
   <trkpt lat="38.47915" lon="-8.99224"><ele>367.0</ele></trkpt>
   <trkpt lat="38.47922" lon="-8.99198"><ele>370.0</ele></trkpt>
   <trkpt lat="38.47940" lon="-8.99170"><ele>372.8</ele></trkpt>
   <trkpt lat="38.47970" lon="-8.99147"><ele>375.8</ele></trkpt>
   <trkpt lat="38.47974" lon="-8.99146"><ele>376.2</ele></trkpt>
   <trkpt lat="38.48001" lon="-8.99120"><ele>378.0</ele></trkpt>
   <trkpt lat="38.48007" lon="-8.99113"><ele>378.8</ele></trkpt>
   <trkpt lat="38.48024" lon="-8.99074"><ele>381.4</ele></trkpt>
   <trkpt lat="38.48026" lon="-8.99069"><ele>381.8</ele></trkpt>
   <trkpt lat="38.48037" lon="-8.99029"><ele>384.4</ele></trkpt>
   <trkpt lat="38.48043" lon="-8.99006"><ele>386.0</ele></trkpt>
   <trkpt lat="38.48064" lon="-8.98971"><ele>390.6</ele></trkpt>
   <trkpt lat="38.48065" lon="-8.98969"><ele>390.8</ele></trkpt>
   <trkpt lat="38.48096" lon="-8.98954"><ele>393.6</ele></trkpt>
   <trkpt lat="38.48121" lon="-8.98945"><ele>397.4</ele></trkpt>
   <trkpt lat="38.48153" lon="-8.98927"><ele>401.0</ele></trkpt>
   <trkpt lat="38.48185" lon="-8.98912"><ele>404.8</ele></trkpt>
   <trkpt lat="38.48216" lon="-8.98893"><ele>408.0</ele></trkpt>
   <trkpt lat="38.48249" lon="-8.98876"><ele>411.2</ele></trkpt>
   <trkpt lat="38.48262" lon="-8.98870"><ele>412.0</ele></trkpt>
   <trkpt lat="38.48295" lon="-8.98862"><ele>414.0</ele></trkpt>
   <trkpt lat="38.48328" lon="-8.98854"><ele>414.2</ele></trkpt>
   <trkpt lat="38.48359" lon="-8.98844"><ele>414.4</ele></trkpt>
   <trkpt lat="38.48392" lon="-8.98835"><ele>413.6</ele></trkpt>
   <trkpt lat="38.48427" lon="-8.98826"><ele>412.8</ele></trkpt>
   <trkpt lat="38.48457" lon="-8.98817"><ele>411.8</ele></trkpt>
   <trkpt lat="38.48490" lon="-8.98808"><ele>410.8</ele></trkpt>
   <trkpt lat="38.48524" lon="-8.98798"><ele>408.6</ele></trkpt>
   <trkpt lat="38.48551" lon="-8.98790"><ele>407.0</ele></trkpt>
   <trkpt lat="38.48585" lon="-8.98780"><ele>405.0</ele></trkpt>
   <trkpt lat="38.48618" lon="-8.98770"><ele>403.8</ele></trkpt>
   <trkpt lat="38.48652" lon="-8.98759"><ele>405.4</ele></trkpt>
   <trkpt lat="38.48655" lon="-8.98758"><ele>405.8</ele></trkpt>
   <trkpt lat="38.48682" lon="-8.98742"><ele>409.4</ele></trkpt>
   <trkpt lat="38.48709" lon="-8.98715"><ele>412.0</ele></trkpt>
   <trkpt lat="38.48736" lon="-8.98691"><ele>414.2</ele></trkpt>
   <trkpt lat="38.48766" lon="-8.98666"><ele>414.6</ele></trkpt>
   <trkpt lat="38.48781" lon="-8.98653"><ele>414.8</ele></trkpt>
   <trkpt lat="38.48806" lon="-8.98627"><ele>415.8</ele></trkpt>
   <trkpt lat="38.48815" lon="-8.98618"><ele>416.0</ele></trkpt>
   <trkpt lat="38.48838" lon="-8.98591"><ele>416.0</ele></trkpt>
   <trkpt lat="38.48846" lon="-8.98580"><ele>416.0</ele></trkpt>
   <trkpt lat="38.48862" lon="-8.98540"><ele>415.0</ele></trkpt>
   <trkpt lat="38.48873" lon="-8.98503"><ele>413.2</ele></trkpt>
   <trkpt lat="38.48885" lon="-8.98465"><ele>411.6</ele></trkpt>
   <trkpt lat="38.48897" lon="-8.98427"><ele>410.0</ele></trkpt>
   <trkpt lat="38.48908" lon="-8.98390"><ele>408.6</ele></trkpt>
   <trkpt lat="38.48919" lon="-8.98355"><ele>408.2</ele></trkpt>
   <trkpt lat="38.48922" lon="-8.98347"><ele>408.0</ele></trkpt>
   <trkpt lat="38.48931" lon="-8.98305"><ele>408.2</ele></trkpt>
   <trkpt lat="38.48939" lon="-8.98265"><ele>408.2</ele></trkpt>
   <trkpt lat="38.48946" lon="-8.98227"><ele>408.2</ele></trkpt>
   <trkpt lat="38.48954" lon="-8.98189"><ele>408.0</ele></trkpt>
   <trkpt lat="38.48961" lon="-8.98149"><ele>407.6</ele></trkpt>
   <trkpt lat="38.48970" lon="-8.98109"><ele>407.2</ele></trkpt>
   <trkpt lat="38.48978" lon="-8.98066"><ele>406.0</ele></trkpt>
   <trkpt lat="38.48983" lon="-8.98039"><ele>405.6</ele></trkpt>
   <trkpt lat="38.48988" lon="-8.97997"><ele>404.6</ele></trkpt>
   <trkpt lat="38.48991" lon="-8.97953"><ele>403.8</ele></trkpt>
   <trkpt lat="38.48992" lon="-8.97917"><ele>402.6</ele></trkpt>
   <trkpt lat="38.48995" lon="-8.97872"><ele>400.2</ele></trkpt>
   <trkpt lat="38.48996" lon="-8.97862"><ele>400.0</ele></trkpt>
   <trkpt lat="38.48997" lon="-8.97825"><ele>399.6</ele></trkpt>
   <trkpt lat="38.48998" lon="-8.97783"><ele>399.4</ele></trkpt>
   <trkpt lat="38.49001" lon="-8.97740"><ele>399.6</ele></trkpt>
   <trkpt lat="38.49003" lon="-8.97699"><ele>399.6</ele></trkpt>
   <trkpt lat="38.49005" lon="-8.97657"><ele>399.2</ele></trkpt>
   <trkpt lat="38.49007" lon="-8.97616"><ele>398.8</ele></trkpt>
   <trkpt lat="38.49008" lon="-8.97575"><ele>398.2</ele></trkpt>
   <trkpt lat="38.49010" lon="-8.97536"><ele>397.8</ele></trkpt>
   <trkpt lat="38.49017" lon="-8.97492"><ele>398.6</ele></trkpt>
   <trkpt lat="38.49025" lon="-8.97453"><ele>398.6</ele></trkpt>
   <trkpt lat="38.49033" lon="-8.97413"><ele>398.6</ele></trkpt>
   <trkpt lat="38.49041" lon="-8.97374"><ele>397.8</ele></trkpt>
   <trkpt lat="38.49049" lon="-8.97336"><ele>396.8</ele></trkpt>
   <trkpt lat="38.49057" lon="-8.97299"><ele>396.2</ele></trkpt>
   <trkpt lat="38.49065" lon="-8.97256"><ele>395.4</ele></trkpt>
   <trkpt lat="38.49079" lon="-8.97219"><ele>394.2</ele></trkpt>
   <trkpt lat="38.49101" lon="-8.97188"><ele>393.0</ele></trkpt>
   <trkpt lat="38.49124" lon="-8.97154"><ele>392.6</ele></trkpt>
   <trkpt lat="38.49144" lon="-8.97124"><ele>392.2</ele></trkpt>
   <trkpt lat="38.49165" lon="-8.97094"><ele>391.6</ele></trkpt>
   <trkpt lat="38.49189" lon="-8.97061"><ele>390.2</ele></trkpt>
   <trkpt lat="38.49193" lon="-8.97056"><ele>390.0</ele></trkpt>
   <trkpt lat="38.49220" lon="-8.97032"><ele>388.6</ele></trkpt>
   <trkpt lat="38.49250" lon="-8.97007"><ele>387.4</ele></trkpt>
   <trkpt lat="38.49274" lon="-8.96989"><ele>386.6</ele></trkpt>
   <trkpt lat="38.49299" lon="-8.96968"><ele>385.4</ele></trkpt>
   <trkpt lat="38.49329" lon="-8.96945"><ele>382.0</ele></trkpt>
   <trkpt lat="38.49350" lon="-8.96929"><ele>380.6</ele></trkpt>
   <trkpt lat="38.49370" lon="-8.96909"><ele>380.2</ele></trkpt>
   <trkpt lat="38.49387" lon="-8.96887"><ele>379.6</ele></trkpt>
   <trkpt lat="38.49400" lon="-8.96849"><ele>376.6</ele></trkpt>
   <trkpt lat="38.49403" lon="-8.96814"><ele>375.4</ele></trkpt>
   <trkpt lat="38.49403" lon="-8.96773"><ele>375.4</ele></trkpt>
   <trkpt lat="38.49405" lon="-8.96736"><ele>375.6</ele></trkpt>
   <trkpt lat="38.49407" lon="-8.96694"><ele>376.0</ele></trkpt>
   <trkpt lat="38.49409" lon="-8.96651"><ele>376.6</ele></trkpt>
   <trkpt lat="38.49409" lon="-8.96606"><ele>377.4</ele></trkpt>
   <trkpt lat="38.49409" lon="-8.96600"><ele>377.4</ele></trkpt>
   <trkpt lat="38.49406" lon="-8.96558"><ele>377.4</ele></trkpt>
   <trkpt lat="38.49404" lon="-8.96519"><ele>376.8</ele></trkpt>
   <trkpt lat="38.49402" lon="-8.96480"><ele>375.8</ele></trkpt>
   <trkpt lat="38.49400" lon="-8.96437"><ele>375.2</ele></trkpt>
   <trkpt lat="38.49398" lon="-8.96393"><ele>375.4</ele></trkpt>
   <trkpt lat="38.49397" lon="-8.96364"><ele>375.6</ele></trkpt>
   <trkpt lat="38.49391" lon="-8.96323"><ele>375.8</ele></trkpt>
   <trkpt lat="38.49389" lon="-8.96317"><ele>375.8</ele></trkpt>
   <trkpt lat="38.49379" lon="-8.96301"><ele>375.8</ele></trkpt>
   <trkpt lat="38.49365" lon="-8.96290"><ele>375.8</ele></trkpt>
   <trkpt lat="38.49330" lon="-8.96282"><ele>375.4</ele></trkpt>
   <trkpt lat="38.49299" lon="-8.96278"><ele>375.0</ele></trkpt>
   <trkpt lat="38.49269" lon="-8.96274"><ele>374.8</ele></trkpt>
   <trkpt lat="38.49245" lon="-8.96270"><ele>374.8</ele></trkpt>
   <trkpt lat="38.49219" lon="-8.96256"><ele>374.8</ele></trkpt>
   <trkpt lat="38.49204" lon="-8.96237"><ele>374.8</ele></trkpt>
   <trkpt lat="38.49189" lon="-8.96199"><ele>373.2</ele></trkpt>
   <trkpt lat="38.49184" lon="-8.96185"><ele>373.0</ele></trkpt>
   <trkpt lat="38.49173" lon="-8.96144"><ele>370.6</ele></trkpt>
   <trkpt lat="38.49161" lon="-8.96104"><ele>368.2</ele></trkpt>
   <trkpt lat="38.49150" lon="-8.96064"><ele>366.2</ele></trkpt>
   <trkpt lat="38.49141" lon="-8.96033"><ele>364.2</ele></trkpt>
   <trkpt lat="38.49134" lon="-8.95998"><ele>362.4</ele></trkpt>
   <trkpt lat="38.49126" lon="-8.95955"><ele>360.4</ele></trkpt>
   <trkpt lat="38.49118" lon="-8.95921"><ele>359.0</ele></trkpt>
   <trkpt lat="38.49111" lon="-8.95887"><ele>357.6</ele></trkpt>
   <trkpt lat="38.49103" lon="-8.95851"><ele>355.4</ele></trkpt>
   <trkpt lat="38.49097" lon="-8.95828"><ele>355.0</ele></trkpt>
   <trkpt lat="38.49082" lon="-8.95787"><ele>351.6</ele></trkpt>
   <trkpt lat="38.49070" lon="-8.95750"><ele>348.6</ele></trkpt>
   <trkpt lat="38.49059" lon="-8.95719"><ele>346.8</ele></trkpt>
   <trkpt lat="38.49048" lon="-8.95686"><ele>345.2</ele></trkpt>
   <trkpt lat="38.49036" lon="-8.95652"><ele>342.6</ele></trkpt>
   <trkpt lat="38.49022" lon="-8.95612"><ele>340.6</ele></trkpt>
   <trkpt lat="38.49018" lon="-8.95602"><ele>340.4</ele></trkpt>
   <trkpt lat="38.49006" lon="-8.95559"><ele>338.6</ele></trkpt>
   <trkpt lat="38.49003" lon="-8.95548"><ele>338.0</ele></trkpt>
   <trkpt lat="38.48998" lon="-8.95511"><ele>336.6</ele></trkpt>
   <trkpt lat="38.48994" lon="-8.95473"><ele>335.4</ele></trkpt>
   <trkpt lat="38.48991" lon="-8.95429"><ele>330.4</ele></trkpt>
   <trkpt lat="38.48985" lon="-8.95385"><ele>326.0</ele></trkpt>
   <trkpt lat="38.48984" lon="-8.95377"><ele>325.0</ele></trkpt>
   <trkpt lat="38.48977" lon="-8.95336"><ele>322.2</ele></trkpt>
   <trkpt lat="38.48971" lon="-8.95292"><ele>319.4</ele></trkpt>
   <trkpt lat="38.48966" lon="-8.95252"><ele>317.2</ele></trkpt>
   <trkpt lat="38.48960" lon="-8.95212"><ele>314.6</ele></trkpt>
   <trkpt lat="38.48955" lon="-8.95173"><ele>312.0</ele></trkpt>
   <trkpt lat="38.48949" lon="-8.95133"><ele>309.4</ele></trkpt>
   <trkpt lat="38.48943" lon="-8.95100"><ele>307.4</ele></trkpt>
   <trkpt lat="38.48941" lon="-8.95088"><ele>306.8</ele></trkpt>
   <trkpt lat="38.48933" lon="-8.95052"><ele>304.6</ele></trkpt>
   <trkpt lat="38.48925" lon="-8.95016"><ele>302.4</ele></trkpt>
   <trkpt lat="38.48914" lon="-8.94977"><ele>300.6</ele></trkpt>
   <trkpt lat="38.48904" lon="-8.94935"><ele>297.6</ele></trkpt>
   <trkpt lat="38.48897" lon="-8.94906"><ele>295.8</ele></trkpt>
   <trkpt lat="38.48890" lon="-8.94876"><ele>294.0</ele></trkpt>
   <trkpt lat="38.48886" lon="-8.94861"><ele>292.8</ele></trkpt>
   <trkpt lat="38.48880" lon="-8.94830"><ele>290.6</ele></trkpt>
   <trkpt lat="38.48875" lon="-8.94799"><ele>288.8</ele></trkpt>
   <trkpt lat="38.48871" lon="-8.94767"><ele>287.4</ele></trkpt>
   <trkpt lat="38.48865" lon="-8.94724"><ele>283.0</ele></trkpt>
   <trkpt lat="38.48863" lon="-8.94710"><ele>280.8</ele></trkpt>
   <trkpt lat="38.48855" lon="-8.94682"><ele>278.6</ele></trkpt>
   <trkpt lat="38.48844" lon="-8.94656"><ele>276.2</ele></trkpt>
   <trkpt lat="38.48831" lon="-8.94629"><ele>274.6</ele></trkpt>
   <trkpt lat="38.48818" lon="-8.94601"><ele>272.6</ele></trkpt>
   <trkpt lat="38.48807" lon="-8.94575"><ele>271.0</ele></trkpt>
   <trkpt lat="38.48800" lon="-8.94550"><ele>267.8</ele></trkpt>
   <trkpt lat="38.48796" lon="-8.94506"><ele>263.6</ele></trkpt>
   <trkpt lat="38.48794" lon="-8.94462"><ele>258.4</ele></trkpt>
   <trkpt lat="38.48793" lon="-8.94421"><ele>253.6</ele></trkpt>
   <trkpt lat="38.48792" lon="-8.94415"><ele>252.8</ele></trkpt>
   <trkpt lat="38.48792" lon="-8.94371"><ele>249.4</ele></trkpt>
   <trkpt lat="38.48800" lon="-8.94331"><ele>246.8</ele></trkpt>
   <trkpt lat="38.48814" lon="-8.94299"><ele>245.2</ele></trkpt>
   <trkpt lat="38.48832" lon="-8.94267"><ele>242.2</ele></trkpt>
   <trkpt lat="38.48848" lon="-8.94235"><ele>239.0</ele></trkpt>
   <trkpt lat="38.48863" lon="-8.94203"><ele>236.0</ele></trkpt>
   <trkpt lat="38.48877" lon="-8.94167"><ele>233.8</ele></trkpt>
   <trkpt lat="38.48891" lon="-8.94125"><ele>230.6</ele></trkpt>
   <trkpt lat="38.48903" lon="-8.94094"><ele>229.0</ele></trkpt>
   <trkpt lat="38.48927" lon="-8.94066"><ele>226.2</ele></trkpt>
   <trkpt lat="38.48953" lon="-8.94043"><ele>224.2</ele></trkpt>
   <trkpt lat="38.48981" lon="-8.94022"><ele>221.8</ele></trkpt>
   <trkpt lat="38.48995" lon="-8.94010"><ele>220.6</ele></trkpt>
   <trkpt lat="38.49023" lon="-8.93985"><ele>217.2</ele></trkpt>
   <trkpt lat="38.49036" lon="-8.93969"><ele>216.4</ele></trkpt>
   <trkpt lat="38.49043" lon="-8.93947"><ele>215.0</ele></trkpt>
   <trkpt lat="38.49043" lon="-8.93908"><ele>211.6</ele></trkpt>
   <trkpt lat="38.49046" lon="-8.93895"><ele>211.2</ele></trkpt>
   <trkpt lat="38.49059" lon="-8.93873"><ele>209.2</ele></trkpt>
   <trkpt lat="38.49086" lon="-8.93848"><ele>206.4</ele></trkpt>
   <trkpt lat="38.49096" lon="-8.93841"><ele>205.4</ele></trkpt>
   <trkpt lat="38.49118" lon="-8.93832"><ele>203.6</ele></trkpt>
   <trkpt lat="38.49152" lon="-8.93828"><ele>200.4</ele></trkpt>
   <trkpt lat="38.49163" lon="-8.93829"><ele>200.0</ele></trkpt>
   <trkpt lat="38.49194" lon="-8.93842"><ele>196.4</ele></trkpt>
   <trkpt lat="38.49213" lon="-8.93847"><ele>194.4</ele></trkpt>
   <trkpt lat="38.49232" lon="-8.93838"><ele>192.8</ele></trkpt>
   <trkpt lat="38.49230" lon="-8.93813"><ele>190.2</ele></trkpt>
   <trkpt lat="38.49210" lon="-8.93791"><ele>187.8</ele></trkpt>
   <trkpt lat="38.49179" lon="-8.93785"><ele>185.0</ele></trkpt>
   <trkpt lat="38.49150" lon="-8.93781"><ele>182.8</ele></trkpt>
   <trkpt lat="38.49131" lon="-8.93777"><ele>182.2</ele></trkpt>
   <trkpt lat="38.49115" lon="-8.93767"><ele>182.0</ele></trkpt>
   <trkpt lat="38.49105" lon="-8.93749"><ele>181.8</ele></trkpt>
   <trkpt lat="38.49104" lon="-8.93738"><ele>181.6</ele></trkpt>
   <trkpt lat="38.49106" lon="-8.93727"><ele>181.4</ele></trkpt>
   <trkpt lat="38.49118" lon="-8.93712"><ele>180.8</ele></trkpt>
   <trkpt lat="38.49145" lon="-8.93712"><ele>180.0</ele></trkpt>
   <trkpt lat="38.49171" lon="-8.93728"><ele>179.0</ele></trkpt>
   <trkpt lat="38.49199" lon="-8.93746"><ele>177.8</ele></trkpt>
   <trkpt lat="38.49217" lon="-8.93759"><ele>176.8</ele></trkpt>
   <trkpt lat="38.49240" lon="-8.93787"><ele>174.8</ele></trkpt>
   <trkpt lat="38.49261" lon="-8.93818"><ele>173.0</ele></trkpt>
   <trkpt lat="38.49275" lon="-8.93837"><ele>172.0</ele></trkpt>
   <trkpt lat="38.49298" lon="-8.93861"><ele>169.6</ele></trkpt>
   <trkpt lat="38.49323" lon="-8.93881"><ele>167.4</ele></trkpt>
   <trkpt lat="38.49331" lon="-8.93888"><ele>167.0</ele></trkpt>
   <trkpt lat="38.49343" lon="-8.93908"><ele>165.8</ele></trkpt>
   <trkpt lat="38.49352" lon="-8.93932"><ele>165.2</ele></trkpt>
   <trkpt lat="38.49357" lon="-8.93972"><ele>162.2</ele></trkpt>
   <trkpt lat="38.49359" lon="-8.94012"><ele>159.8</ele></trkpt>
   <trkpt lat="38.49360" lon="-8.94026"><ele>159.6</ele></trkpt>
   <trkpt lat="38.49360" lon="-8.94066"><ele>157.8</ele></trkpt>
   <trkpt lat="38.49357" lon="-8.94104"><ele>155.6</ele></trkpt>
   <trkpt lat="38.49371" lon="-8.94138"><ele>153.8</ele></trkpt>
   <trkpt lat="38.49402" lon="-8.94142"><ele>151.8</ele></trkpt>
   <trkpt lat="38.49425" lon="-8.94116"><ele>149.0</ele></trkpt>
   <trkpt lat="38.49446" lon="-8.94095"><ele>147.4</ele></trkpt>
   <trkpt lat="38.49462" lon="-8.94093"><ele>147.0</ele></trkpt>
   <trkpt lat="38.49481" lon="-8.94104"><ele>146.6</ele></trkpt>
   <trkpt lat="38.49498" lon="-8.94137"><ele>146.4</ele></trkpt>
   <trkpt lat="38.49513" lon="-8.94158"><ele>146.2</ele></trkpt>
   <trkpt lat="38.49533" lon="-8.94156"><ele>145.8</ele></trkpt>
   <trkpt lat="38.49548" lon="-8.94130"><ele>145.6</ele></trkpt>
   <trkpt lat="38.49552" lon="-8.94090"><ele>145.6</ele></trkpt>
   <trkpt lat="38.49558" lon="-8.94046"><ele>146.4</ele></trkpt>
   <trkpt lat="38.49562" lon="-8.94018"><ele>146.8</ele></trkpt>
   <trkpt lat="38.49569" lon="-8.93977"><ele>147.0</ele></trkpt>
   <trkpt lat="38.49578" lon="-8.93934"><ele>146.8</ele></trkpt>
   <trkpt lat="38.49581" lon="-8.93911"><ele>146.4</ele></trkpt>
   <trkpt lat="38.49582" lon="-8.93873"><ele>146.0</ele></trkpt>
   <trkpt lat="38.49583" lon="-8.93829"><ele>146.0</ele></trkpt>
   <trkpt lat="38.49583" lon="-8.93822"><ele>146.0</ele></trkpt>
   <trkpt lat="38.49580" lon="-8.93780"><ele>146.2</ele></trkpt>
   <trkpt lat="38.49577" lon="-8.93739"><ele>146.6</ele></trkpt>
   <trkpt lat="38.49574" lon="-8.93697"><ele>147.6</ele></trkpt>
   <trkpt lat="38.49573" lon="-8.93669"><ele>148.0</ele></trkpt>
   <trkpt lat="38.49586" lon="-8.93642"><ele>147.8</ele></trkpt>
   <trkpt lat="38.49608" lon="-8.93627"><ele>147.4</ele></trkpt>
   <trkpt lat="38.49637" lon="-8.93630"><ele>145.8</ele></trkpt>
   <trkpt lat="38.49654" lon="-8.93645"><ele>144.0</ele></trkpt>
   <trkpt lat="38.49674" lon="-8.93675"><ele>141.0</ele></trkpt>
   <trkpt lat="38.49689" lon="-8.93709"><ele>138.4</ele></trkpt>
   <trkpt lat="38.49704" lon="-8.93744"><ele>136.8</ele></trkpt>
   <trkpt lat="38.49723" lon="-8.93781"><ele>135.2</ele></trkpt>
   <trkpt lat="38.49730" lon="-8.93793"><ele>134.2</ele></trkpt>
   <trkpt lat="38.49746" lon="-8.93815"><ele>133.0</ele></trkpt>
   <trkpt lat="38.49771" lon="-8.93834"><ele>130.4</ele></trkpt>
   <trkpt lat="38.49791" lon="-8.93834"><ele>128.2</ele></trkpt>
   <trkpt lat="38.49818" lon="-8.93808"><ele>124.4</ele></trkpt>
   <trkpt lat="38.49839" lon="-8.93788"><ele>123.2</ele></trkpt>
   <trkpt lat="38.49872" lon="-8.93774"><ele>120.2</ele></trkpt>
   <trkpt lat="38.49895" lon="-8.93765"><ele>118.4</ele></trkpt>
   <trkpt lat="38.49919" lon="-8.93760"><ele>116.6</ele></trkpt>
   <trkpt lat="38.49941" lon="-8.93768"><ele>115.4</ele></trkpt>
   <trkpt lat="38.49965" lon="-8.93798"><ele>112.0</ele></trkpt>
   <trkpt lat="38.49988" lon="-8.93825"><ele>109.4</ele></trkpt>
   <trkpt lat="38.50009" lon="-8.93833"><ele>108.2</ele></trkpt>
   <trkpt lat="38.50042" lon="-8.93834"><ele>105.0</ele></trkpt>
   <trkpt lat="38.50053" lon="-8.93835"><ele>104.0</ele></trkpt>
   <trkpt lat="38.50085" lon="-8.93848"><ele>102.0</ele></trkpt>
   <trkpt lat="38.50115" lon="-8.93861"><ele>100.4</ele></trkpt>
   <trkpt lat="38.50136" lon="-8.93869"><ele>98.6</ele></trkpt>
   <trkpt lat="38.50166" lon="-8.93887"><ele>96.6</ele></trkpt>
   <trkpt lat="38.50193" lon="-8.93914"><ele>95.0</ele></trkpt>
   <trkpt lat="38.50214" lon="-8.93946"><ele>92.6</ele></trkpt>
   <trkpt lat="38.50233" lon="-8.93979"><ele>91.2</ele></trkpt>
   <trkpt lat="38.50239" lon="-8.94005"><ele>89.2</ele></trkpt>
   <trkpt lat="38.50232" lon="-8.94049"><ele>87.2</ele></trkpt>
   <trkpt lat="38.50231" lon="-8.94078"><ele>86.0</ele></trkpt>
   <trkpt lat="38.50241" lon="-8.94114"><ele>83.8</ele></trkpt>
   <trkpt lat="38.50248" lon="-8.94124"><ele>82.8</ele></trkpt>
   <trkpt lat="38.50271" lon="-8.94137"><ele>81.0</ele></trkpt>
   <trkpt lat="38.50283" lon="-8.94141"><ele>79.6</ele></trkpt>
   <trkpt lat="38.50315" lon="-8.94144"><ele>77.4</ele></trkpt>
   <trkpt lat="38.50344" lon="-8.94148"><ele>75.4</ele></trkpt>
   <trkpt lat="38.50334" lon="-8.94110"><ele>74.2</ele></trkpt>
   <trkpt lat="38.50329" lon="-8.94078"><ele>73.6</ele></trkpt>
   <trkpt lat="38.50319" lon="-8.94036"><ele>72.4</ele></trkpt>
   <trkpt lat="38.50305" lon="-8.94002"><ele>71.8</ele></trkpt>
   <trkpt lat="38.50294" lon="-8.93981"><ele>71.0</ele></trkpt>
   <trkpt lat="38.50287" lon="-8.93952"><ele>70.0</ele></trkpt>
   <trkpt lat="38.50287" lon="-8.93910"><ele>68.0</ele></trkpt>
   <trkpt lat="38.50285" lon="-8.93866"><ele>66.4</ele></trkpt>
   <trkpt lat="38.50285" lon="-8.93855"><ele>66.4</ele></trkpt>
   <trkpt lat="38.50296" lon="-8.93815"><ele>65.2</ele></trkpt>
   <trkpt lat="38.50302" lon="-8.93773"><ele>64.8</ele></trkpt>
   <trkpt lat="38.50302" lon="-8.93730"><ele>64.2</ele></trkpt>
   <trkpt lat="38.50301" lon="-8.93714"><ele>63.6</ele></trkpt>
   <trkpt lat="38.50291" lon="-8.93679"><ele>62.4</ele></trkpt>
   <trkpt lat="38.50269" lon="-8.93644"><ele>61.8</ele></trkpt>
   <trkpt lat="38.50251" lon="-8.93618"><ele>61.4</ele></trkpt>
   <trkpt lat="38.50241" lon="-8.93591"><ele>61.0</ele></trkpt>
   <trkpt lat="38.50235" lon="-8.93552"><ele>60.4</ele></trkpt>
   <trkpt lat="38.50230" lon="-8.93518"><ele>60.4</ele></trkpt>
   <trkpt lat="38.50230" lon="-8.93486"><ele>60.2</ele></trkpt>
   <trkpt lat="38.50235" lon="-8.93449"><ele>60.2</ele></trkpt>
   <trkpt lat="38.50242" lon="-8.93411"><ele>59.6</ele></trkpt>
   <trkpt lat="38.50249" lon="-8.93374"><ele>59.2</ele></trkpt>
   <trkpt lat="38.50262" lon="-8.93335"><ele>58.6</ele></trkpt>
   <trkpt lat="38.50276" lon="-8.93296"><ele>57.2</ele></trkpt>
   <trkpt lat="38.50289" lon="-8.93257"><ele>56.0</ele></trkpt>
   <trkpt lat="38.50301" lon="-8.93218"><ele>54.8</ele></trkpt>
   <trkpt lat="38.50315" lon="-8.93183"><ele>53.4</ele></trkpt>
   <trkpt lat="38.50318" lon="-8.93174"><ele>53.2</ele></trkpt>
   <trkpt lat="38.50340" lon="-8.93140"><ele>52.4</ele></trkpt>
   <trkpt lat="38.50352" lon="-8.93123"><ele>52.0</ele></trkpt>
   <trkpt lat="38.50377" lon="-8.93092"><ele>51.2</ele></trkpt>
   <trkpt lat="38.50401" lon="-8.93065"><ele>49.0</ele></trkpt>
   <trkpt lat="38.50404" lon="-8.93052"><ele>48.2</ele></trkpt>
   <trkpt lat="38.50426" lon="-8.93032"><ele>48.2</ele></trkpt>
   <trkpt lat="38.50450" lon="-8.93001"><ele>48.0</ele></trkpt>
   <trkpt lat="38.50462" lon="-8.92983"><ele>47.8</ele></trkpt>
   <trkpt lat="38.50477" lon="-8.92943"><ele>47.8</ele></trkpt>
   <trkpt lat="38.50474" lon="-8.92918"><ele>47.6</ele></trkpt>
   <trkpt lat="38.50460" lon="-8.92877"><ele>47.6</ele></trkpt>
   <trkpt lat="38.50446" lon="-8.92840"><ele>47.2</ele></trkpt>
   <trkpt lat="38.50436" lon="-8.92818"><ele>46.8</ele></trkpt>
   <trkpt lat="38.50425" lon="-8.92804"><ele>46.6</ele></trkpt>
   <trkpt lat="38.50418" lon="-8.92803"><ele>46.6</ele></trkpt>
   <trkpt lat="38.50390" lon="-8.92828"><ele>45.8</ele></trkpt>
   <trkpt lat="38.50364" lon="-8.92852"><ele>45.4</ele></trkpt>
   <trkpt lat="38.50338" lon="-8.92875"><ele>45.6</ele></trkpt>
   <trkpt lat="38.50313" lon="-8.92897"><ele>45.8</ele></trkpt>
   <trkpt lat="38.50284" lon="-8.92919"><ele>46.0</ele></trkpt>
   <trkpt lat="38.50265" lon="-8.92934"><ele>46.4</ele></trkpt>
   <trkpt lat="38.50232" lon="-8.92938"><ele>47.6</ele></trkpt>
   <trkpt lat="38.50228" lon="-8.92938"><ele>47.8</ele></trkpt>
   <trkpt lat="38.50197" lon="-8.92924"><ele>49.0</ele></trkpt>
   <trkpt lat="38.50178" lon="-8.92914"><ele>49.8</ele></trkpt>
   <trkpt lat="38.50144" lon="-8.92912"><ele>51.2</ele></trkpt>
   <trkpt lat="38.50120" lon="-8.92905"><ele>52.0</ele></trkpt>
   <trkpt lat="38.50096" lon="-8.92907"><ele>52.6</ele></trkpt>
   <trkpt lat="38.50063" lon="-8.92915"><ele>52.2</ele></trkpt>
   <trkpt lat="38.50029" lon="-8.92923"><ele>51.8</ele></trkpt>
   <trkpt lat="38.49998" lon="-8.92929"><ele>51.4</ele></trkpt>
   <trkpt lat="38.49975" lon="-8.92937"><ele>51.2</ele></trkpt>
   <trkpt lat="38.49945" lon="-8.92961"><ele>50.6</ele></trkpt>
   <trkpt lat="38.49918" lon="-8.92986"><ele>50.2</ele></trkpt>
   <trkpt lat="38.49891" lon="-8.93009"><ele>50.2</ele></trkpt>
   <trkpt lat="38.49873" lon="-8.93025"><ele>50.4</ele></trkpt>
   <trkpt lat="38.49845" lon="-8.93046"><ele>50.4</ele></trkpt>
   <trkpt lat="38.49829" lon="-8.93053"><ele>50.6</ele></trkpt>
   <trkpt lat="38.49794" lon="-8.93057"><ele>50.8</ele></trkpt>
   <trkpt lat="38.49760" lon="-8.93065"><ele>50.8</ele></trkpt>
   <trkpt lat="38.49742" lon="-8.93068"><ele>50.6</ele></trkpt>
   <trkpt lat="38.49712" lon="-8.93068"><ele>50.6</ele></trkpt>
   <trkpt lat="38.49694" lon="-8.93070"><ele>50.6</ele></trkpt>
   <trkpt lat="38.49660" lon="-8.93082"><ele>51.0</ele></trkpt>
   <trkpt lat="38.49648" lon="-8.93084"><ele>51.0</ele></trkpt>
   <trkpt lat="38.49624" lon="-8.93084"><ele>51.0</ele></trkpt>
   <trkpt lat="38.49595" lon="-8.93075"><ele>51.0</ele></trkpt>
   <trkpt lat="38.49577" lon="-8.93070"><ele>51.0</ele></trkpt>
   <trkpt lat="38.49546" lon="-8.93077"><ele>51.0</ele></trkpt>
   <trkpt lat="38.49533" lon="-8.93081"><ele>51.0</ele></trkpt>
   <trkpt lat="38.49513" lon="-8.93091"><ele>50.8</ele></trkpt>
   <trkpt lat="38.49502" lon="-8.93104"><ele>50.6</ele></trkpt>
   <trkpt lat="38.49489" lon="-8.93139"><ele>50.0</ele></trkpt>
   <trkpt lat="38.49478" lon="-8.93173"><ele>49.4</ele></trkpt>
   <trkpt lat="38.49462" lon="-8.93202"><ele>49.2</ele></trkpt>
   <trkpt lat="38.49433" lon="-8.93221"><ele>48.8</ele></trkpt>
   <trkpt lat="38.49414" lon="-8.93233"><ele>48.8</ele></trkpt>
   <trkpt lat="38.49393" lon="-8.93255"><ele>48.6</ele></trkpt>
   <trkpt lat="38.49368" lon="-8.93287"><ele>48.8</ele></trkpt>
   <trkpt lat="38.49349" lon="-8.93314"><ele>49.0</ele></trkpt>
   <trkpt lat="38.49328" lon="-8.93347"><ele>49.2</ele></trkpt>
   <trkpt lat="38.49310" lon="-8.93380"><ele>49.2</ele></trkpt>
   <trkpt lat="38.49283" lon="-8.93409"><ele>49.4</ele></trkpt>
   <trkpt lat="38.49264" lon="-8.93430"><ele>49.4</ele></trkpt>
   <trkpt lat="38.49232" lon="-8.93446"><ele>49.6</ele></trkpt>
   <trkpt lat="38.49223" lon="-8.93450"><ele>49.8</ele></trkpt>
   <trkpt lat="38.49189" lon="-8.93450"><ele>50.4</ele></trkpt>
   <trkpt lat="38.49177" lon="-8.93454"><ele>50.8</ele></trkpt>
   <trkpt lat="38.49149" lon="-8.93430"><ele>51.2</ele></trkpt>
   <trkpt lat="38.49143" lon="-8.93425"><ele>51.6</ele></trkpt>
   <trkpt lat="38.49127" lon="-8.93424"><ele>52.4</ele></trkpt>
   <trkpt lat="38.49096" lon="-8.93440"><ele>53.8</ele></trkpt>
   <trkpt lat="38.49082" lon="-8.93440"><ele>53.6</ele></trkpt>
   <trkpt lat="38.49052" lon="-8.93434"><ele>54.2</ele></trkpt>
   <trkpt lat="38.49025" lon="-8.93420"><ele>55.0</ele></trkpt>
   <trkpt lat="38.49033" lon="-8.93418"><ele>55.2</ele></trkpt>
   <trkpt lat="38.49043" lon="-8.93429"><ele>55.2</ele></trkpt>
   <trkpt lat="38.49076" lon="-8.93439"><ele>55.2</ele></trkpt>
   <trkpt lat="38.49099" lon="-8.93436"><ele>54.6</ele></trkpt>
   <trkpt lat="38.49121" lon="-8.93425"><ele>54.2</ele></trkpt>
   <trkpt lat="38.49138" lon="-8.93425"><ele>54.0</ele></trkpt>
   <trkpt lat="38.49169" lon="-8.93441"><ele>51.6</ele></trkpt>
   <trkpt lat="38.49189" lon="-8.93449"><ele>51.0</ele></trkpt>
   <trkpt lat="38.49222" lon="-8.93445"><ele>50.4</ele></trkpt>
   <trkpt lat="38.49251" lon="-8.93433"><ele>50.2</ele></trkpt>
   <trkpt lat="38.49268" lon="-8.93418"><ele>49.8</ele></trkpt>
   <trkpt lat="38.49290" lon="-8.93386"><ele>49.8</ele></trkpt>
   <trkpt lat="38.49311" lon="-8.93356"><ele>50.0</ele></trkpt>
   <trkpt lat="38.49334" lon="-8.93328"><ele>49.8</ele></trkpt>
   <trkpt lat="38.49354" lon="-8.93294"><ele>50.0</ele></trkpt>
   <trkpt lat="38.49377" lon="-8.93261"><ele>49.8</ele></trkpt>
   <trkpt lat="38.49394" lon="-8.93234"><ele>49.6</ele></trkpt>
   <trkpt lat="38.49422" lon="-8.93218"><ele>49.4</ele></trkpt>
   <trkpt lat="38.49452" lon="-8.93202"><ele>49.4</ele></trkpt>
   <trkpt lat="38.49460" lon="-8.93195"><ele>49.6</ele></trkpt>
   <trkpt lat="38.49475" lon="-8.93171"><ele>49.6</ele></trkpt>
   <trkpt lat="38.49487" lon="-8.93131"><ele>49.6</ele></trkpt>
   <trkpt lat="38.49489" lon="-8.93125"><ele>49.6</ele></trkpt>
   <trkpt lat="38.49504" lon="-8.93094"><ele>50.0</ele></trkpt>
   <trkpt lat="38.49535" lon="-8.93077"><ele>50.6</ele></trkpt>
   <trkpt lat="38.49538" lon="-8.93075"><ele>50.6</ele></trkpt>
   <trkpt lat="38.49571" lon="-8.93065"><ele>51.0</ele></trkpt>
   <trkpt lat="38.49578" lon="-8.93064"><ele>51.0</ele></trkpt>
   <trkpt lat="38.49611" lon="-8.93074"><ele>51.0</ele></trkpt>
   <trkpt lat="38.49643" lon="-8.93079"><ele>51.2</ele></trkpt>
   <trkpt lat="38.49676" lon="-8.93071"><ele>50.8</ele></trkpt>
   <trkpt lat="38.49703" lon="-8.93064"><ele>50.8</ele></trkpt>
   <trkpt lat="38.49738" lon="-8.93061"><ele>50.8</ele></trkpt>
   <trkpt lat="38.49770" lon="-8.93056"><ele>50.8</ele></trkpt>
   <trkpt lat="38.49804" lon="-8.93050"><ele>51.0</ele></trkpt>
   <trkpt lat="38.49820" lon="-8.93048"><ele>51.0</ele></trkpt>
   <trkpt lat="38.49844" lon="-8.93036"><ele>51.0</ele></trkpt>
   <trkpt lat="38.49872" lon="-8.93014"><ele>50.8</ele></trkpt>
   <trkpt lat="38.49900" lon="-8.92993"><ele>51.0</ele></trkpt>
   <trkpt lat="38.49930" lon="-8.92968"><ele>50.8</ele></trkpt>
   <trkpt lat="38.49959" lon="-8.92945"><ele>50.8</ele></trkpt>
   <trkpt lat="38.49975" lon="-8.92932"><ele>51.0</ele></trkpt>
   <trkpt lat="38.50007" lon="-8.92922"><ele>50.8</ele></trkpt>
   <trkpt lat="38.50040" lon="-8.92916"><ele>50.8</ele></trkpt>
   <trkpt lat="38.50074" lon="-8.92909"><ele>51.2</ele></trkpt>
   <trkpt lat="38.50107" lon="-8.92901"><ele>51.8</ele></trkpt>
   <trkpt lat="38.50111" lon="-8.92900"><ele>52.0</ele></trkpt>
   <trkpt lat="38.50144" lon="-8.92903"><ele>52.4</ele></trkpt>
   <trkpt lat="38.50174" lon="-8.92907"><ele>52.4</ele></trkpt>
   <trkpt lat="38.50180" lon="-8.92908"><ele>52.2</ele></trkpt>
   <trkpt lat="38.50210" lon="-8.92924"><ele>51.4</ele></trkpt>
   <trkpt lat="38.50231" lon="-8.92932"><ele>50.8</ele></trkpt>
   <trkpt lat="38.50253" lon="-8.92932"><ele>49.6</ele></trkpt>
   <trkpt lat="38.50267" lon="-8.92926"><ele>49.4</ele></trkpt>
   <trkpt lat="38.50295" lon="-8.92905"><ele>47.6</ele></trkpt>
   <trkpt lat="38.50321" lon="-8.92882"><ele>46.8</ele></trkpt>
   <trkpt lat="38.50347" lon="-8.92861"><ele>46.6</ele></trkpt>
   <trkpt lat="38.50375" lon="-8.92836"><ele>46.2</ele></trkpt>
   <trkpt lat="38.50401" lon="-8.92812"><ele>44.8</ele></trkpt>
   <trkpt lat="38.50423" lon="-8.92793"><ele>44.8</ele></trkpt>
   <trkpt lat="38.50435" lon="-8.92774"><ele>45.4</ele></trkpt>
   <trkpt lat="38.50440" lon="-8.92740"><ele>46.8</ele></trkpt>
   <trkpt lat="38.50429" lon="-8.92699"><ele>47.2</ele></trkpt>
   <trkpt lat="38.50427" lon="-8.92687"><ele>47.0</ele></trkpt>
   <trkpt lat="38.50431" lon="-8.92667"><ele>47.0</ele></trkpt>
   <trkpt lat="38.50455" lon="-8.92637"><ele>47.4</ele></trkpt>
   <trkpt lat="38.50459" lon="-8.92633"><ele>47.4</ele></trkpt>
   <trkpt lat="38.50490" lon="-8.92617"><ele>47.8</ele></trkpt>
   <trkpt lat="38.50495" lon="-8.92615"><ele>47.8</ele></trkpt>
   <trkpt lat="38.50514" lon="-8.92611"><ele>48.0</ele></trkpt>
   <trkpt lat="38.50549" lon="-8.92618"><ele>48.4</ele></trkpt>
   <trkpt lat="38.50578" lon="-8.92623"><ele>48.2</ele></trkpt>
   <trkpt lat="38.50612" lon="-8.92637"><ele>48.4</ele></trkpt>
   <trkpt lat="38.50644" lon="-8.92654"><ele>48.6</ele></trkpt>
   <trkpt lat="38.50674" lon="-8.92670"><ele>48.8</ele></trkpt>
   <trkpt lat="38.50693" lon="-8.92680"><ele>48.4</ele></trkpt>
   <trkpt lat="38.50720" lon="-8.92704"><ele>48.4</ele></trkpt>
   <trkpt lat="38.50728" lon="-8.92712"><ele>48.4</ele></trkpt>
   <trkpt lat="38.50751" lon="-8.92741"><ele>48.6</ele></trkpt>
   <trkpt lat="38.50758" lon="-8.92752"><ele>48.6</ele></trkpt>
   <trkpt lat="38.50772" lon="-8.92787"><ele>48.0</ele></trkpt>
   <trkpt lat="38.50780" lon="-8.92828"><ele>47.8</ele></trkpt>
   <trkpt lat="38.50789" lon="-8.92871"><ele>47.6</ele></trkpt>
   <trkpt lat="38.50803" lon="-8.92901"><ele>47.2</ele></trkpt>
   <trkpt lat="38.50812" lon="-8.92909"><ele>46.8</ele></trkpt>
   <trkpt lat="38.50834" lon="-8.92914"><ele>46.6</ele></trkpt>
   <trkpt lat="38.50856" lon="-8.92907"><ele>46.4</ele></trkpt>
   <trkpt lat="38.50871" lon="-8.92895"><ele>46.4</ele></trkpt>
   <trkpt lat="38.50885" lon="-8.92869"><ele>46.8</ele></trkpt>
   <trkpt lat="38.50887" lon="-8.92838"><ele>46.4</ele></trkpt>
   <trkpt lat="38.50876" lon="-8.92801"><ele>46.6</ele></trkpt>
   <trkpt lat="38.50859" lon="-8.92763"><ele>46.8</ele></trkpt>
   <trkpt lat="38.50842" lon="-8.92725"><ele>48.6</ele></trkpt>
   <trkpt lat="38.50841" lon="-8.92680"><ele>51.6</ele></trkpt>
   <trkpt lat="38.50839" lon="-8.92668"><ele>52.6</ele></trkpt>
   <trkpt lat="38.50832" lon="-8.92649"><ele>53.6</ele></trkpt>
   <trkpt lat="38.50820" lon="-8.92633"><ele>55.4</ele></trkpt>
   <trkpt lat="38.50814" lon="-8.92612"><ele>57.2</ele></trkpt>
   <trkpt lat="38.50815" lon="-8.92598"><ele>58.2</ele></trkpt>
   <trkpt lat="38.50832" lon="-8.92572"><ele>60.4</ele></trkpt>
   <trkpt lat="38.50860" lon="-8.92547"><ele>63.4</ele></trkpt>
   <trkpt lat="38.50879" lon="-8.92532"><ele>65.2</ele></trkpt>
   <trkpt lat="38.50911" lon="-8.92516"><ele>67.2</ele></trkpt>
   <trkpt lat="38.50944" lon="-8.92502"><ele>69.4</ele></trkpt>
   <trkpt lat="38.50976" lon="-8.92488"><ele>72.6</ele></trkpt>
   <trkpt lat="38.50986" lon="-8.92483"><ele>73.4</ele></trkpt>
   <trkpt lat="38.51001" lon="-8.92466"><ele>76.0</ele></trkpt>
   <trkpt lat="38.51012" lon="-8.92425"><ele>79.8</ele></trkpt>
   <trkpt lat="38.51024" lon="-8.92384"><ele>83.0</ele></trkpt>
   <trkpt lat="38.51032" lon="-8.92364"><ele>84.0</ele></trkpt>
   <trkpt lat="38.51055" lon="-8.92333"><ele>84.8</ele></trkpt>
   <trkpt lat="38.51079" lon="-8.92306"><ele>84.2</ele></trkpt>
   <trkpt lat="38.51098" lon="-8.92282"><ele>83.8</ele></trkpt>
   <trkpt lat="38.51106" lon="-8.92264"><ele>83.6</ele></trkpt>
   <trkpt lat="38.51102" lon="-8.92239"><ele>83.4</ele></trkpt>
   <trkpt lat="38.51092" lon="-8.92229"><ele>83.2</ele></trkpt>
   <trkpt lat="38.51058" lon="-8.92231"><ele>81.8</ele></trkpt>
   <trkpt lat="38.51039" lon="-8.92223"><ele>80.8</ele></trkpt>
   <trkpt lat="38.51032" lon="-8.92205"><ele>80.6</ele></trkpt>
   <trkpt lat="38.51034" lon="-8.92184"><ele>80.8</ele></trkpt>
   <trkpt lat="38.51062" lon="-8.92156"><ele>82.6</ele></trkpt>
   <trkpt lat="38.51066" lon="-8.92153"><ele>82.8</ele></trkpt>
   <trkpt lat="38.51085" lon="-8.92118"><ele>84.8</ele></trkpt>
   <trkpt lat="38.51095" lon="-8.92096"><ele>86.4</ele></trkpt>
   <trkpt lat="38.51110" lon="-8.92076"><ele>88.0</ele></trkpt>
   <trkpt lat="38.51127" lon="-8.92068"><ele>88.4</ele></trkpt>
   <trkpt lat="38.51160" lon="-8.92067"><ele>89.0</ele></trkpt>
   <trkpt lat="38.51173" lon="-8.92065"><ele>89.4</ele></trkpt>
   <trkpt lat="38.51190" lon="-8.92050"><ele>90.0</ele></trkpt>
   <trkpt lat="38.51193" lon="-8.92038"><ele>90.6</ele></trkpt>
   <trkpt lat="38.51187" lon="-8.91996"><ele>92.2</ele></trkpt>
   <trkpt lat="38.51185" lon="-8.91982"><ele>93.0</ele></trkpt>
   <trkpt lat="38.51189" lon="-8.91938"><ele>94.8</ele></trkpt>
   <trkpt lat="38.51190" lon="-8.91934"><ele>95.0</ele></trkpt>
   <trkpt lat="38.51204" lon="-8.91902"><ele>96.4</ele></trkpt>
   <trkpt lat="38.51226" lon="-8.91870"><ele>97.8</ele></trkpt>
   <trkpt lat="38.51246" lon="-8.91833"><ele>98.8</ele></trkpt>
   <trkpt lat="38.51249" lon="-8.91829"><ele>98.8</ele></trkpt>
   <trkpt lat="38.51254" lon="-8.91811"><ele>98.8</ele></trkpt>
   <trkpt lat="38.51252" lon="-8.91793"><ele>98.6</ele></trkpt>
   <trkpt lat="38.51237" lon="-8.91755"><ele>98.8</ele></trkpt>
   <trkpt lat="38.51227" lon="-8.91730"><ele>99.8</ele></trkpt>
   <trkpt lat="38.51222" lon="-8.91700"><ele>100.8</ele></trkpt>
   <trkpt lat="38.51226" lon="-8.91655"><ele>101.8</ele></trkpt>
   <trkpt lat="38.51226" lon="-8.91616"><ele>102.6</ele></trkpt>
   <trkpt lat="38.51233" lon="-8.91579"><ele>102.8</ele></trkpt>
   <trkpt lat="38.51239" lon="-8.91535"><ele>101.4</ele></trkpt>
   <trkpt lat="38.51241" lon="-8.91526"><ele>100.8</ele></trkpt>
   <trkpt lat="38.51259" lon="-8.91492"><ele>99.8</ele></trkpt>
   <trkpt lat="38.51281" lon="-8.91474"><ele>98.6</ele></trkpt>
   <trkpt lat="38.51308" lon="-8.91456"><ele>95.8</ele></trkpt>
   <trkpt lat="38.51324" lon="-8.91417"><ele>93.8</ele></trkpt>
   <trkpt lat="38.51339" lon="-8.91381"><ele>90.4</ele></trkpt>
   <trkpt lat="38.51343" lon="-8.91369"><ele>88.8</ele></trkpt>
   <trkpt lat="38.51338" lon="-8.91357"><ele>88.4</ele></trkpt>
   <trkpt lat="38.51322" lon="-8.91342"><ele>87.4</ele></trkpt>
   <trkpt lat="38.51311" lon="-8.91310"><ele>86.2</ele></trkpt>
   <trkpt lat="38.51310" lon="-8.91279"><ele>84.0</ele></trkpt>
   <trkpt lat="38.51311" lon="-8.91264"><ele>83.2</ele></trkpt>
   <trkpt lat="38.51325" lon="-8.91224"><ele>80.8</ele></trkpt>
   <trkpt lat="38.51330" lon="-8.91211"><ele>79.6</ele></trkpt>
   <trkpt lat="38.51350" lon="-8.91175"><ele>77.0</ele></trkpt>
   <trkpt lat="38.51364" lon="-8.91156"><ele>75.4</ele></trkpt>
   <trkpt lat="38.51390" lon="-8.91134"><ele>73.2</ele></trkpt>
   <trkpt lat="38.51415" lon="-8.91115"><ele>71.2</ele></trkpt>
   <trkpt lat="38.51443" lon="-8.91091"><ele>70.0</ele></trkpt>
   <trkpt lat="38.51456" lon="-8.91078"><ele>69.2</ele></trkpt>
   <trkpt lat="38.51475" lon="-8.91048"><ele>67.2</ele></trkpt>
   <trkpt lat="38.51497" lon="-8.91015"><ele>66.0</ele></trkpt>
   <trkpt lat="38.51511" lon="-8.90990"><ele>65.4</ele></trkpt>
   <trkpt lat="38.51534" lon="-8.90961"><ele>65.2</ele></trkpt>
   <trkpt lat="38.51538" lon="-8.90955"><ele>65.2</ele></trkpt>
   <trkpt lat="38.51563" lon="-8.90928"><ele>65.0</ele></trkpt>
   <trkpt lat="38.51584" lon="-8.90908"><ele>63.6</ele></trkpt>
   <trkpt lat="38.51595" lon="-8.90886"><ele>62.6</ele></trkpt>
   <trkpt lat="38.51603" lon="-8.90843"><ele>61.4</ele></trkpt>
   <trkpt lat="38.51607" lon="-8.90829"><ele>60.6</ele></trkpt>
   <trkpt lat="38.51624" lon="-8.90790"><ele>58.8</ele></trkpt>
   <trkpt lat="38.51648" lon="-8.90761"><ele>55.6</ele></trkpt>
   <trkpt lat="38.51672" lon="-8.90737"><ele>52.8</ele></trkpt>
   <trkpt lat="38.51694" lon="-8.90714"><ele>51.0</ele></trkpt>
   <trkpt lat="38.51715" lon="-8.90691"><ele>50.4</ele></trkpt>
   <trkpt lat="38.51736" lon="-8.90668"><ele>49.4</ele></trkpt>
   <trkpt lat="38.51743" lon="-8.90660"><ele>49.2</ele></trkpt>
   <trkpt lat="38.51763" lon="-8.90623"><ele>47.6</ele></trkpt>
   <trkpt lat="38.51778" lon="-8.90589"><ele>47.4</ele></trkpt>
   <trkpt lat="38.51796" lon="-8.90551"><ele>47.0</ele></trkpt>
   <trkpt lat="38.51814" lon="-8.90517"><ele>46.6</ele></trkpt>
   <trkpt lat="38.51817" lon="-8.90510"><ele>46.8</ele></trkpt>
   <trkpt lat="38.51838" lon="-8.90481"><ele>46.6</ele></trkpt>
   <trkpt lat="38.51862" lon="-8.90453"><ele>47.0</ele></trkpt>
   <trkpt lat="38.51878" lon="-8.90430"><ele>47.0</ele></trkpt>
   <trkpt lat="38.51875" lon="-8.90414"><ele>46.8</ele></trkpt>
   <trkpt lat="38.51848" lon="-8.90385"><ele>46.0</ele></trkpt>
   <trkpt lat="38.51827" lon="-8.90363"><ele>45.6</ele></trkpt>
   <trkpt lat="38.51825" lon="-8.90351"><ele>45.6</ele></trkpt>
   <trkpt lat="38.51839" lon="-8.90314"><ele>45.8</ele></trkpt>
   <trkpt lat="38.51851" lon="-8.90283"><ele>46.2</ele></trkpt>
   <trkpt lat="38.51872" lon="-8.90246"><ele>46.6</ele></trkpt>
   <trkpt lat="38.51879" lon="-8.90232"><ele>46.8</ele></trkpt>
   <trkpt lat="38.51900" lon="-8.90201"><ele>46.6</ele></trkpt>
   <trkpt lat="38.51920" lon="-8.90177"><ele>46.6</ele></trkpt>
   <trkpt lat="38.51948" lon="-8.90155"><ele>45.6</ele></trkpt>
   <trkpt lat="38.51951" lon="-8.90151"><ele>45.6</ele></trkpt>
   <trkpt lat="38.51955" lon="-8.90135"><ele>45.6</ele></trkpt>
   <trkpt lat="38.51975" lon="-8.90103"><ele>46.0</ele></trkpt>
   <trkpt lat="38.51993" lon="-8.90068"><ele>46.0</ele></trkpt>
   <trkpt lat="38.51996" lon="-8.90062"><ele>46.0</ele></trkpt>
   <trkpt lat="38.52010" lon="-8.90024"><ele>45.6</ele></trkpt>
   <trkpt lat="38.52023" lon="-8.89982"><ele>45.4</ele></trkpt>
   <trkpt lat="38.52030" lon="-8.89939"><ele>45.4</ele></trkpt>
   <trkpt lat="38.52036" lon="-8.89899"><ele>45.6</ele></trkpt>
   <trkpt lat="38.52040" lon="-8.89865"><ele>45.4</ele></trkpt>
   <trkpt lat="38.52036" lon="-8.89826"><ele>44.8</ele></trkpt>
   <trkpt lat="38.52031" lon="-8.89787"><ele>44.4</ele></trkpt>
   <trkpt lat="38.52026" lon="-8.89754"><ele>44.4</ele></trkpt>
   <trkpt lat="38.52027" lon="-8.89712"><ele>44.2</ele></trkpt>
   <trkpt lat="38.52027" lon="-8.89705"><ele>44.2</ele></trkpt>
   <trkpt lat="38.52032" lon="-8.89665"><ele>44.0</ele></trkpt>
   <trkpt lat="38.52040" lon="-8.89625"><ele>45.0</ele></trkpt>
   <trkpt lat="38.52049" lon="-8.89583"><ele>45.0</ele></trkpt>
   <trkpt lat="38.52056" lon="-8.89542"><ele>45.4</ele></trkpt>
   <trkpt lat="38.52063" lon="-8.89501"><ele>45.6</ele></trkpt>
   <trkpt lat="38.52072" lon="-8.89460"><ele>45.8</ele></trkpt>
   <trkpt lat="38.52079" lon="-8.89421"><ele>45.8</ele></trkpt>
   <trkpt lat="38.52087" lon="-8.89377"><ele>45.8</ele></trkpt>
   <trkpt lat="38.52094" lon="-8.89333"><ele>45.6</ele></trkpt>
   <trkpt lat="38.52100" lon="-8.89300"><ele>46.6</ele></trkpt>
   <trkpt lat="38.52104" lon="-8.89300"><ele>46.2</ele></trkpt>
   <trkpt lat="38.52105" lon="-8.89311"><ele>45.8</ele></trkpt>
   <trkpt lat="38.52097" lon="-8.89355"><ele>45.6</ele></trkpt>
   <trkpt lat="38.52090" lon="-8.89397"><ele>45.6</ele></trkpt>
   <trkpt lat="38.52083" lon="-8.89439"><ele>45.6</ele></trkpt>
   <trkpt lat="38.52079" lon="-8.89461"><ele>45.8</ele></trkpt>
   <trkpt lat="38.52080" lon="-8.89480"><ele>45.6</ele></trkpt>
   <trkpt lat="38.52088" lon="-8.89485"><ele>45.6</ele></trkpt>
   <trkpt lat="38.52122" lon="-8.89479"><ele>45.2</ele></trkpt>
   <trkpt lat="38.52157" lon="-8.89473"><ele>45.6</ele></trkpt>
   <trkpt lat="38.52189" lon="-8.89468"><ele>45.8</ele></trkpt>
   <trkpt lat="38.52222" lon="-8.89465"><ele>45.6</ele></trkpt>
   <trkpt lat="38.52255" lon="-8.89460"><ele>45.8</ele></trkpt>
   <trkpt lat="38.52288" lon="-8.89455"><ele>45.6</ele></trkpt>
   <trkpt lat="38.52293" lon="-8.89454"><ele>45.6</ele></trkpt>
   <trkpt lat="38.52302" lon="-8.89449"><ele>45.6</ele></trkpt>
   <trkpt lat="38.52307" lon="-8.89421"><ele>45.8</ele></trkpt>
   <trkpt lat="38.52312" lon="-8.89414"><ele>45.8</ele></trkpt>
   <trkpt lat="38.52342" lon="-8.89405"><ele>45.6</ele></trkpt>
   <trkpt lat="38.52351" lon="-8.89409"><ele>45.4</ele></trkpt>
   <trkpt lat="38.52363" lon="-8.89428"><ele>45.2</ele></trkpt>
   <trkpt lat="38.52389" lon="-8.89432"><ele>45.0</ele></trkpt>
   <trkpt lat="38.52421" lon="-8.89426"><ele>45.4</ele></trkpt>
   <trkpt lat="38.52451" lon="-8.89419"><ele>45.6</ele></trkpt>
   <trkpt lat="38.52484" lon="-8.89411"><ele>45.2</ele></trkpt>
   <trkpt lat="38.52517" lon="-8.89402"><ele>45.2</ele></trkpt>
   <trkpt lat="38.52548" lon="-8.89395"><ele>45.8</ele></trkpt>
   <trkpt lat="38.52564" lon="-8.89392"><ele>46.2</ele></trkpt>
   <trkpt lat="38.52596" lon="-8.89378"><ele>46.4</ele></trkpt>
   <trkpt lat="38.52627" lon="-8.89361"><ele>46.4</ele></trkpt>
   <trkpt lat="38.52656" lon="-8.89345"><ele>46.6</ele></trkpt>
   <trkpt lat="38.52680" lon="-8.89333"><ele>46.6</ele></trkpt>
   <trkpt lat="38.52699" lon="-8.89310"><ele>47.0</ele></trkpt>
   <trkpt lat="38.52723" lon="-8.89308"><ele>47.2</ele></trkpt>
   <trkpt lat="38.52752" lon="-8.89292"><ele>47.2</ele></trkpt>
   <trkpt lat="38.52783" lon="-8.89274"><ele>47.6</ele></trkpt>
   <trkpt lat="38.52813" lon="-8.89259"><ele>48.0</ele></trkpt>
   <trkpt lat="38.52843" lon="-8.89243"><ele>48.0</ele></trkpt>
   <trkpt lat="38.52872" lon="-8.89227"><ele>48.0</ele></trkpt>
   <trkpt lat="38.52905" lon="-8.89209"><ele>48.0</ele></trkpt>
   <trkpt lat="38.52933" lon="-8.89193"><ele>47.8</ele></trkpt>
   <trkpt lat="38.52949" lon="-8.89178"><ele>47.4</ele></trkpt>
   <trkpt lat="38.52965" lon="-8.89144"><ele>47.4</ele></trkpt>
   <trkpt lat="38.52967" lon="-8.89137"><ele>47.4</ele></trkpt>
   <trkpt lat="38.52975" lon="-8.89097"><ele>47.2</ele></trkpt>
   <trkpt lat="38.52983" lon="-8.89054"><ele>47.2</ele></trkpt>
   <trkpt lat="38.52987" lon="-8.89033"><ele>47.2</ele></trkpt>
   <trkpt lat="38.52993" lon="-8.89012"><ele>47.4</ele></trkpt>
   <trkpt lat="38.53010" lon="-8.88984"><ele>48.2</ele></trkpt>
   <trkpt lat="38.53014" lon="-8.88941"><ele>48.4</ele></trkpt>
   <trkpt lat="38.53023" lon="-8.88903"><ele>48.6</ele></trkpt>
   <trkpt lat="38.53034" lon="-8.88863"><ele>48.8</ele></trkpt>
   <trkpt lat="38.53040" lon="-8.88821"><ele>49.0</ele></trkpt>
   <trkpt lat="38.53038" lon="-8.88804"><ele>49.2</ele></trkpt>
   <trkpt lat="38.53043" lon="-8.88804"><ele>49.2</ele></trkpt>
   <trkpt lat="38.53056" lon="-8.88784"><ele>49.0</ele></trkpt>
   <trkpt lat="38.53056" lon="-8.88769"><ele>49.0</ele></trkpt>
   <trkpt lat="38.53067" lon="-8.88729"><ele>49.2</ele></trkpt>
   <trkpt lat="38.53075" lon="-8.88688"><ele>49.2</ele></trkpt>
   <trkpt lat="38.53077" lon="-8.88682"><ele>49.2</ele></trkpt>
   <trkpt lat="38.53078" lon="-8.88659"><ele>49.0</ele></trkpt>
   <trkpt lat="38.53064" lon="-8.88620"><ele>50.0</ele></trkpt>
   <trkpt lat="38.53051" lon="-8.88587"><ele>50.8</ele></trkpt>
  </trkseg>
 </trk>
</gpx>
